154A,GAIA 
5866,WizBiz 
422A,taneCREATIVE 
30760,Ai Holdings Corporation 
5249,????????? 
48860,"ASKA Pharmaceutical Holdings CO., Ltd. "
71830,"Anshin Guarantor Service Co.,Ltd. "
72020,ISUZU MOTORS LIMITED 
23370,Ichigo Inc. 
86240,"Ichiyoshi Securities Co.,Ltd. "
97680,IDEA Consultants.Inc. 
41660,Cacco Inc. 
26120,KADOYA SESAME MILLS INCORPORATED 
26950,"Kura Sushi,Inc. "
37780,SAKURA internet Inc. 
64590,DAIWA LTD. 
71310,NOMURA CORPORATION 
28310,HAGOROMO FOODS CORPORATION 
43370,PIA CORPORATION 
68360,"PLAT'HOME CO.,LTD. "
84250,"Mizuho Leasing Company, Limited "
45120,"WAKAMOTO PHARMACEUTICAL CO.,LTD. "
29180,"WARABEYA NICHIYO HOLDINGS CO.,LTD. "
97530,IX Knowledge Incorporated 
75090,i.a groupcorporation 
42060,"Aica Kogyo Company, Limited "
68200,ICOM INCORPORATED 
46670,"AISAN TECHNOLOGY CO.,LTD. "
87080,"AIZAWA SECURITIES GROUP CO., LTD. "
61180,"AIDA ENGINEERING,LTD. "
21480,ITmedia Inc. 
444A,???? 
39200,"Internetworking and Broadband Consulting Co.,Ltd. "
67180,"AIPHONE CO.,LTD "
21980,IKK Holdings Inc. 
24590,"AUN CONSULTING,Inc. "
68320,"AOI ELECTRONICS CO.,LTD. "
51420,Achilles Corporation 
35360,"AXAS HOLDINGS CO.,LTD. "
82550,Axial Retailing Inc. 
93440,Axis Consulting Corporation 
351A,????IT?????? 
271A,????? 
36240,AXEL MARK INC. 
68880,ACMOS INC. 
34670,Agratio urban design Inc. 
85720,"ACOM CO.,LTD. "
93110,ASAGAMI COPORATION 
25020,"ASAHI GROUP HOLDINGS,LTD. "
99590,"ASEED HOLDINGS CO.,LTD. "
42610,"AsiaQuest Co.,Ltd. "
52880,ASIA PILE HOLDINGS CORPORATION 
92330,"Asia Air Survey Co.,Ltd. "
72270,ASKA CORPORATION 
26780,ASKUL Corporation 
80950,"Astena Holdings Co., Ltd. "
45030,Astellas Pharma Inc. 
38530,ASTERIA Corporation 
71620,"ASTMAX Co., Ltd. "
68450,Azbil Corporation 
32930,"AZUMA HOUSE Co.,Ltd. "
74760,AS ONE CORPORATION 
35650,Ascentech K.K. 
31610,AZEARTH Corporation 
50750,"Upcon Co., Ltd. "
27880,"APPLE INTERNATIONALCO.,LTD. "
35290,"ATSUGI CO., LTD. "
70930,"adish Co., Ltd. "
46250,"ATOMIX CO., LTD. "
34260,"ATOM LIVIN TECH Co.,Ltd. "
60290,Artra Group Corporation 
38370,Ad-Sol Nissin Corporation 
87150,"Anicom Holdings,Inc. "
63810,ANEST IWATA Corporation 
78360,"AVIX,Inc. "
30200,"Applied Co., Ltd. "
59520,Amatei Incorporated 
64360,Amano Corporation 
21950,"AMITA HOLDINGS CO.,LTD. "
60810,"Allied Architects, Inc. "
68350,ALLIED TELESIS HOLDINGS K.K. 
28150,"ARIAKE JAPAN Co.,Ltd. "
59330,ALINCO INCORPORATED 
30360,ALCONIX CORPORATION 
99720,"ALTECH CO., LTD. "
74750,"ALBIS Co.,Ltd. "
297A0,"ALPICO HOLDINGS CO.,LTD. "
27840,Alfresa Holdings Corporation 
67700,"ALPS ALPINE CO., LTD. "
59280,"ALMETAX MANUFACTURING CO.,LTD. "
70430,"Alue Co., Ltd. "
45630,"AnGes, Inc. "
67540,ANRITSU CORPORATION 
60850,ARCHITECTS STUDIO JAPAN INC. 
98420,ARCLANDS CORPORATION 
49850,Earth Corporation 
34190,"ArtGreen Co.,Ltd "
75230,"ART VIVANT CO.,LTD. "
85700,"AEON Financial Service Co.,Ltd. "
26530,"AEON KYUSHU CO., LTD. "
75120,Aeon Hokkaido Corporation 
82670,"AEON Co.,Ltd. "
46240,"Isamu Paint co., Ltd. "
143A0,"Ishin Co., Ltd. "
35130,"ICHIKAWA CO., LTD. "
98800,INNOTECH CORPORATION 
504A0,????? 
40620,"IBIDEN CO.,LTD. "
29240,"Ifuji Sangyo Co., Ltd. "
46440,"Imagineer Co.,Ltd. "
38030,Image Information Inc. 
69080,"IRISO ELECTRONICS CO., LTD. "
59830,IWABUCHI CORPORATION 
66560,inspec Inc. 
279A,????? 
14180,"INTERLIFE HOLDINGS CO.,LTD. "
58420,Integral Corporation 
192A0,Integroup Inc. 
281A0,"Informetis Co., Ltd. "
50760,INFRONEER Holdings Inc. 
64860,"EAGLE INDUSTRY CO.,LTD. "
24930,"E-SUPPORTLINK,Ltd. "
44200,"eSOL Co.,Ltd. "
95170,"eREX Co.,Ltd. "
60500,E-Guardian Inc. 
87710,"eGuarantee,Inc. "
96100,WILSON LEARNING WORLDWIDE INC. 
44320,WingArc1st Inc. 
67210,Wintest Corp. 
31830,"WIN-Partners Co., Ltd. "
252A,???? 
37720,"Wealth Management, Inc. "
21170,"WELLNEO SUGAR Co., Ltd. "
366A0,Wellness Communications Corporation 
24280,WELLNET CORPORATION 
7136,"WELLBIN GROUP CO.,Ltd. "
39910,"Wantedly,Inc "
69250,USHIO INC. 
418A0,???? 
42350,"Ultrafabrics Holdings Co.,Ltd. "
40880,AIR WATER INC. 
72650,"EIKEN INDUSTRIES CO.,LTD "
82420,H2O RETAILING CORPORATION 
78600,Avex Inc. 
55710,"Excite Holdings Co.,Ltd. "
19510,"EXEO Group, Inc. "
39870,Ecomott Inc. 
74270,"ECHO TRADING CO.,LTD. "
57210,S Crypto Energy Inc. 
46280,"SK KAKEN CO.,LTD. "
78720,"ESTELLE HOLDINGS CO.,LTD. "
49510,S.T.CORPORATION 
22920,s foods inc. 
68590,ESPEC CORP. 
88770,ESLEAD CORPORATION 
57420,"NIC Autotec,Inc. "
144A,???????? 
28190,"EBARAFoodsIndustry,Inc. "
92200,"FB CARE SERVICE CO.,LTD. "
65990,"EBRAINS,INC. "
59060,"MK SEIKO CO., LTD. "
24130,"M3, Inc. "
98200,MT GENEX CORPORATION 
5594,??/??/?? 
89140,"Arealink Co.,Ltd. "
67500,"ELECOM CO.,LTD. "
353A0,"Elevator Communications Co.,Ltd. "
36820,"Encourage Technologies Co.,Ltd. "
62180,ENSHU Limited 
48490,en inc. 
45230,"Eisai Co., Ltd. "
31820,Oisix ra daichi Inc. 
62820,OILES CORPORATION 
25330,"Oenon Holdings, Inc. "
62940,OKADA AIYON CORPORATION 
560A,??????????? 
51220,"OKAMOTO INDUSTRIES,INC. "
69140,"OPTEX GROUP Company,Limited "
66450,OMRON CORPORATION 
63800,"ORIENTAL CHAIN MFG. CO., LTD. "
17860,Oriental Shiraishi Corporation 
409A0,"orion breweries,ltd. "
48000,Oricon Inc. 
46420,"ORIGINAL ENGINEERING CONSULTANTS CO.,LTD "
85910,ORIX CORPORATION 
77330,OLYMPUS CORPORATION 
63680,ORGANO CORPORATION 
26890,"OLBA DVx HEALTHCARE,Inc. "
45640,"OncoTherapy Science, Inc. "
45880,Oncolys BioPharma Inc. 
31430,O'will Corporation 
76700,O-WELL CORPORATION 
61360,OSG Corporation 
61030,OKUMA Corporation 
58160,"Onamba Co.,Ltd. "
65720,"OPEN Group, Inc. "
51390,OpenWork Inc. 
35830,AuBEX CORPORATION 
31110,"OMIKENSHI CO.,LTD. "
28110,"KAGOME CO.,LTD. "
69520,"CASIO COMPUTER CO.,LTD. "
74210,"KAPPA.CREATE CO.,LTD. "
70040,Kanadevia Corporation 
58190,"Canare Electric Co., Ltd. "
13760,"KANEKO SEEDS CO., LTD. "
59790,"KANESO CO.,LTD. "
26690,"Kanemi Co.,Ltd. "
52530,COVER Corporation 
80370,KAMEI CORPORATION 
72420,KYB Corporation 
45720,"Carna Biosciences, Inc. "
22290,"CALBEE,Inc. "
78510,"KAWASE COMPUTTER SUPPLIES CO., LTD. "
90590,"Kanda Holdings Co.,Ltd "
22160,Kanro Inc. 
64200,GALILEI HOLDINGS CO. LTD. 
37650,"GungHo Online Entertainment, Inc. "
285A0,Kioxia Holdings Corporation 
63460,"KIKUKAWA ENTERPRISE,INC. "
28010,KIKKOMAN CORPORATION 
45840,Kidswell Bio Corporation 
45470,"KISSEI PHARMACEUTICAL CO.,LTD. "
93680,"KIMURA UNITY CO.,LTD. "
60700,"CAREERLINK CO.,LTD. "
80600,Canon Marketing Japan Inc. 
77510,CANON INC. 
65710,"QB Net Holdings Co.,Ltd. "
28090,Kewpie Corporation 
25030,"Kirin Holdings Company, Limited "
37990,Keyware Solutions Inc. 
25940,key coffee inc 
23750,GIG Works Inc. 
590A0,"giftee Group, Inc. "
70600,geechs inc. 
48940,Cuorips Inc. 
23380,"Quantum Solutions Co.,Ltd. "
30340,"Qol Holdings Co.,Ltd. "
276A0,CCReB Advisors Inc. 
21930,Cookpad Inc. 
65580,"Cookbiz Co.,Ltd. "
53880,"KUNIMINE INDUSTRIES CO.,LTD "
77090,KUBOTEK CORPORATION 
49960,"KUMIAI CHEMICAL INDUSTRY CO., LTD. "
0,Crasus Chemical Inc. 
442A0,"Classico,Inc. "
299A0,"Kurashiru,Inc. "
42400,"CLUSTER TECHNOLOGY CO.,LTD. "
29980,CREAL Inc. 
30240,CREATE CORPORATION 
51870,"CREATE MEDIC CO.,LTD. "
79550,Cleanup Corporation 
432A,?????? 
33550,KURIYAMA HOLDINGS CORPORATION 
48840,"Kringle Pharma,Inc. "
21380,"CROOZ,Inc. "
33200,CROSS PLUS INC. 
81040,KUWAZAWA Holdings Corporation 
89990,Grandy House Corporation 
7137,?????? 
36320,"GREE Holdings, Inc. "
157A0,Green Monster Inc. 
96560,greenland resort company limited 
266A,???????????? 
244A0,"Growth X Partners, Inc. "
71260,"Global Style Co.,Ltd. "
44170,Global Security Experts Inc. 
277A0,Globe-ing Inc. 
79900,"GLOBERIDE, Inc. "
89380,"GLOME Holdings, Inc. "
64570,GLORY LTD. 
30020,GUNZE LIMITED 
34650,"KI-STAR REAL ESTATE CO.,LTD "
30350,ktk INC. 
93120,"THE KEIHIN CO., LTD. "
49600,"CHEMIPRO KASEI KAISHA,LTD "
69190,KEL CORPORATION 
29150,"KENKO Mayonnaise Co., Ltd. "
24110,GENDAI AGENCY INC. 
25790,Coca-Cola Bottlers Japan Holdings Inc. 
79840,"KOKUYO CO.,LTD. "
50210,"COSMO ENERGY HOLDINGS COMPANY,LIMITED "
33860,"COSMO BIO COMPANY, LIMITED "
49230,"COTA CO.,LTD. "
97660,KONAMI GROUP CORPORATION 
49020,"KONICA MINOLTA, INC. "
49560,"KONISHI CO.,LTD. "
17210,COMSYS Holdings Corporation 
37390,CommSeed Corporation 
38440,COMTURE CORPORATION 
146A0,Columbia Works Inc. 
74380,kondotec inc. 
62650,CONVUM Ltd. 
44910,"Computer Management Co.,Ltd. "
92730,"KOA SHOJI HOLDINGS CO.,LTD. "
177A0,"Kohjin Bio Co., Ltd. "
69050,"COSEL CO.,LTD. "
75160,"KOHNAN SHOJI CO.,LTD. "
70810,"Koyou Rentia Co.,Ltd. "
37440,SIOS Corporation 
19990,SAITA CORPORATION 
38100,"CyberStep Holdings, Inc. "
436A0,???????????? 
44980,"Cybertrust Japan Co.,Ltd. "
428A0,"Cypress Holdings Co.,Ltd. "
47760,"Cybozu, Inc. "
31230,"SAIBO Co.,Ltd. "
39960,Signpost Corporation 
46330,SAKATA INX CORPORATION 
66750,"SAXA, Inc. "
42630,"SUSMED, Inc. "
25010,SAPPORO BREWERIES LIMITED 
35440,"SATUDORA HOLDINGS CO.,LTD. "
29230,"SATO FOODS CO., LTD. "
70220,Sanoyas Holdings Corporation 
63870,SAMCO INC. 
48870,"SAWAI GROUP HOLDINGS Co., Ltd. "
49950,"SANKEI CHEMICAL CO.,LTD. "
67070,"Sanken Electric Co.,Ltd. "
34350,"SANKO TECHNO CO,.LTD. "
59850,SUNCALL CORPORATION 
63070,"SANSEI CO.,LTD. "
64440,SANDEN CORPORATION 
25870,Suntory Beverage & Food Limited 
89450,SUNNEXTA GROUP Inc. 
45920,SanBio Company Limited 
89340,"Sun Frontier Fudousan Co.,Ltd. "
78830,"Sun Messe Co.,Ltd. "
14200,Sanyo Homes Corporation 
74860,"sanrin co.,ltd. "
81370,sun-wa technos corporation 
67360,SUNCORPORATION 
50290,circlace Inc 
67690,"THine Electronics, Inc. "
39500,THE PACK CORPORATION 
39890,SHARINGTECHNOLOGY INC. 
31090,SHIKIBO LTD. 
77130,"SIGMAKOKI CO.,LTD. "
37660,"SYSTEMS DESIGN Co.,Ltd. "
24800,"System Location Co.,Ltd. "
68690,SYSMEX CORPORATION 
77620,"Citizen Watch Co., Ltd. "
33600,"SHIP HEALTHCARE HOLDINGS, INC. "
81320,"SHINANEN HOLDINGS CO., LTD. "
29030,"shinobu foods products co., ltd "
250A0,Shimadaya Corporation 
67530,Sharp Corporation 
31790,"Syuppin Co.,Ltd. "
14140,"SHO-BOND Holdings Co., Ltd. "
66580,"Shirai Electronics Indutrial Co.,Ltd "
62760,"SiriusVision CO., LTD. "
39070,Silicon Studio Corporation 
506A,?????? 
17240,SYNCLAYER INC. 
31310,Shinden Hightex Corporation 
45820,SymBio Pharmaceuticals Limited 
65070,"SINFONIA TECHNOLOGY CO., LTD. "
43730,"Simplex Holdings, Inc. "
60860,"Shin Maint Holdings Co.,Ltd. "
76130,SIIX Corp. 
8921,???????? 
35580,"JADE GROUP,Inc. "
520A0,"J-Pharma Co.,Ltd. "
29340,"J Frontier Co.,Ltd. "
71870,"J-LEASE CO.,LTD. "
37790,"J ESCOM HOLDINGS,INC. "
99910,GECOSS CORPORATION 
52820,GEOSTR Corporation 
69070,"GEOMATEC CO.,LTD. "
31570,GEOLIVE Group Corporation 
53420,Janis Ltd. 
95580,"Japaniace Co.,Ltd. "
65440,"JAPAN ELEVATOR SERVICE HOLDINGS CO.,LTD. "
71350,"JAPAN CRAFT HOLDINGS CO., LTD. "
60550,"JAPAN MATERIAL Co.,Ltd. "
92360,Japan M&A Solution Incorporated 
85950,"JAFCO Group Co., Ltd. "
37100,"Jorudan Co.,Ltd. "
76030,"Gyet Co., Ltd. "
255A0,"GLTECHNO HOLDINGS, INC. "
92040,Skymark Airlines Inc. 
94120,SKY Perfect JSAT Corporation 
41200,"SUGAI CHEMICAL INDUSTRY CO., LTD. "
76490,"SUGI HOLDINGS CO.,LTD. "
72690,suzuki motor corporation 
74800,SUZUDEN CORPORATION 
69230,"Stanley Electric Co.,Ltd. "
30830,"Star seeds Co.,Ltd. "
80430,Starzen Company Limited 
88500,starts corporation inc. 
78490,Starts Publishing Corporation 
33930,"Startia Holdings,Inc. "
29750,"Star Mica Holdings Co.,Ltd. "
41090,STELLA CHEMIFA CORPORATION 
48880,STELLA PHARMA CORPORATION 
96320,"Subaru Enterprise Co., Ltd. "
41920,SpiderPlus & Co. 
87390,"SPARX Group Co., Ltd. "
48380,SPACE SHOWER SKIYAKI HOLDINGS INC. 
68170,SUMIDA CORPORATION 
83580,Suruga Bank Ltd. 
92530,Slogan Inc. 
39450,"Superbag Company,Limited "
67240,SEIKO EPSON CORPORATION 
80500,SEIKO GROUP CORPORATION 
90760,"SEINO HOLDINGS CO.,LTD. "
50280,"SecondXight Analytica,Inc. "
64600,SEGA SAMMY HOLDINGS INC. 
78570,"SEKI CO.,LTD. "
39680,"Segue Group Co,.Ltd. "
97350,"SECOM CO., LTD. "
74640,"SAFTEC CO.,LTD. "
78960,"SEVEN INDUSTRIES CO.,LTD. "
48800,"CellSource Co.,Ltd. "
73180,"SERENDIP HOLDINGS Co.,Ltd. "
90510,"SENKON LOGISTICS CO., LTD. "
90690,"SENKO Group Holdings Co.,Ltd. "
490A,???/???? 
48010,"CENTRAL SPORTS CO.,LTD. "
76750,"Central Forest Group, Inc. "
40440,"Central Glass Co.,Ltd. "
32380,"CENTRAL GENERAL DEVELOPMENT CO.,LTD. "
97400,"CENTRAL SECURITY PATROLS CO.,LTD. "
43750,Safie Inc. 
79920,"The Sailor Pen Co.,Ltd. "
21560,SAYLOR ADVERTISING.INC. 
35690,"seiren co.,ltd. "
81350,ZETT CORPORATION 
62670,"GENERAL PACKER CO., LTD. "
82810,"XEBIO HOLDINGS CO.,LTD. "
45590,"ZERIA PHARMCEUTICAL CO., LTD. "
67580,SONY GROUP CORPORATION 
87290,Sony Financial Group Inc. 
99840,SoftBank Group Corp. 
94340,SoftBank Corp. 
36710,"SOFTMAX CO.,LTD "
81520,SOMAR CORPORATION 
45970,Solasia Pharma K.K. 
98670,Solekia Limited 
39290,"SOCIALWIRE CO., LTD. "
43440,SOURCENEXT CORPORATION 
81580,"SODA NIKKA CO., LTD. "
21860,Sobal Corporation 
42310,TIGERS POLYMER CORPORATION 
90870,TAKASE CORPORATION 
78850,"TAKANO CO.,Ltd. "
79810,"TAKARA STANDARD CO.,LTD. "
99820,"Takihyo Co., Ltd. "
61500,"TAKEDA MACHINERY CO., LTD. "
62660,"TAZMO CO.,LTD "
26680,Tabio Corporation 
14190,"Tama Home Co., Ltd. "
61810,Tameny Inc. 
42460,DaikyoNishikawa Corporation 
63670,"DAIKIN INDUSTRIES, LTD. "
64300,"DAIKOKU DENKI CO.,LTD. "
76730,"DAIKO TSUSAN CO.,LTD. "
61380,"DIJET INDUSTRIAL CO., LTD. "
19800,"DAI-DAN CO.,LTD. "
32020,"Daitobo Co., Ltd. "
76090,"Daitron Co.,Ltd. "
43660,Daito Chemix Corporation 
45770,"Daito Pharmaceutical Co., Ltd. "
25900,"DyDo GROUP HOLDINGS,INC. "
39470,"Dynapac Co., Ltd. "
336A0,"Dynamic Map Platform Co.,Ltd. "
59510,"Dainichi Co., Ltd. "
35510,DYNIC CORPORATION 
60230,"DAIHATSU INFINEARTH MFG.CO.,LTD. "
66990,"DIAMOND ELECTRIC HOLDINGS CO.,LTD. "
31070,"Daiwabo Holdings Co.,Ltd. "
66190,W-SCOPE Corporation 
53370,DANTO HOLDINGS CORPORATION 
39330,"CHIeru Co.,Ltd. "
40980,"Titan Kogyo, Ltd. "
31780,"CHIMNEY CO., LTD. "
598A0,"ChatPlus Co., Ltd. "
68030,TEAC CORPORATION 
40550,T&S Group Inc. 
31720,"Tea Life Co.,Ltd "
40270,TAYCA CORPORATION 
73130,"TS TECH CO., LTD. "
429A0,Tekscend Photomask Corp. 
30890,"Techno Alpha Co.,Ltd. "
66290,"TECHNO HORIZON CO.,LTD. "
37620,TECHMATRIX CORPORATION 
36270,TECMIRA HOLDINGS INC. 
50740,"TESS Holdings Co., Ltd. "
36250,Techfirm Holdings Inc. 
39850,TEMONA.inc. 
483A0,???????? 
35210,"THERMAE-YU HOLDINGS CO.,LTD. "
45430,TERUMO CORPORATION 
82070,"TEN ALLIED CO.,LTD. "
23790,DIP corporation 
65490,"DM Solutions Co.,Ltd "
49800,Dexerials Corporation 
23260,Digital Arts Inc. 
350A0,DIGITAL GRID Corporation 
39160,Digital Information Technologies Corporation 
33920,"DELICA FOODS HOLDINGS CO.,LTD. "
40610,Denka Company Limited 
65170,"Denyo Co.,Ltd. "
39050,Datasection Inc. 
44410,Tobila Systems Inc. 
72310,"TOPY INDUSTRIES,LIMITED "
68980,"TOMITA ELECTRIC CO.,LTD. "
86000,"TOMONY Holdings,Inc. "
40580,"Toyokumo,Inc. "
31160,TOYOTA BOSHOKU CORPORATION 
72030,TOYOTA MOTOR CORPORATION 
98300,TRUSCO NAKAYAMA CORPORATION 
32860,TRUST Holdings Inc. 
97150,transcosmos inc. 
63820,TRINITY INDUSTRIAL CORPORATION 
80770,TORQ Inc. 
87040,"Traders Holdings Co.,Ltd. "
66160,TOREX SEMICONDUCTOR LTD. 
60690,"Trenders, Inc. "
47040,Trend Micro Incorporated 
93650,TRADIA CORPORATION 
34330,"TOCALO Co.,Ltd. "
89230,TOSEI CORPORATION 
59560,"TOSO CO., LTD. "
63690,TOYO KANETSU K.K. 
77910,"DREAMBED CO.,LTD. "
80890,Nice Corporation 
56180,Nyle Inc. 
355A,?????? 
79870,"NAKABAYASHI CO.,LTD. "
74470,"NAGAILEBEN Co.,Ltd. "
46270,"NATOCO CO.,LTD. "
62680,Nabtesco Corporation 
80850,"NARASAKI SANGYO CO.,LTD. "
96990,"NISHIO HOLDINGS CO., LTD. "
53930,NICHIAS CORPORATION 
69960,nichicon corporation 
79430,NICHIHA CORPORATION 
42180,"NICHIBAN CO., LTD "
80910,"NICHIMO CO.,LTD. "
50110,"NICHIREKI GROUP CO., LTD. "
90720,"NIKKON Holdings Co.,Ltd. "
53430,NIKKO COMPANY 
51860,Nitta Corporation 
58430,"Nippon Insure Co., Ltd. "
38910,NIPPON KODOSHI CORPORATION 
65940,NIDEC CORPORATION 
42620,"NIFTY Lifestyle Co.,Ltd "
80860,NIPRO CORPORATION 
78200,"NIHON FLUSH CO.,LTD. "
40560,Neural Group Inc. 
589A0,??? 
48140,Nextware Ltd. 
45650,"Nxera Pharma Co., Ltd. "
36220,Netyear Group Corporation 
79850,NEPON Inc. 
48930,Noile-Immune Biotech Inc. 
52570,"NOVA SYSTEM CO.,LTD. "
53310,"NORITAKE CO., LIMITED "
77440,"Noritsu Koki Co.,Ltd. "
307A,?????/???? 
28100,HOUSE FOODS GROUP INC. 
38950,HAVIX CORPORATION 
74440,"Harima-Kyowa Co.,LTD. "
44100,"HARIMA CHEMICALS GROUP, INC. "
275A0,"Hanwa Home's Co., Ltd. "
92700,Valuence Holdings Inc. 
92380,"VALUE CREATION CO.,LTD. "
24910,"ValueCommerce Co., Ltd. "
44420,"VALTES HOLDINGS CO.,LTD. "
66120,BALMUDA Inc. 
51950,"Bando Chemical Industries, Ltd. "
61930,"virtualex holdings, inc. "
56950,"Powdertech Co., Ltd. "
4426,???? 
67520,Panasonic Holdings Corporation 
48090,Paraca Inc. 
68940,"PULSTEC INDUSTRIAL CO.,LTD. "
27780,"PALEMO HOLDINGS CO.,LTD. "
61650,"PUNCH INDUSTRY CO.,LTD. "
46660,"PARK24 Co., Ltd. "
21810,"PERSOL HOLDINGS CO.,LTD. "
549A0,"HITO-TO-HITO Holdings Co.,Ltd. "
24690,Hibino Corporation 
322A,????? 
321A,????????? Holdings 
24150,"Human Holdings Co., Ltd. "
60900,"Human Metabolome Technologies, Inc. "
30030,"Hulic Co.,Ltd. "
30590,"HIRAKI CO.,LTD. "
71850,Hirose Tusyo Inc. 
68060,"HIROSE ELECTRIC CO.,LTD. "
33460,"HIROTA GROUP HOLDINGS Co.,Ltd. "
64330,"HEPHAIST CO.,LTD. "
48280,Business Engineering Corporation 
95620,Business Coach Inc. 
48270,"Business One Holdings Co., Ltd. "
41940,Visional 
93450,"Bizmates, Inc. "
36230,Billing System Corporation 
92160,"Bewith, Inc. "
40200,BETREND CORPORATION 
50150,BP Castrol K.K. 
43810,"BPLATS,Inc. "
34160,PIXTA Inc. 
79560,PIGEON CORPORATION 
18710,"PS Construction Co., Ltd. "
78650,"People Co., Ltd. "
96290,PCA CORPORATION 
93250,PHYZ Holdings Inc. 
69540,FANUC CORPORATION 
55880,"Fast Accounting Co.,Ltd. "
14300,First-corporation Inc. 
34540,"First Brothers Co., Ltd. "
89170,"First Juken Co.,Ltd. "
27960,Pharmarise Holdings Corporation 
212A0,FIT-EASY 
87130,FIDEA Holdings Co. Ltd. 
87890,FinTech Global Incorporated 
40520,Ficha Inc. 
70680,Feedforce Group Inc. 
20600,"FEED ONE CO.,LTD. "
27360,"Festaria Holdings Co.,Ltd. "
67940,"Foster Electric Company, Limited "
304A0,"FORCIA, Inc. "
70890,"for Startups, Inc. "
34770,"FORLIFE Co., Ltd. "
69600,"FUKUDA DENSHI CO.,LTD. "
78710,"FUKUVI CHEMICAL INDUSTRY CO.,LTD. "
284A,????? 
72990,FUJI OOZX Inc. 
79570,"FUJICOPIAN CO., LTD. "
29080,"FUJICCO CO., LTD. "
42370,Fujipream Corporation 
88600,FUJI CORPORATION LIMITED 
21140,Fuji Nihon Corporation 
72410,"FUTABA INDUSTRIAL CO., LTD. "
49980,FUMAKILLALIMITED 
39770,"Fusion Co.,Ltd. "
47220,Future Corporation 
78400,"FRANCE BED HOLDINGS CO.,LTD. "
387A0,"Fuller, Inc. "
62380,FURYU CORPORATION 
63430,FREESIA MACROSS CORPORATION 
38430,"FreeBit Co., Ltd. "
44780,freee K.K. 
65460,Fulltech Co.Ltd. 
92210,FULUHASHI EPO CORPORATION 
70380,Frontier Management Inc. 
7132,????? 
92780,BOOKOFF GROUP HOLDINGS LIMITED 
92720,"Boutiques, Inc. "
45940,"BrightPath Biotherapeutics Co., Ltd. "
64480,BROTHER INDUSTRIES LTD. 
70670,Branding Technology Inc. 
70390,BRIDGE International Group Corp. 
92250,Bridge Consulting Group Inc. 
28040,"BULL-DOG SAUCE CO.,LTD. "
55970,"Blue innovation Co., Ltd. "
40750,"Brains Technology,Inc. "
73430,"Broad-Minded Co.,Ltd. "
43470,Broadmedia Corporation 
22810,"Prima Meat Packers, Ltd. "
367A0,"Primo Global Holdings Co., Ltd. "
78050,PRINTNET INC. 
77070,"Precision System Science Co., Ltd. "
72460,"PRESS KOGYO CO.,LTD. "
49340,"Premier Anti-Aging Co.,Ltd. "
71990,"Premium Group Co., Ltd. "
339A0,"PROGRESS TECHNOLOGIES GROUP,Inc. "
43890,"Property Data Bank,Inc. "
69270,"Helios Techno Holding Co.,Ltd. "
40680,Basis Corporation 
14330,"BESTERRA CO., LTD "
13830,"Berg Earth co.,Ltd. "
70480,VELTRA Corporation 
29360,"BASE FOOD, Inc. "
44810,"BASE CO.,LTD. "
40150,Paycloud Holdings Inc. 
71400,Petgo Corporation 
45870,PeptiDream Inc. 
96790,"HORAI Co.,Ltd. "
78970,"HOKUSHIN CO.,LTD. "
13790,HOKUTO CORPORATION 
64650,HOSHIZAKI CORPORATION 
68040,Hosiden Corporation 
62770,HOSOKAWA MICRON CORPORATION 
59020,HOKKAN HOLDINGS LIMITED 
30770,"Horiifoodservice Co.,Ltd. "
67450,HOCHIKI CORPORATION 
29990,"Home Position Co.,Ltd. "
92640,"Puequ Co., LTD. "
42470,"POVAL KOGYO CO.,LTD. "
30100,"Polaris Holdings Co., Ltd. "
51260,PORTERS CORPORATION 
70470,PORT INC. 
36570,"Pole To Win Holdings, Inc. "
92270,"Microwave Chemical Co., Ltd. "
53810,Mipox Corporation 
68100,"Maxell, Ltd. "
31320,"MACNICA HOLDINGS,INC. "
81980,"Maxvalu Tokai Co., Ltd. "
64540,"MAX CO., LTD. "
72610,Mazda Motor Corporation 
156A0,Material Group inc. 
77300,"MANI, INC. "
86980,"Monex Group, Inc. "
65920,"MABUCHI MOTOR CO., LTD. "
79910,"MAMIYA-OP CO.,LTD. "
25510,"MARUSAN-AI CO.,LTD. "
75240,MARCHE CORPORATION 
561A,??????? 
39010,"MarkLines Co.,Ltd. "
56190,"MRSO.,Inc "
31210,"MBK Co.,Ltd. "
71290,Miahelsa Holdings Corporation 
55350,MIGALO HOLDINGS Inc. 
61590,"MICRON MACHINERY CO., LTD. "
33210,"MITACHI CO.,LTD. "
60930,"MITRA Group, Inc. "
68620,MINATO HOLDINGS INC. 
99460,"MINISTOP CO., LTD. "
64790,MINEBEA MITSUMI Inc. 
191A,??? 
44040,"MiyoshiOil&FatCo.,Ltd. "
42380,"Miraial Co.,Ltd "
332A0,MEEQ Inc. 
79270,MUTO SEIKO CO. 
547A0,Muninova Holdings Inc. 
74770,MURAKI CORPORATION 
81150,"MOONBAT Co., Ltd. "
95510,"METAWATER Co.,Ltd. "
49710,MEC COMPANY LTD. 
31540,"MEDIUS HOLDINGS Co.,Ltd. "
38240,Media Five Co. 
92420,"Media Research Institute,Inc. "
199A,????? 
77490,"MEDIKIT CO.,LTD "
50310,Moi Corporation 
43700,Mobilus Corporation 
59860,"MOLITEC STEEL CO.,LTD. "
98370,"MORITO CO.,LTD. "
54640,MORY INDUSTRIES INC. 
22170,Morozoff Limited 
29840,"Yamaichi Real Estate Co.,Ltd "
52840,"YAMAU HOLDINGS CO., LTD. "
71300,"YAMAE GROUP HOLDINGS CO.,LTD. "
92650,"YAMASHITA HEALTH CARE HOLDINGS,INC. "
62400,YAMASHIN-FILTER CORP. 
78860,"YAMATO Mobility & Mfg.Co.,Ltd. "
81270,YAMATOINTERNATIONALINC. 
90640,"YAMATO HOLDINGS CO.,LTD. "
79510,YAMAHA CORPORATION 
72720,"Yamaha Motor Co., Ltd. "
66300,YA-MAN LTD. 
80060,"YUASA FUNASHOKU CO.,LTD. "
13750,"YUKIGUNI FACTORY CO.,LTD. "
28060,YUTAKA FOODS CORPORATION 
32220,United Super Markets Holdings Inc. 
24970,"UNITED, Inc. "
35570,UNITED&COLLECTIVE CO.LTD. 
44860,Unite and Grow Inc. 
62780,UNION TOOL CO. 
71280,UNISOL Holdings Corporation 
31030,UNITIKA LTD. 
35660,"UNIFORM NEXT CO., LTD. "
59490,UNIPRES CORPORATION 
81130,UNICHARM CORPORATION 
43720,"YMIRLINK,Inc. "
431A0,"uSonar Co., Ltd "
70650,UPR Corporation 
66150,"UMC Electronics Co.,Ltd. "
52800,"Yoshicon Co.,Ltd "
79060,"YONEX CO.,LTD. "
49120,Lion Corporation 
24620,"LIKE,Inc. "
19260,"RAITO KOGYO CO., LTD. "
71570,LIFENET INSURANCE COMPANY 
82020,"Laox Holdings CO.,LTD. "
45790,RaQualia Pharma Inc. 
288A0,Laxus Technologies Inc. 
30230,Rasa Corporation 
40220,"Rasa Industries,Ltd. "
601A,?????? 
44840,"LANCERS,INC. "
68230,"RION CO.,LTD. "
268A0,Rigaku Holdings Corporation 
42200,RIKEN TECHNOS CORPORATION 
62090,NPR-RIKEN CORPORATION 
85660,"RICOH LEASING COMPANY,LTD. "
185A,????????/???? 
37680,RISKMONSTER.COM 
77690,"RHYTHM CO.,LTD. "
52610,"RESOL HOLDINGS Co.,Ltd. "
46810,"RESORTTRUST,INC. "
75250,RIX CORPORATION 
44290,"Ricksoft Co.,Ltd. "
35560,"RenetJapanGroup,Inc. "
66660,RIVER ELETEC CORPORATION 
44450,Living Technologies Inc. 
167A0,"Ryoyo Ryosan Holdings, Inc. "
58510,RYOBI LIMITED 
98270,"Lilycolor Co., Ltd. "
51310,Linkers Corporation 
79660,LINTEC Corporation 
59470,RINNAI CORPORATION 
68670,LEADER ELECTRONICS CORPORATION 
67230,Renesas Electronics Corporation 
63790,RAIZNEXT Corporation 
62720,"RHEON AUTOMATIC MACHINERY CO., LTD. "
33230,"RECOMM CO.,LTD. "
72130,LECIP HOLDINGS CORPORATION 
78740,"LEC,INC. "
39410,"Rengo Co., Ltd. "
69200,Lasertec corporation 
81790,"ROYAL HOLDINGS Co., Ltd. "
65790,"logly,Inc. "
43910,"Logizard Co.,Ltd. "
42240,LONSEAL CORPORATION 
63230,RORZE CORPORATION 
45270,"ROHTO PHARMACEUTICAL CO.,LTD. "
34820,Loadstar Capital K.K. 
69630,ROHM COMPANY LIMITED 
79440,Roland Corporation 
62980,"Y.A.C. HOLDINGS CO., LTD. "
46910,WASHINGTON HOTEL CORPORATION 
75220,"WATAMI CO.,LTD. "
41990,WonderPlanet Inc. 
5622,??? 
28050,S&B FOODS INC. 
48910,"TMS Co., Ltd "
29040,"ICHIMASA KAMABOKO CO.,LTD. "
51920,Mitsuboshi Belting Ltd. 
88010,"Mitsui Fudosan Co., Ltd. "
83090,"Sumitomo Mitsui Trust Group, Inc. "
93020,"MITSUI-SOKO HOLDINGS Co., Ltd. "
41830,"Mitsui Chemicals, Inc. "
15180,"MITSUI MATSUSHIMA HOLDINGS CO.,LTD. "
62690,"MODEC,INC. "
80310,"MITSUI & CO., LTD. "
57060,"Mitsui Kinzoku Company, Limited "
81380,SANKYOKASEI CORPORATION 
81500,"SANSHIN ELECTRONICS CO., LTD. "
78880,sanko gosei ltd. 
80180,"SANKYO SEIKO CO.,LTD. "
96390,"SANKYO FRONTIER CO.,LTD. "
59320,"Sankyo Tateyama,Inc. "
59290,Sanwa Holdings Corporation 
41250,SANWAYUKA INDUSTRY CORPORATION 
80970,"SAN-AI OBBLI CO.,LTD "
19720,"Sanko Metal Industrial Co., Ltd. "
19610,"SANKI ENGINEERING CO.,LTD. "
65840,"Sanoh Industrial Co.,Ltd. "
44710,"SANYO CHEMICAL INDUSTRIES,LTD. "
59580,"SANYO INDUSTRIES, LTD. "
31760,"Sanyo Trading Co., Ltd. "
60050,"MIURA CO.,LTD. "
65180,"SANSO ELECTRIC CO.,LTD. "
63570,"Sansei Technologies,Inc. "
136A,???? 
41880,Mitsubishi Chemical Gloup Corporation 
57110,MITSUBISHI MATERIALS CORPORATION 
93010,Mitsubishi Logistics Corporation 
63310,"Mitsubishi Kakoki Kaisha, Ltd. "
80580,Mitsubishi Corporation 
88020,"Mitsubishi Estate Company, Limited "
41820,"MITSUBISHI GAS CHEMICAL COMPANY,INC. "
72110,MITSUBISHI MOTORS CORPORATION 
38640,MITSUBISHI PAPER MILLS LIMITED 
56320,"Mitsubishi Steel Mfg. Co.,Ltd. "
70110,"Mitsubishi Heavy Industries,Ltd. "
79760,"MITSUBISHI PENCIL CO.,LTD. "
65030,Mitsubishi Electric Corporation 
85930,Mitsubishi HC Capital Inc. 
52730,"mitanisekisanco.,ltd "
80660,MITANI CORPORATIN 
82850,"MITANI SANGYO CO.,LTD. "
32320,"Mie Kotsu Group Holdings,Inc. "
49660,"C.Uyemura & Co.,Ltd. "
59400,"FUJISASH CO.,LTD. "
51990,"FUJI LATEX CO.,LTD. "
64000,"FUJI SEIKI CO.,LTD. "
26070,"FUJI OIL CO., LTD. "
66540,"FUJI ELECTRIC INDUSTRY CO., LTD. "
18980,"SEIKITOKYU KOGYO CO.,LTD. "
46170,"CHUGOKU MARINE PAINTS,LTD. "
59740,"CHUGOKUKOGYO CO.,LTD. "
95040,"The Chugoku Electric Power Company, Incorporated "
19640,"Chugai Ro Co.,Ltd. "
45190,"CHUGAI PHARMACEUTICAL CO., LTD. "
14910,"Chugai Mining Co.,Ltd. "
7170,??????????? Group 
56070,"CHUO MALLEABLE IRON CO., LTD. "
59920,"CHUO SPRING CO.,LTD. "
81170,CENTRAL AUTOMOTIVE PRODUCTS LTD. 
80300,"Chuo Gyorui Co., Ltd. "
5531,????? 
74420,"NAKAYAMAFUKU CO.,LTD. "
96430,"Nakanihon KOGYO CO.,Ltd. "
64390,"NAKANIPPON CASTING CO.,LTD "
78110,"NAKAMOTO PACKS CO.,LTD. "
38770,"Chuetsu Pulp & Paper Co.,Ltd. "
85940,"Nakamichi Leasing Co., Ltd. "
94020,"CHUBU-NIPPON BROADCASTING Co.,LTD. "
81450,"CHUBU SUISAN CO.,LTD. "
54610,"Chubu Steel Plate Co.,Ltd. "
95020,"Chubu Electric Power Company,Incorporated "
20530,"CHUBU SHIRYO CO.,LTD. "
54630,Maruichi Steel Tube Ltd. 
86130,"Marusan Securities Co.,Ltd. "
90680,"Maruzen Showa Unyu Co,.Ltd. "
93130,"Maruhachi Warehouse Company , Limited "
87000,"Maruhachi Securities Co.,Ltd. "
31590,"Maruzen CHI Holdings Co., Ltd. "
22880,"MARUDAI FOOD CO.,LTD. "
41020,"Maruo Calcium Co., Ltd. "
97630,"Maruken Lease Co.,Ltd. "
75370,MARUBUN CORPORATION 
78940,"Maruto Sangyo Co., Ltd "
80020,Marubeni Corporation 
80460,"MARUFUJI SHEET PILING CO., LTD. "
91420,Kyushu Railway Company 
95080,"Kyushu Electric Power Company, Incorporated "
93080,"Inui Global Logistics Co., Ltd. "
22200,"KAMEDA SEIKA CO.,LTD. "
18930,"PENTA-OCEAN CONSTRUCTION CO.,LTD. "
22090,"IMURAYA GROUP CO., LTD. "
63100,"ISEKI&CO.,LTD. "
69710,KYOCERA CORPORATION 
90090,"Keisei Electric Railway Co.,Ltd. "
90730,"Kyogoku unyu shoji Co., Ltd. "
90060,Keikyu Corporation 
90080,Keio Corporation 
90490,"Keifuku Electric Railroad Co.,Ltd. "
95390,"KEIYO GAS CO., LTD. "
59660,"KYOTO TOOL CO.,LTD. "
90450,"Keihan Holdings Co.,Ltd. "
88180,"Keihanshin Building Co., Ltd. "
92480,"People, Dreams & Technologies Group Co., Ltd. "
71750,"The Imamura Securities Co.,Ltd. "
29160,"Semba Tohka Industries Co. ,Ltd "
296A0,"Reiwa Accounting Holdings Co.,Ltd. "
79740,"Nintendo Co., Ltd. "
41070,ISE CHEMICALS CORPORATION 
93590,"ISEWAN TERMINAL SERVICE CO.,LTD. "
365A0,"IZAWA TOWEL CO.,LTD. "
22960,ITOHAM YONEKYU HOLDINGS INC. 
81330,"ITOCHU ENEX CO.,LTD. "
80010,ITOCHU Corporation 
68190,"Izu Shaboten Resort Co.,Ltd "
93610,"Fushiki Kairiku Unso Co.,Ltd. "
74330,"Hakuto Co.,Ltd. "
51100,"Sumitomo Rubber Industries, Ltd. "
45060,"Sumitomo Pharma Co., Ltd. "
42030,Sumitomo Bakelite Company Limited 
88300,"Sumitomo Realty & Development Co.,Ltd. "
40050,"SUMITOMO CHEMICAL COMPANY, LIMITED "
80530,SUMITOMO CORPORATION 
52320,"Sumitomo Osaka Cement Co.,Ltd. "
19110,"Sumitomo Forestry Co.,Ltd. "
40080,"Sumitomo Seika Chemicals Company,Limited. "
63020,"SUMITOMO HEAVY INDUSTRIES,LTD. "
57130,"Sumitomo Metal Mining Co., Ltd. "
58020,"Sumitomo Electric Industries, Ltd. "
15140,"Sumiseki Holdings, Inc. "
18260,"Sata Construction Co.,Ltd. "
80650,SATO SHO-JI CORPORATION 
28140,"SATO FOODS INDUSTRIES CO.,LTD. "
41120,"Hodogaya Chemical Co.,Ltd. "
34470,"Shinwa Co., Ltd. "
79700,"Shin-Etsu Polymer Co.,Ltd. "
40630,"Shin-Etsu Chemical Co., Ltd. "
84210,Shinkin Central Bank 
31060,KURABO INDUSTRIES LTD. 
39480,"HIKARI BUSINESS FORM CO., LTD. "
138A0,"Hikari Food Service Co., Ltd. "
86170,"The Kosei Securities Co.,Ltd "
79160,"MITSUMURA PRINTING CO.,LTD. "
42220,"KODAMA CHEMICAL INDUSTRY CO.,LTD. "
58450,"ZENHOREN CO.,LTD. "
71640,"ZENKOKU HOSHO Co.,Ltd "
389A,?????????? 
31530,"Yashima Denki Co.,Ltd. "
22660,"ROKKO BUTTER CO., LTD. "
24360,"KYODO PUBLIC RELATIONS CO.,LTD. "
79140,"Kyodo Printing Co., Ltd. "
35530,"KYOWA LEATHER CLOTH CO.,LTD "
70580,"Kyoei Security Service Co., Ltd. "
91300,"KYOEI TANKER CO., LTD. "
54400,KYOEI STEEL LTD. 
93620,"HYOKI KAIUN KAISHA,LTD. "
59840,KANEFUSA CORPORATION 
64020,"KANEMATSU ENGINEERING CO.,LTD. "
80200,KANEMATSU CORPORATION 
33740,Naigai Tec Corporation 
70180,Naikai Zosen Corporation 
27670,TSUBURAYA FIELDS HOLDINGS INC. 
61670,"Fuji Die Co.,Ltd. "
50190,"Idemitsu Kosan Co.,Ltd. "
74250,"HATSUHO SHOUJI CO.,LTD. "
575A0,"MAEZAWA Holdings CO., LTD. "
64850,"MAEZAWA KYUSO INDUSTRIES CO.,LTD. "
78210,"MAEDA KOSEN CO., LTD. "
98690,"KATO SANGYO CO.,LTD. "
81540,"KAGA ELECTRONICS CO.,LTD. "
77110,"SUKEGAWA ELECTRIC CO.,LTD "
40130,"KInjiro Co.,Ltd. "
63270,"KITAGAWA SEIKI CO.,LTD. "
98720,"KITAKEI CO.,LTD "
99300,"KITAZAWASANGYOco.,ltd. "
21340,"Kitahama Capital Partners Co.,Ltd. "
25730,"HOKKAIDO COCA-COLA BOTTLING CO.,LTD. "
90850,"Hokkaido Chuo Bus Co., Ltd. "
7693,??????? 
95340,"HOKKAIDO GAS CO., LTD. "
95090,"Hokkaido Electric Power Company, Incorporated "
49920,"HOKKO CHEMICAL INDUSTRY CO.,LTD. "
38650,Hokuetsu Corporation 
54460,"HOKUETSU METAL Co.,Ltd. "
18660,KITANO CONSTRUCTION CORP. 
95370,"HOKURIKU GAS CO.,LTD. "
95050,Hokuriku Electric Power Company 
19300,"hokuriku electrical construction co.,ltd. "
69890,"HOKURIKU ELECTRIC INDUSTRY CO., LTD. "
27470,"Hokuyu Lucky Co.,Ltd. "
69150,"CHIYODA INTEGRE CO.,LTD. "
63660,CHIYODA CORPORATION 
41510,"Kyowa Kirin Co.,Ltd. "
59970,KYORITSU AIR TECH INC. 
36700,"Kyoritsu Computer & Communication Co.,Ltd. "
68740,KYORITSU ELECTRIC CORPORATION 
78870,"NANKAI PLYWOOD CO.,LTD "
40400,"NANKAI CHEMICAL COMPANY, LIMITED "
18500,"Nankai Tatsumura Construction Co., Ltd. "
90340,"NANSO Transport Co., Ltd. "
69040,"HARADA INDUSTRY CO.,LTD. "
45360,"SANTEN PHARMACEUTICAL CO.,LTD. "
27680,Sojitz Corporation 
69860,FUTABA CORPORATION 
39440,"FURUBAYASHI SHIKO CO.,LTD. "
57150,"FURUKAWA CO.,LTD. "
58010,"Furukawa Electric Co., Ltd. "
68140,"FURUNO ELECTRIC CO., LTD. "
54100,"Godo Steel,Ltd. "
70760,"meinan M&A co.,ltd. "
90480,"Nagoya Railroad Co., Ltd. "
67970,"NAGOYA ELECTRIC WORKS CO.,LTD. "
18690,"MEIKO CONSTRUCTION CO.,LTD. "
93570,"MEIKO TRANS CO.,LTD. "
28020,"Ajinomoto Co., Inc. "
28130,"Wakou Shokuhin Co.,Ltd. "
89310,WADAKOHSAN CORPORATION 
53510,"SHINAGAWA REFRA CO., LTD. "
40990,SHIKOKU KASEI HOLDINGS CORPOLATION 
95070,"Shikoku Electric Power Company, Incorporated "
99340,"INABA DENKI SANGYO CO.,LTD. "
77220,"KOKUSAI CO.,LTD "
32520,"JINUSHI Co.,Ltd. "
60720,"Jibannet Holdings Co., Ltd. "
40780,"Sakai Chemical Industry Co.,Ltd. "
21120,"Ensuiko Sugar Refining Co.,Ltd. "
45070,"Shionogi & Co.,Ltd. "
92350,"Ureru Net Advertising Group Co.,Ltd. "
40250,"Taki Chemical Co., Ltd. "
26730,"YUMEMITSUKETAI Co., Ltd. "
31850,"DREAM VISION CO.,LTD. "
98180,"DAIMARU.ENAWIN CO.,LTD. "
68220,"Oi Electric Co.,Ltd. "
46290,"DAISHIN CHEMICAL CO.,LTD. "
42210,"Okura Industrial Co.,Ltd. "
9149,????????????? 
72450,"DAIDO METAL CO., LTD. "
67430,"Daido Signal Co.,Ltd. "
54710,"Daido Steel Co., Ltd. "
19250,"DAIWA HOUSE INDUSTRY CO., LTD. "
54440,"YAMATO KOGYO CO.,LTD. "
90820,"Daiwa Motor Transportation Co.,Ltd "
45780,"Otsuka Holdings Co., Ltd. "
90400,"Taiho Transportation Co., Ltd "
66440,"Osaki Electric Co.,Ltd. "
55410,"Pacific Metals Co., Ltd. "
45740,"TAIKO PHARMACEUTICAL CO., LTD. "
49940,"Taisei Lamick Group Head Quarter & Innovation Co., Ltd. "
18010,taisei corporation 
19040,"taisei oncho co.,ltd. "
79120,"Dai Nippon Printing Co.,Ltd. "
46110,"Dai Nippon Toryo Company, Limited "
41160,"Dainichiseika Color & Chemicals Mfg. Co., Ltd. "
34170,"OHKI HEALTHCARE HOLDINGS CO.,LTD. "
18140,"DAISUE CONSTRUCTION CO., LTD. "
39530,"OHMURA SHIGYO CO.,LTD "
18780,"DAITO TRUST CONSTRUCTION CO.,LTD. "
93670,"DAITO KOUN CO.,LTD. "
93360,"Daiei Kankyo Co., Ltd. "
38800,Daio Paper Corporation 
39430,"OHISHI SANGYO CO.,LTD. "
77750,"DAIKEN MEDICAL CO.,LTD "
29740,"Taieiyosan Kogyo Co., Ltd. "
64700,"TAIHO KOGYO CO.,LTD. "
18220,DAIHO CORPORATION 
41870,OSAKA ORGANIC CHEMICAL INDUSTRY LTD. 
41240,OSAKA YUKA INDUSTRY LTD. 
95320,"OSAKA GAS CO.,LTD. "
54490,"OSAKA STEEL CO.,LTD. "
27910,"DAIKOKUTENBUSSAN CO.,LTD. "
69930,"Daikokuya Holdings Co.,LTD. "
67760,"Tensho Electric Industries Co., Ltd. "
59450,"Tenryu Saw Mfg. Co., Ltd. "
52330,TAIHEIYO CEMENT CORPORATION 
88350,TAIHEIYO KOUHATSU INCORPORATED 
19680,"TAIHEI DENGYO KAISHA,LTD. "
66630,"TAIYO TECHNOLEX CO.,LTD. "
17580,"Taiyo Kisokogyo Co.,Ltd. "
99410,"TAIYO BUSSAN KAISHA,LTD. "
46260,"TAIYO HOLDINGS CO., LTD. "
29020,"TAIYOKAGAKU CO.,LTD. "
69760,"TAIYO YUDEN CO., LTD. "
62260,"Moriya Transportation Engineering and Manufacturing Co.,Ltd "
93240,Yasuda Logistics corporation 
25310,TAKARA HOLDINGS INC. 
48850,MUROMACHI CHEMICALS INC. 
34310,"MIYAJI ENGINEERING GROUP, INC. "
66200,"Miyakoshi Holdings, Inc. "
49010,FUJIFILM Holdings Corporation 
416A0,?????? Holdings 
90100,"FUJI KYUKO CO., LTD. "
61420,FUJI SEIKO LIMITED 
31040,"Fujibo Holdings, Inc. "
45540,"Fuji Pharma Co.,Ltd. "
67020,FUJITSU LIMITED 
65040,"FUJI ELECTRIC CO., LTD. "
562A,?? 
66370,"TERASAKI ELECTRIC CO.,LTD. "
22220,"Kotobuki Spirits Co.,Ltd. "
64080,"OGURA CLUTCH CO.,LTD. "
79490,"KOMATSU WALL INDUSTRY CO., LTD. "
35800,"KOMATSU MATERE Co., Ltd. "
49670,"KOBAYASHI PHARMACEUTICAL CO.,LTD. "
61370,"KOIKE SANSO KOGYO CO.,LTD. "
74870,ozu corporation 
90070,"Odakyu Electric Railway Co., Ltd "
74140,"ONOKEN CO.,LTD. "
45280,"ONO PHARMACEUTICAL CO., LTD. "
209A,????? 
74810,"oie sangyo co.,ltd "
69410,"YAMAICHI ELECTRONICS CO.,LTD. "
90650,SANKYU INC. 
35980,"YAMAKI CO.,LTD. "
22120,"YAMAZAKI BAKING CO., LTD. "
385A,???? 
65160,"SANYO DENKI CO.,LTD. "
47920,"YAMADA Consulting Group CO.,LTD. "
90520,"Sanyo Electric Railway Co.,Ltd. "
90630,"Okayamaken Freight Transportation Co.,Ltd "
77460,"OKAMOTO GLASS CO., LTD. "
74850,"OKAYA&CO.,LTD. "
69260,"OKAYA ELECTRIC INDUSTRIES CO.,LTD. "
59590,"OKABE CO., LTD. "
64920,okano valve mfg.co.ltd. 
87070,"IwaiCosmo Holdings, Inc. "
22210,"IWATSUKA CONFECTIONERY CO.,LTD. "
80880,IWATANI CORPORATION 
46160,"KAWAKAMI PAINT MANUFACTURING CO.,LTD. "
43610,"KAWAGUCHI CHEMICAL INDUSTRY CO.,LTD. "
59210,"Kawagishi Bridge Works Co.,Ltd. "
46730,"Kawasaki Geological Engineering Co., Ltd. "
91070,"Kawasaki Kisen Kaisha, Ltd. "
17770,"KAWASAKI SETSUBI KOGYO CO., LTD. "
70120,"Kawasaki Heavy Industries,Ltd. "
34430,"KAWADA TECHNOLOGIES,INC. "
93220,"KAWANISHI WAREHOUSE CO.,LTD. "
81230,"T.KAWABE & CO., LTD. "
17640,KUDO CORPORATION 
63090,"TOMOE ENGINEERING CO.,LTD. "
72440,"ICHIKOH INDUSTRIES, LTD. "
34010,TEIJIN LIMITED 
33020,"TEIKOKU SEN-I Co.,Ltd. "
67630,"Teikoku Tsushin Kogyo Co.,Ltd "
88030,"HEIWA REAL ESTATE CO.,LTD. "
99290,"HEIWA PAPER CO., LTD. "
58210,HIRAKAWA HEWTECH CORP. 
62580,HIRATA Corporation 
21520,Youji Corporation 
95350,"HIROSHIMA GAS CO.,LTD. "
90330,"Hiroshima Electric Railway Co.,Ltd. "
60270,"Bengo4.com,Inc. "
18920,"Tokukura Construction Co., Ltd. "
97550,OYO Corporation 
43560,"APPLIED TECHNOLOGY CO., LTD "
42510,KEIWA Incorporated 
72830,"AISAN INDUSTRY CO., LTD "
98540,"AIGAN CO.,LTD. "
77230,"Aichi Tokei Denki Co.,Ltd. "
54820,AICHI STEEL CORPORATION 
66230,"AICHI ELECTRIC CO.,LTD. "
91700,"SEIYU KOGYO Co.,Ltd. "
41000,TODA KOGYO CORP. 
18600,TODA CORPORATION 
24770,"Temairazu, Inc. "
43680,"FUSO CHEMICAL CO.,LTD. "
45380,"Fuso Pharmaceutical Industries,Ltd. "
75050,"FUSO DENTSU CO., LTD. "
14430,"Giken Holdings Co., Ltd. "
45340,"Mochida Pharmaceutical Co.,Ltd. "
59300,"Bunka Shutter Co.,Ltd. "
68240,"NEW COSMOS ELECTRIC CO., LTD "
81410,"Shinko Shoji Co.,Ltd. "
55420,Shinhokoku Material Corp. 
73050,"ARAYA INDUSTRIAL CO.,LTD. "
18790,SHINNIHON CORPORATION 
44060,"New Japan Chemical Co., Ltd. "
19520,"Shin Nippon Air Technologies Co., Ltd. "
49310,"Shinnihonseiyaku Co., Ltd. "
55630,"Nippon Denko Co., Ltd. "
72240,"ShinMaywa Industries, Ltd. "
64580,SINKO INDUSTRIES LTD. 
63390,"Sintokogio,Ltd. "
53800,SHINTO COMPANY LIMITED 
90170,"NiigataKotsu Co.,Ltd. "
49770,Nitta Gelatin Inc. 
27760,"SHINTO Holdings, Inc. "
68440,"Shindengen Electric Manufacturing Co.,Ltd. "
56580,"NICHIA STEEL WORKS,LTD. "
34400,"NISSO GROUP CO.,LTD. "
20550,"NICHIWA SANGYO CO., LTD. "
63060,"NIKKO CO.,LTD. "
97670,"NIKKEN KOGAKU CO., LTD. "
19630,JGC HOLDINGS CORPORATION 
74900,"NISSIN SHOJI CO., LTD. "
29140,JAPAN TOBACCO INC. 
79860,"NIHON ISK Company, Limited "
85180,"Japan Asia Investment Company, Limited "
69460,"Nippon Avionics Co., Ltd. "
53680,"JAPAN INSULATION CO.,LTD. "
62910,"AIRTECH JAPAN,LTD. "
92490,"Japan Ecosystem Co.,Ltd. "
60630,"Emergency Assistance Japan Co., Ltd. "
48290,"Nihon Enterprise Co.,Ltd. "
47160,ORACLE CORPORATION JAPAN 
40640,"NIPPON CARBIDE INDUSTRIES CO.,INC. "
53020,"Nippon Carbon Co. , Ltd. "
63560,"NIPPON GEAR CO.,LTD. "
29760,"Nippon Grande Co.,Ltd. "
69970,NIPPON CHEMI-CON CORPORATION 
45390,"NIPPON CHEMIPHAR CO., LTD. "
52690,"NIPPON CONCRETE INDUSTRIES CO.,LTD. "
33150,"NIPPON COKE & ENGINEERING CO., LTD. "
69580,CMK CORPORATION 
55300,"Nihon System Bank Co., Ltd. "
43230,"Japan System Techniques Co.,Ltd. "
60400,Nippon Ski Resort Development Co. Ltd. 
69290,"NIPPON CERAMIC CO.,LTD. "
42050,ZEON CORPORATION 
69980,"Nippon Tungsten Co.,Ltd. "
38490,NIPPON TECHNO LAB INC. 
94040,"Nippon Television Holdings, Inc. "
79500,"NIHON DECOLUXE CO.,LTD. "
64800,"NIPPON THOMPSON CO., LTD. "
93100,Japan Transcity Corporation 
19090,"Nippon Dry-Chemical CO.,LTD. "
52520,"Nihon Knowledge Co,Ltd. "
22820,NH Foods Ltd. 
59500,"JAPAN POWER FASTENING CO.,LTD "
40950,"NIHON PARKERIZING CO., LTD. "
52620,Nippon Hume Corporation 
50360,"Japan Business Systems, Inc. "
37230,NIHON FALCOM CORPORATION 
59420,"NIPPON FILCON CO.,LTD. "
68700,"Fenwal Controls of Japan, Ltd. "
35120,"NIPPON FELT CO.,LTD. "
72910,"NIHON PLAST CO.,LTD. "
27950,NIPPON PRIMEX INC. 
96510,"Japan Process Development Co.,Ltd. "
46120,"NIPPON PAINT HOLDINGS CO.,LTD. "
70610,Japan Hospice Holdings Inc. 
27020,"McDonald's Holdings Company(Japan),Ltd. "
411A,?????????? 
71920,Mortgage Service Japan Limited 
75750,"Japan Lifeline Co., Ltd. "
47360,Nippon RAD Inc. 
19380,"NIPPON RIETEC CO.,LTD. "
90600,JAPAN LOGISTIC SYSTEMS CORP. 
17710,"NIPPON KANRYU INDUSTRY CO.,LTD. "
57530,"NIPPON SHINDO CO.,LTD. "
67410,"Nippon Signal Company,Limited "
68490,NIHON KOHDEN CORPORATION 
54800,"Nippon Yakin Kogyo Co.,Ltd. "
40920,"Nippon Chemical Industrial Co.,Ltd. "
40940,"NIHON KAGAKU SANGYO CO.,LTD. "
42720,"NIPPON KAYAKU CO.,LTD. "
24990,"NIHONWASOU HOLDINGS,INC. "
18870,JDC CORPORATION 
53550,"Nippon Crucible co.,Ltd. "
19140,"japan foundation engineering co.,ltd. "
52100,"Nihon Yamamura Glass Co., Ltd. "
40540,"Japan PropTech Co.,Ltd. "
45160,"Nippon Shinyaku Co.,Ltd. "
40410,"Nippon Soda Co.,Ltd. "
32010,"THE JAPAN WOOL TEXTILE CO., LTD. "
46190,"Nihon Tokushu Toryo Co., Ltd. "
53340,"Niterra Co., Ltd. "
81740,"NIPPON GAS CO.,LTD. "
21080,"Nippon Beet Sugar Manufacturing Co.,Ltd. "
59910,"NHK SPRING CO., LTD. "
90740,"Japan Oil Transportation Co., Ltd. "
97060,"Japan Airport Terminal Co.,Ltd. "
46580,"Nippon Air Conditioning Services Co., Ltd. "
93470,"NIPPON KANZAI Holdings Co.,Ltd. "
43620,"Nippon Fine Chemical Co., Ltd. "
77710,"Nihon Seimitsu Co.,Ltd. "
64710,NSK Ltd. 
72870,"NIPPON SEIKI CO.,LTD. "
56590,"Nippon Seisen Co., Ltd. "
50100,"NIPPON SEIRO CO., LTD. "
57290,"NIHON SEIKO CO.,LTD. "
80320,"Japan Pulp & Paper Co., Ltd. "
52790,"NIHON KOGYO CO., LTD. "
92010,"Japan Airlines Co., Ltd. "
68070,"Japan Aviation Electronics Industry, Limited "
38630,"Nippon Paper Industries Co.,Ltd. "
59050,NIHON SEIKAN K.K. 
54010,NIPPON STEEL CORPORATION 
33060,"THE NIHON SEIMA CO.,LTD "
85110,"Japan Securities Finance Co.,Ltd. "
29610,NITCHO CORPORATION 
71020,"NIPPON SHARYO, LTD. "
57030,"Nippon Light Metal Holdings Company, Ltd. "
49970,"NIHON NOHYAKU CO., LTD. "
94240,Japan Communications Inc. 
61780,"Japan Post Holdings Co., Ltd. "
91010,Nippon Yusen Kabushiki Kaisha 
40910,NIPPON SANSO HOLDINGS CORPORATION 
54910,"NIPPON KINZOKU CO., LTD. "
64180,"Japan Cash Machine co.,ltd. "
56090,NIPPON CHUZO K. K. 
56120,NIPPON CHUTETSUKAN K.K. 
68550,JAPAN ELECTRONIC MATERIALS CORPORATION 
69510,JEOL Ltd. 
17230,"NIHON DENGI CO., LTD. "
67010,NEC Corporation 
52140,"Nippon Electric Glass Co., Ltd. "
67790,"NIHON DEMPA KOGYO CO., LTD. "
99080,"NIHON DENKEI CO.,LTD. "
19500,"NIPPON DENSETSU KOGYO CO.,LTD "
28920,"NIHON SHOKUHIN KAKO CO., LTD. "
23530,"NIPPON PARKING DEVELOPMENT Co.,Ltd. "
49730,"JAPAN PURE CHEMICAL CO.,LTD. "
94140,Nippon BS Broadcasting Corporation 
60250,"Japan PC Service Co., Ltd. "
28770,NittoBest Corporation 
20030,"NITTO FUJI FLOUR MILLING CO.,LTD. "
61510,"NITTO KOHKI CO.,LTD. "
66510,NITTO KOGYO CORPORATION 
59570,"NITTO SEIKO CO.,LTD. "
31100,"NITTO BOSEKI CO.,LTD. "
35240,"NITTO SEIMO CO., LTD. "
69880,NITTO DENKO CORPORATION 
63760,"NIKKISO CO.,LTD. "
19820,"Hibiya Engineering,Ltd. "
44030,NOF CORPORATION 
26020,"The Nisshin OilliO Group, Ltd. "
31050,Nisshinbo Holdings Inc. 
28970,"NISSIN FOODS HOLDINGS CO.,LTD. "
19290,"NITTOC CONSTRUCTION CO.,LTD. "
40210,Nissan Chemical Corporation 
82910,"NISSAN TOKYO SALES HOLDINGS CO., LTD. "
72010,"NISSAN MOTOR CO., LTD. "
87050,"Nissan Securities Group Co.,Ltd. "
72220,"NISSAN SHATAI CO.,LTD. "
63050,"Hitachi Construction Machinery Co., Ltd. "
62840,"NISSEI ASB MACHINE CO., LTD. "
22180,"NICHIRYO BAKING CO.,LTD. "
68660,HIOKI E.E.CORPORATION 
44630,"NICCA CHEMICAL CO.,LTD. "
61570,"NS TOOL CO.,LTD. "
99130,NIPPO LTD. 
23270,NS Solutions Corporation 
15150,"Nittetsu Mining CO.,Ltd. "
52680,"ASAHI CONCRETE WORKS CO.,LTD. "
61400,"Asahi Diamond Industrial Co.,Ltd. "
79280,"ASAHI KAGAKU KOGYO CO.,LTD "
34070,Asahi Kasei Corporation 
97990,"ASAHI INTELLIGENCE SERVICE CO.,LTD. "
42160,ASAHI YUKIZAI CORPORATION 
29110,"ASAHIMATSU FOODS CO.,LTD. "
61110,"ASAHI-SEIKI MANUFACTURING CO.,LTD. "
88690,Meiwa Estate Company Limited 
81030,Meiwa Corporation 
19760,"MEISEI INDUSTRIAL Co.,Ltd. "
22690,"Meiji Holdings Co., Ltd. "
63340,"Meiji Machine Co.,Ltd. "
33880,"MEIJI ELECTRIC INDUSTRIES CO., LTD. "
91150,"MEIJI SHIPPING GROUP CO.,LTD. "
17170,Meiho Facility Works Ltd. 
67480,"SEIWA ELECTRIC MFG. CO., LTD. "
39540,SHOWA PAXXS CORPORATION 
49900,"Showa Chemical Industry Co.,Ltd. "
20040,"Showa Sangyo Co., Ltd. "
59530,"Showa Manufacturing Co.,Ltd. "
35370,"SHOEI YAKUHIN CO.,LTD. "
19970,"AKATSUKI EAZIMA CO., LTD. "
72380,"AKEBONO BRAKE INDUSTRY CO.,LTD. "
63320,"TSUKISHIMA HOLDINGS CO., LTD. "
45310,"YUKI GOSEI KOGYO CO.,LTD. "
77470,"ASAHI INTECC CO.,LTD. "
39510,"ASAHI PRINTING CO.,LTD. "
94050,ASAHI BROADCASTING GROUP HOLDINGS CORPORATION 
27000,"KITOKU SHINRYO CO., LTD. "
63780,"KIMURA CHEMICAL PLANTS CO., LTD. "
62310,"KIMURA KOHKI Co.,Ltd. "
79310,"MIRAI INDUSTRY CO.,LTD. "
72670,"HONDA MOTOR CO., LTD. "
99320,"SUGIMOTO & CO.,LTD. "
45690,"KYORIN Pharmaceutical Co., Ltd. "
40420,TOSOH CORPORATION 
99600,TOTECH CORPORATION 
59750,Topre Corporation 
79710,TOLI Corporation 
34020,"TORAY INDUSTRIES,INC. "
68480,DKK-TOA CORPORATION 
18850,TOA CORPORATION 
18820,TOA ROAD CORPORATION 
40450,"TOAGOSEI CO., LTD. "
46350,"TOKYO PRINTING INK MFG. CO., LTD. "
27600,TOKYO ELECTRON DEVICE LIMITED 
80350,Tokyo Electron Limited 
67720,"Tokyo Cosmoc Electric Co., Ltd. "
84390,Tokyo Century Corporation 
96330,"Tokyo Theatres Company, Incorporated "
78150,"Tokyo Board Industries co.,ltd. "
72350,"TOKYO RADIATOR MFG. CO., LTD. "
90230,"Tokyo Metro Co.,Ltd. "
88040,"Tokyo Tatemono Co., Ltd. "
41860,"TOKYO OHKA KOGYO CO., LTD. "
91930,"Tokyo Kisen Co.,Ltd. "
87660,"Tokio Marine Holdings, Inc. "
95310,"TOKYO GAS CO.,LTD. "
80700,"TOKYO SANGYO CO.,LTD. "
53630,TYK CORPORATION 
59810,"TOKYO ROPE MFG. CO., LTD. "
54230,"TOKYO STEEL MANUFACTURING CO., LTD. "
77210,TOKYO KEIKI INC. 
96720,"TOKYOTOKEIBA CO.,LTD. "
54450,"TOKYO TEKKO CO., LTD. "
95010,"Tokyo Electric Power Company Holdings, Incorporated "
7139,?????? 
74460,"TOHOKU CHEMICAL CO., LTD. "
54840,"Tohoku Steel Co.,Ltd. "
95060,"Tohoku Electric Power Company,Incorporated "
33290,"TOWA FOOD SERVICE CO.,LTD. "
45530,"TOWA PHARMACEUTICAL CO.,LTD. "
96020,"TOHO CO., LTD. "
17660,TOKEN CORPORATION 
32890,Tokyu Fudosan Holdings Corporation 
17200,"TOKYU CONSTRUCTION CO.,LTD. "
90050,TOKYU CORPORATION 
90200,East Japan Railway Company 
48160,"TOEI ANIMATION CO.,LTD. "
96050,"TOEI COMPANY,LTD. "
90010,"TOBU RAILWAY CO.,LTD. "
63300,TOYO ENGINEERING CORPORATION 
59360,"TOYO SHUTTER CO.,LTD. "
96860,"toyo tec co ., ltd "
49760,"TOYO DRILUBE CO.,LTD "
49700,"toyo gosei co.,ltd. "
93510,"TOYO WHARF & WAREHOUSE CO.,LTD. "
28750,"TOYO SUISAN KAISHA, LTD. "
53100,"TOYO TANSO CO.,LTD. "
31010,"TOYOBO CO.,LTD. "
59010,"Toyo Seikan Group Holdings, Ltd. "
86140,"TOYO SECURITIES CO., LTD. "
66550,TOYO ELECTRIC CORPORATION 
65050,"TOYO DENKI SEIZO K.K.(TOYO ELECTRIC MFG.CO.,LTD.) "
80710,"TOKAI ELECTRONICS CO.,LTD. "
53010,"TOKAI CARBON CO., LTD. "
44300,"TOKAI SOFT CO.,LTD. "
97610,"TOKAI LEASE CO.,LTD. "
90220,Central Japan Railway Company 
86160,"Tokai Tokyo Financial Holdings, Inc. "
35770,Tokai Senko K.K. 
91730,"Tokai Kisen Co., Ltd. "
93800,"Azuma Shipping Co.,Ltd. "
65880,TOSHIBA TEC CORPORATION 
40930,"toho acetylene co.,ltd. "
81290,"TOHO HOLDINGS CO.,LTD. "
74220,"TOHO LAMAC CO., LTD. "
57070,"Toho Zinc Co.,Ltd. "
44090,"TOHO CHEMICAL INDUSTRY COMPANY,LIMITED "
95330,"TOHO GAS CO.,LTD. "
90360,"TOHBU NETWORK CO.,LTD. "
18350,"TOTETSU KOGYO CO.,LTD. "
93060,"Toyo Logistics Co.,Ltd. "
18100,"MATSUI CONSTRUCTION CO., LTD. "
86280,"MATSUI SECURITIES CO.,LTD. "
69690,"MATSUO ELECTRIC CO.,LTD. "
43650,"MATSUMOTO YUSHI-SEIYAKU CO.,LTD. "
74560,"MATSUDA SANGYO Co.,Ltd. "
96010,Shochiku Co;Ltd. 
22860,"Hayashikane Sangyo Co., Ltd. "
45490,"EIKEN CHEMICAL CO.,LTD. "
91710,"kuribayashi steamship co.,ltd. "
63700,Kurita Water Industries Ltd. 
374A,??????? 
5893,RAVIPA 
375A,YAK Holdings 
326A,aero lab international 
9222,manaby 
525A,manebi 
27530,"AMIYAKI TEI CO.,LDT. "
83080,"Resona Holdings, Inc. "
59980,Advanex inc. 
67280,"ULVAC,Inc. "
17360,OTEC CORPORATION 
26660,"AUTOWAVE Co.,Ltd. "
81180,"KING CO.,Ltd. "
63260,KUBOTA CORPORATION 
59090,CORONA CORPORATION 
76160,"COLOWIDE CO.,LTD. "
23760,SCINEX CORPORATION 
13770,SAKATA SEED CORPORATION 
98850,"CHARLE CO.,LTD. "
66740,GS Yuasa Corporation 
98160,Striders Corporation 
99760,"SEKICHU CO.,LTD. "
98780,"SEKIDO CO.,LTD "
42840,"SOLXYZ Co.,Ltd. "
43690,Tri Chemical Laboratories Inc. 
75060,"HOUSE OF ROSE Co.,Ltd. "
75140,"HIMARAYA Co.,Ltd. "
13840,"Hokuryo Co., Ltd. "
29190,"marutai co.,ltd "
99620,MISUMI Group Inc. 
43500,"MEDICAL SYSTEM NETWORK Co., Ltd. "
17800,YAMAURA CORPORATION 
63920,YAMADA CORPORATION 
53570,"YOTAI REFRACTORIES CO.,LTD. "
47140,RISO KYOIKU GROUP CORPORATION. 
59410,"NAKANISHI MFG.CO.,LTD. "
82520,"MARUI GROUP CO.,LTD. "
85440,"The Keiyo Bank, Ltd. "
85510,"The Kita-Nippon Bank,Ltd. "
85220,"The Bank of Nagoya, Ltd. "
91040,"Mitsui O.S.K. Lines, Ltd. "
83610,"The Ogaki Kyoritsu Bank, Ltd. "
47680,OTSUKA CORPORATION 
85600,"The Miyazaki Taiyo Bank,Ltd. "
71840,"THE FIRST BANK OF TOYAMA, LTD. "
83650,"The Bank of Toyama,Ltd. "
74260,Yamadai Corporation 
83600,"The Yamanashi Chuo Bank,Ltd. "
77010,Shimadzu Corporation 
19210,TOMOE CORPORATION 
82760,"HEIWADO CO.,LTD. "
85410,"The Ehime Bank, Ltd. "
64690,"HODEN SEIMITSU KAKO KENKYUSHO CO.,LTD. "
76000,"Japan Medical Dynamic Marketing, INC. "
47520,SHOWA SYSTEM ENGINEERING CORPORATION 
81600,"KISOJI CO., LTD. "
89200,"TOSHO CO., LTD. "
63600,"TOKYO AUTOMATIC MACHINERY WORKS, LTD "
83490,"THE TOHOKU BANK,LTD. "
85500,"THE TOCHIGI BANK, LTD. "
72550,SAKURAI LTD. 
18530,"Mori-Gumi Co., Ltd. "
99140,"uematsu shokai co.,ltd. "
23400,"GOKURAKUYU HOLDINGS CO.,LTD. "
13010,"KYOKUYO CO., LTD. "
18610,"Kumagaigumi Co.,Ltd. "
61350,"Makino Milling Machine Co.,Ltd. "
82260,RIKEI CORPORATION 
46790,"TAYA CO.,Ltd. "
83680,"The Hyakugo Bank, Ltd. "
54060,"Kobe Steel, Ltd. "
85620,"THE FUKUSHIMA BANK, LTD. "
46780,"SHUEI YOBIKO Co.,Ltd. "
29260,"SHINOZAKIYA,INC. "
68340,"SEIKOH GIKEN Co.,Ltd. "
83340,"The Gunma Bank, Ltd. "
74530,"RYOHIN KEIKAKU CO.,LTD. "
62230,"Seibu Giken Co.,Ltd. "
60220,Akasaka Diesels Ltd. 
97600,"SHINGAKUKAI HOLDINGS CO., LTD. "
79800,"SHIGEMATSU WORKS CO.,LTD. "
18080,HASEKO Corporation 
19660,TAKADA CORPORATION 
83830,"THE TOTTORIBANK,LTD. "
34220,"J-MAX Co.,Ltd. "
30690,JFLA Holdings Inc. 
97460,TKC Corporation 
73890,"Aichi Financial Group, Inc. "
83040,"Aozora Bank, Ltd. "
87370,Akatsuki Corp. 
76780,"ASAKUMA CO.,LTD. "
33330,"Asahi Co.,LTD. "
29070,"ahjikanco.,ltd "
27330,ARATA CORPORATION 
31770,"ARIGATOU SERVICES COMPANY,LIMITED "
37960,"e-Seikatsu Co.,Ltd. "
76940,itsumo.inc. 
58300,"Iyogin Holdings,Inc. "
76210,"UKAI CO.,LTD. "
39790,"ULURU.CO.,LTD. "
73500,"Okinawa Financial Group,Inc. "
66480,KAWADEN CORPORATION 
75850,KAN-NANMARU CORPORATION 
71810,"JAPAN POST INSURANCE Co. , Ltd. "
30820,"KICHIRI HOLDINGS&Co.,Ltd. "
79080,"KIMOTO CO.,LTD. "
23000,"Kyokuto Co., Ltd. "
96360,Kin-Ei Corp. 
19440,KINDEN CORPORATION 
55920,"Kusurinomadoguchi, Inc. "
43760,Kufu Company Holdings Inc. 
79970,Kurogane Kosakusho Ltd. 
24400,"Gurunavi, Inc. "
82540,"Saikaya Department Store Co.,Ltd. "
70970,"SAKURASAKU PLUS,Co.,Ltd "
47610,SAKURA KCS Corporation 
58310,"Shizuoka Financial Group, Inc. "
82270,"SHIMAMURA Co.,Ltd. "
36790,"ZIGExN Co., Ltd. "
71610,"Jimoto Holdings,Inc. "
31970,"SKYLARK HOLDINGS CO., LTD. "
39980,"SuRaLa Net Co.,Ltd. "
75100,TAKEBISHI CORPORATION 
58320,"Chugin Financial Group, Inc. "
29220,"NATORI CO., LTD. "
82300,"HASEGAWA CO., LTD. "
39300,"Hatena Co., Ltd "
9156,?? Holdings 
74160,Haruyama Holdings Inc. 
1445,??? Holdings 
76860,"HitoMile Co.,Ltd. "
27640,Hiramatsu Inc. 
73370,"Hirogin Holdings, Inc. "
83540,"Fukuoka Financial Group, Inc. "
83770,"Hokuhoku Financial Group, Inc. "
30550,"HOKUYAKU TAKEYAMA Holdings,Inc. "
35600,"Hobonichi Co.,Ltd. "
308A,?????? Holdings 
40590,"Magmag,Inc. "
26520,MANDARAKE INC. 
84110,"Mizuho Financial Group, Inc. "
386A0,"MINOYA CO.,LTD. "
65630,Mirai Works Inc. 
71670,"Mebuki Financial Group,Inc. "
62500,YAMABIKO CORPORATION 
28200,Yamami Company 
99940,YAMAYA CORPORATION 
71820,"JAPAN POST BANK Co.,Ltd. "
132A,???? Holdings 
9226,???? 
44950,"i3 Systems, Inc. "
72590,AISIN CORPORATION 
76980,Iceco Inc. 
36600,istyle Inc. 
52420,"EYEZ,INC. "
2990,????? 
63450,AICHI CORPORATION 
47430,ITFOR Inc 
94660,Aidma Marketing Communication Corporation 
73730,"Aidma Holdings, Inc. "
75390,"AINAVO HOLDINGS Co., Ltd. "
97420,INES Corporation 
93430,ibis inc. 
9334,???? Holdings 
49180,IVY COSMETICS CORPORATION 
78330,IFIS JAPAN LTD. 
38450,I-FREEK MOBILE INC. 
65350,"i-mobile Co.,Ltd. "
73250,IRRC Corporation 
39170,"iRidge,Inc. "
38540,I'LL INC 
96270,AIN HOLDINGS INC. 
60350,"IR Japan Holdings, Ltd. "
97020,ISB CORPORATION 
603A0,??/????/???????? 
73450,Ai Partners Financial Inc. 
43900,"IPS, Inc. "
37580,Aeria Inc. 
39320,Akatsuki Inc. 
40120,"AXIS CO.,LTD. "
49360,AXXZIA Inc. 
13810,"AXYZ Co., Ltd "
70420,"ACCESS GROUP HOLDINGS CO., LTD. "
67300,AXELL CORPORATION 
402A0,Axelspace Holdings Corporation 
439A,???? 
43950,Accrete Inc. 
97040,"AGORA Hospitality Group Co., Ltd. "
57240,"Asaka Riken Co.,Ltd. "
87720,"ASAX CO., LTD. "
46230,ASAHIPEN CORPORATION 
60730,ASANTE INCORPORATED 
79360,ASICS Corporation 
73780,ASIRO Inc. 
49290,"ADJUVANT HOLDINGS CO.,LTD. "
246A0,ASUA Inc. 
24380,"Asukanet Company,Limited "
65220,Asterisk Inc. 
186A0,Astroscale Holdings Inc. 
41970,"ASMARQ Co.,Ltd. "
26540,ASMO CORPORATION 
36470,"ASULINA Co.,Ltd. "
42880,"Asgent, Inc. "
160A0,"As Partners CO.,LTD. "
34960,"AZOOM CO.,LTD "
34900,"Azplanning Co.,Ltd. "
93400,"ASO INTERNATIONAL,INC. "
71340,"UP GARAGE GROUP Co., Ltd. "
164A,??????? 
42410,atect corporation 
74120,ATOM CORPORATION 
61940,"Atrae, Inc. "
24890,Adways Inc. 
66680,"ADTEC PLASMA TECHNOLOGY CO.,LTD. "
87980,"Advance Create Co.,Ltd. "
37730,"Advanced Media, Inc. "
68570,ADVANTEST CORPORATION 
87690,"Advantage Risk Management Co., Ltd. "
60300,"Adventure, Inc. "
74630,"ADVAN CO .,LTD. "
38360,AVANT GROUP CORPORATION 
69180,AVALDATA CORPORATION 
60870,"ABIST Co.,Ltd. "
41740,Appirits Inc. 
134A,????? 
37270,Aplix Corporation 
61130,"AMADA CO., LTD. "
78000,"Amifa Co., Ltd. "
43010,AMUSE INC. 
60760,"Amaze Co.,Ltd. "
75950,ARGO GRAPHICS Inc. 
67780,"Artiza Networks, Inc. "
21630,"ARTNER CO.,LTD. "
23410,"ARBEIT-TIMES CO.,LTD. "
34340,ALPHA Corporation 
47600,"ALPHA CO.,LTD. "
47190,ALPHA SYSTEMS INC. 
71150,AlphaPurchase Corporation 
94670,"AlphaPolis.Co.,Ltd. "
46410,Altech Corporation 
30280,"Alpen Co.,Ltd. "
49320,"ALMADO,INC. "
78590,ALMEDIO INC. 
2994,???? Holdings 
26850,"and ST HD Co., Ltd. "
33000,"AMBITION DX HOLDINGS Co., Ltd. "
70710,"Amvis Holdings, Inc. "
33840,"ArkCore, Inc. "
99480,"ARCS COMPANY,LIMITED "
76920,EARTH INFINITY CO.LTD. 
78230,ARTNATURE INC. 
32420,"URBANET CORPORATION CO.,LTD. "
2992,??????? 
32480,"EARLY AGE CO., Ltd. "
78370,"R.C.CORE CO.,LTD. "
29830,"Arr Planner Co.,Ltd. "
46640,JAPAN RELIANCE SERVICE CORPORATION 
58520,AHRESTY CORPORATION 
98820,YELLOW HAT LTD. 
23340,eole Inc. 
43430,"AEON Fantasy Co.,LTD. "
72730,"IKUYO CO.,LTD. "
82730,"izumico.,ltd "
168A0,itamiarts inc. 
18470,"ICHIKEN Co., Ltd. "
96190,"ICHINEN HOLDINGS CO.,LTD. "
60490,ItoKuro Inc. 
79720,ITOKI CORPORATION 
52870,"ITO YOGYO CO., LTD. "
39700,Innovation Inc. 
34840,"Innovation Holdings CO.,LTD. "
56990,"IBOKIN Co.,Ltd. "
39550,"IMURA & Co., Ltd. "
26670,"ImageONE Co.,Ltd. "
77930,IMAGE MAGIC Inc. 
36900,YRGLM Inc. 
62370,"IWAKI CO., LTD. "
21720,INSIGHT INC. 
62000,"Insource Co.,Ltd "
77250,INTER ACTION Corporation 
21220,"Interspace Co.,Ltd. "
37470,"INTERTRADE CO.,Ltd. "
37740,Internet Initiative Japan Inc. 
65450,internet infinity INC. 
40570,"Interfactory,Inc. "
262A0,INTERMESTIC INC. 
70720,"Intimate Merger, Inc. "
48470,INTELLIGENT WAVE INC. 
463A0,"INTELLEX HOLDINGS Co.,Ltd. "
43260,INTAGE HOLDINGS Inc. 
301A,?????? 
71910,Entrust Inc. 
32370,"INTRANCE CO.,LTD. "
70310,Inbound Tech Inc. 
55870,Inbound Platform Corp. 
44440,infoNet inc. 
24920,Infomart Corporation 
438A0,"Infcurion, Inc. "
48200,"EM SYSTEMS CO.,LTD. "
70360,eMnet Japan.co.ltd. 
77940,EDP Corporation 
28820,"EAT&HOLDINGS Co.,Ltd. "
60380,"IID, Inc. "
93270,"e LogiT co.,ltd. "
32410,"WILL,Co.,Ltd. "
60890,"WILL GROUP,INC. "
44820,WILLs Inc. 
5617,???/?? 
5251,???/?? 
78310,WellcoHoldings Corporation 
70870,"WILLTEC Co.,Ltd. "
35380,WILLPLUS Holdings Corporation 
48250,WEATHERNEWS INC. 
23880,"Wedge Holdings CO., LTD. "
75510,"WEDS CO., LTD. "
29010,Wel-Dish. Incorporated 
60910,Wesco Holdings Inc. 
14070,West Holdings corporation 
60590,"UCHIYAMA HOLDINGS Co.,Ltd. "
78980,"WOOD ONE CO.,LTD. "
61910,AirTrip Corp. 
95570,"airCloset,Inc. "
59890,"H-ONE CO.,LTD. "
96030,"H.I.S. Co., Ltd. "
36620,"Ateam Holdings Co., Ltd. "
39690,ATLED CORP. 
42590,ExaWizards Inc. 
362A,???? Holdings 
60330,"EXTREME CO.,LTD. "
43940,"eXmotion Co.,Ltd. "
72780,EXEDY Corporation 
158A,???? 
75200,"eco's co.,ltd "
38020,"ECOMIC CO.,LTD "
62250,Ecology and Combustion Inc. 
292A,?????? 
34230,SE Corporation 
32230,SLD Entertainment Inc. 
76080,"SK JAPAN CO., LTD. "
66770,"SK-Electronics CO.,LTD. "
88920,ES-CON JAPAN Ltd. 
61610,ESTIC CORPORATION 
32800,"STrust Co.,Ltd. "
58670,"ES NETWORKS CO., LTD. "
24710,"S-Pool,Inc. "
32600,"ESPOIR Co.,Ltd. "
65540,"SUS Co.,Ltd. "
21750,"SMS CO.,LTD "
317A,??/??/??/?????? 
31930,"Eternal Hospitality Group Co.,Ltd. "
47620,XNET Corporation 
72190,"HKS CO.,LTD. "
39350,"Edia Co.,Ltd. "
27300,EDION Corporation 
36650,Enigmo Inc. 
23490,"Nippon Information Development Co.,Ltd. "
68640,NF HOLDINGS CORPORATION 
94210,NJ Holdings Inc. 
70570,"New Constructor's Network Co.,Ltd. "
38500,NTT DATA INTRAMART CORPORATION 
62550,NPC Incorporated 
69280,"ENOMOTO CO.,LTD "
357A,??????? 
47710,"F&M CO.,LTD. "
95140,EF-ON INC. 
72120,F-TECH INC. 
79470,FP CORPORATION 
92110,f-code Inc. 
72960,"F.C.C.CO.,LTD. "
607A0,???? 
23110,"EPCO Co.,Ltd. "
36610,"mup holdings. Inc, "
39100,MKSystem Corporation 
94380,MTI Ltd. 
14010,"mbs,inc. "
94390,M H GROUP LTD. 
60990,ELAN Corporation 
89120,Area Quest Inc. 
55330,"Elitz Holdings Co.,Ltd. "
39670,"Eltes Co., Ltd. "
65600,"LTS,Inc. "
-,???????????? 
60920,"EnBio Holdings,Inc "
56980,ENVIPRO HOLDINGS Inc. 
69610,ENPLAS CORPORATION 
43880,"AI,Inc. "
93810,AIT CORPORATION 
53910,A&A Material Corporation 
377A0,Agent IG Holdings Inc. 
369A0,"A-tie Co.,Ltd. "
26700,"ABC-MART,INC. "
61560,A-ONE SEIMITSU INC. 
31750,"AP HOLDINGS CO.,LTD. "
97650,"OHBA CO.,LTD. "
79940,OKAMURA CORPORATION 
29380,"Okamura Foods Co.,Ltd. "
65210,OXIDE Corporation 
52180,OHARA INC. 
5890,????????? 
152A,???? 
92680,OPTIMUS GROUP COMPANY LIMITED 
36940,OPTiM CORPORATION 
66640,"OPTOELECTRONICS CO.,LTD. "
62350,"OPTORUN CO.,LTD. "
228A0,"Opro Co., Ltd. "
24980,Oriental Consultants Holdings Company Limited 
46610,"ORIENTAL LAND CO.,LTD. "
85850,Orient Corporation 
65130,"Origin Company, Limited "
619A0,OLIVER CORPORATION 
36720,AltPlusInc. 
39830,"ORO Co., Ltd. "
91600,"ON THE PAGE, Inc. "
73600,"ONDECK Co., Ltd. "
80160,"ONWARD HOLDINGS Co., Ltd. "
64280,OIZUMI Corporation 
76140,"OM2 Network Co.,Ltd "
39640,AUCNET INC. 
36740,"Aucfan Co.,Ltd. "
82170,"OKUWA CO., LTD. "
38080,"OKWEB, Inc. "
62290,OKUMURA ENGINEERING CORP. 
30960,OCEAN SYSTEM CORPORATION 
74340,OTAKE CORPORATION 
621A0,Audiostock Inc. 
55890,"AUTO SERVER Co.,LTD. "
98320,"AUTOBACS SEVEN CO.,LTD. "
59870,ONEX Corporation 
76280,OHASHI TECHNICA INC. 
77270,OVAL Corporation 
414A0,"OVERLAP Holdings,Inc. "
78270,ORVIS CORPORATION 
46840,"OBIC Co.,Ltd. "
47330,"OBIC BUSINESS CONSULTANTS CO.,LTD. "
55760,O.B.System Inc. 
21540,Open Up Group Inc. 
39260,Open Door Inc. 
32880,"Open House Group Co., Ltd "
24540,"All About,Inc. "
45830,Chiome Bioscience Inc. 
5581,???????? 
153A0,Caulis Inc. 
23710,"Kakaku.com,Inc. "
89190,"KATITAS Co., Ltd. "
211A0,Cados Corporation 
80810,KANADEN CORPORATION 
39390,"Kanamic Network Co.,LTD "
96780,"Kanamoto Co., Ltd. "
41180,KANEKA CORPORATION 
72080,KANEMITSU CORPORATION 
80760,CANOX CORPORATION 
96970,"CAPCOM CO., LTD. "
39040,KAYAC Inc. 
40140,"KARADANOTE,INC. "
27890,"Karula Co.,LTD. "
30450,"Kawasaki&Co.,Ltd "
62920,"KAWATA MFG. CO., LTD. "
26640,CAWACHI LIMITED 
99030,"KANSEKI CO.,LTD. "
70850,"CURVES HOLDINGS Co., Ltd. "
72970,"CAR MATE MFG.CO.,LTD "
42750,"Carlit Co.,Ltd. "
37750,Gaiax Co.Ltd. 
274A0,"Garden Co.,Ltd. "
47770,GALA INCORPORATED 
47070,KITAC CORPORATION 
248A0,KIDS STAR Inc. 
64980,KITZ CORPORATION 
50390,Kitalive Inc. 
74610,"KIMURA CO.,LTD. "
81070,KIMURATAN CORPORATION 
93310,Caster Co. Ltd. 
66950,"Castrico Co.,Ltd. "
39650,"Capital Asset Planning, Inc. "
61980,"CAREER CO.,LTD "
24100,"CAREER DESIGN CENTER CO.,LTD. "
14460,"CANDEAL Co., Ltd. "
26980,"CANDOCO.,LTD. "
45750,"CanBas Co.,Ltd. "
71120,"CUBE CO., LTD. "
23350,CUBE SYSTEM INC. 
93690,K.R.S.Corporation 
79620,"KING JIM CO.,LTD. "
68610,KEYENCE CORPORATION 
92190,GiXo Ltd. 
92790,GIFT HOLDINGS INC. 
475A0,"GIMIC Co., Ltd. "
505A0,"Geekly , Inc. "
43180,"QUICK CO.,LTD. "
23320,"Quest Co., Ltd. "
91650,"Qualtec Co.,Ltd. "
95520,"Quants Research Institute Holdings, Inc. "
35490,"KUSURI NO AOKI HOLDINGS CO., LTD. "
36070,"KURAUDIA HOLDINGS CO.,LTD. "
39000,CrowdWorks Inc. 
71100,Kurashicom Inc. 
58840,"KURADASHI.Co.,Ltd. "
19590,KRAFTIA CORPORATION 
34050,"KURARAY CO.,LTD. "
33870,create restaurants holdings inc. 
31480,"CREATE SD HOLDINGS CO.,LTD "
47050,CLIP Corporation 
47630,"CREEK & RIVER Co.,Ltd. "
40170,CREEMA LTD. 
96980,"creo co.,ltd. "
46740,CRESCO LTD. 
78120,CRESTEC Inc. 
82530,"Credit Saison Co.,Ltd. "
40230,KUREHA CORPORATION 
23070,"CROSS CAT CO.,LTD. "
78100,"Crossfor Co.,Ltd "
36750,Cross Marketing Group Inc. 
94280,CROPS CORPORATION 
34750,"Good Com Asset Co., Ltd. "
73510,Goodpatch Inc. 
95610,GLAD CUBE Inc. 
78470,GRAPHITE DESIGN INC. 
32610,"GRANDES,Inc. "
55820,GRID Inc. 
31500,"grems,Inc. "
14360,GreenEnergy & Company Inc. 
272A0,"Green Cross Holdings Co., Ltd. "
65470,"GREENS CO.,LTD. "
98500,"GOURMET KINEYA CO.,LTD. "
39360,"Globalway, Inc. "
61890,Global Kids Company Corp. 
76250,"GLOBAL-DINING,INC. "
34860,GLOBAL LINK MANAGEMENT INC. 
24250,"Care Service Co., Ltd. "
23730,CARE TWENTYONE CORPORATION 
48960,"K Pharma,Inc. "
37600,"CAVE CO.,LTD "
259A0,"K-uno, CO., LTD. "
9239,?????? 
82820,K'S HOLDINGS CORPORATION 
98560,"KU HOLDINGS CO.,LTD. "
34200,KFC Ltd 
26810,GEO HOLDINGS CORPORATION 
62490,"Gamecard Holdings, Inc. "
23590,CORE CORPORATION 
43710,Core Concept Technologies Inc. 
41760,coconala Inc. 
41670,Kokopelli Inc. 
93460,Cocorport Inc. 
21570,"KOSHIDAKA HOLDINGS Co.,LTD. "
75130,"Kojima Co.,Ltd. "
88440,"COSMOS INITIA Co., Ltd. "
33490,COSMOS Pharmaceutical Corporation 
309A,?????? 
98760,"COX CO.,LTD. "
74940,"KONAKA CO.,LTD. "
76890,Copa Corpotation Inc. 
70590,"COPRO-HOLDINGS. Co., Ltd. "
44960,Commerce One Holdings Inc. 
35430,"KOMEDA Holdings Co., Ltd "
82180,"KOMERI CO.,LTD. "
27800,"Komehyo Holdings Co.,Ltd. "
22240,"COMO CO.,LTD. "
405A,???/???? 
39080,Collabos Corporation 
77920,"Colan Totte.Co.,Ltd. "
65780,CORREC HOLDINGS Inc. 
36680,"COLOPL,Inc. "
98950,CONSEC CORPORATION 
73740,Interworks Confidence Inc. 
65740,Convano Inc. 
36350,"KOEI TECMO HOLDINGS CO., LTD. "
32460,"KOSE R.E. Co.,Ltd. "
49220,KOSE Holdings Corporation 
93390,"COACH A Co.,Ltd. "
30320,"GOLF DO CO.,LTD. "
81110,GOLDWIN INC. 
88710,"GOLDCREST Co.,Ltd. "
44120,"Science Arts, Inc. "
75810,"saizeriya co.,ltd. "
47510,"CyberAgent,Inc. "
44930,"Cyber Security Cloud , Inc. "
36830,"CYBERLINKS CO.,LTD. "
70690,"CyberBuzz,Inc. "
48920,Cyfuse Biomedical K.K. 
42560,"CYND Co.,Ltd. "
94460,"SAKAI Holdings CO.,LTD "
90390,"Sakai Moving Service Co.,Ltd. "
99000,Sagami Holdings Corporation 
92560,"Succeed co.,ltd. "
99900,SAC'S BAR HOLDINGS INC. 
3450,????? 
62870,SATO CORPORATION 
99960,"Satoh&Co.,Ltd. "
46510,SANIXHOLDINGS INCORPORATED 
21800,SUNNY SIDE UP GROUP Inc. 
217A,???? 
92290,"SUNWELS Co.,Ltd. "
26590,"SAN-A CO.,LTD. "
42340,"Sun A.Kaken Company,Limited "
29370,"St.Cousair CO.,LTD. "
81300,Sangetsu Corporation 
69640,"SANKO CO.,LTD. "
32770,"Sansei Landic Co.,Ltd "
19600,Sanyo Engineering & Construction Inc. 
99890,"SUNDRUG CO.,LTD. "
33950,"Saint Marc Holdings Co.,Ltd. "
56970,"SANYU CO.,LTD. "
81360,"Sanrio Company, Ltd. "
93660,SANRITSU CORPORATION 
70400,"SUN-LIFE HOLDING CO.,LTD. "
310A,???????? 
44340,"Serverworks Co.,Ltd. "
27340,SALA CORPORATION 
40760,"CNS Co.,Ltd "
21850,CMC CORPORATION 
66140,"Shikino High-Tech CO.,LTD. "
60880,SIGMAXYZ Holdings Inc. 
23170,Systena Corporation 
38040,System D Inc. 
38260,System Integrator Corp. 
548A0,??????? 
43960,System Support Holdings Inc. 
75270,SystemSoft Corporation 
37710,"SYSTEM RESEARCH CO.,LTD. "
24350,"cedar.co.,ltd "
44280,sinops Inc. 
73090,SHIMANO INC. 
74820,"SHIMOJIMA Co.,Ltd. "
39760,SHANON Inc. 
99690,"SHOKUBUN CO.,LTD. "
93850,shoei corporation 
39090,Showcase Inc. 
92620,"SILVER LIFE CO., LTD. "
149A0,"Thinca Co.,Ltd. "
39630,"Synchro Food Co.,Ltd. "
77820,"Sincere Co., LTD. "
7176,??????/????????/ Holdings 
96920,COMPUTER ENGINEERING & CONSULTING LTD. 
43450,"CTS Co.,Ltd. "
77430,"SEED CO.,LTD. "
49260,"C'BON COSMETICS Co.,Ltd "
91580,CUC Inc. 
88870,"SYLA Holdings Co.,Ltd. "
78080,"C.S. LUMBER CO., INC "
26870,CVS Bay Area Inc. 
40730,"Global Communication Planning Co., Ltd. "
437A,??????? 
21240,"JAC Recruitment Co., Ltd. "
60740,JSS CORPORATION 
79420,JSP Corporation 
30630,J-Group Holdings Corp. 
70730,"JAIC Co., Ltd. "
64730,JTEKT Corporation 
24790,JTEC CORPORATION 
34460,JTEC CORPORATION 
27210,J-Holdings Corp. 
62280,"J.E.T.Co.,LTD. "
34800,"J.S.B.Co.,Ltd. "
77020,"JMS CO.,LTD. "
31950,"GENERATION PASS CO.,LTD "
55700,"JENOBA CO.,LTD. "
30700,"JELLY BEANS GROUP Co.,Ltd. "
30800,"JASON CO.,LTD. "
73570,"GEOCODE CO., Ltd. "
340A0,"zig-zag,Inc. "
70820,"Jimoty,Inc. "
46860,JUSTSYSTEMS CORPORATION 
42870,JUSTPLANNING INC. 
85840,"JACCS CO., LTD. "
64450,JANOME Corporation 
71720,"Japan Investment Adviser Co.,Ltd. "
60160,Japan Engine Corporation 
67400,Japan Display Inc. 
77740,"Japan Tissue Engineering Co., Ltd. "
98350,"juntendo co.,ltd. "
99420,"Joyfull Co.,Ltd. "
31910,"JOYFUL HONDA CO.,LTD. "
142A0,"JINJIB Co.,Ltd. "
30460,JINS HOLDINGS Inc. 
21600,GNI Group Ltd. 
38410,Jedat Inc. 
59700,G-TEKT CORPORATION 
58850,"GDEP ADVANCE, Inc. "
65620,"Geniee,Inc. "
41790,G-NEXT Inc. 
329A,????????? 
48450,"Scala, Inc. "
96840,"SQUARE ENIX HOLDINGS CO.,LTD. "
80050,Scroll Corporation 
99870,"SUZUKEN CO.,LTD. "
35500,STUDIO ATAO Co.Ltd. 
23050,"STUDIO ALICE Co.,Ltd. "
40190,"Stmn,Inc. "
477A0,"Startline CO.,LTD. "
92060,Star Flyer Inc. 
97950,"STEP CO.,LTD. "
70960,StemCell Institute Inc. 
45990,StemRIM Inc. 
61960,"Strike Group Co., Ltd. "
30710,"stream co.,ltd "
29970,"STORAGE-OH Co.,Ltd. "
70300,"SPRIX, Ltd. "
96220,"SPACE CO.,LTD. "
44870,Spacemarket Inc. 
70800,"Sportsfield Co., Ltd. "
93420,Sumasapo Inc. 
44310,"Smaregi,Inc. "
51370,SmartDrive inc. 
94170,"Smartvalue Co.,Ltd. "
75440,"Three F Co., Ltd. "
77770,"3-D Matrix,Ltd. "
59900,"SUPER TOOL CO.,LTD. "
66940,ZOOM CORPORATION 
28720,"SEIHYO CO.,Ltd. "
92130,SEYFERT LTD. 
523A0,"SEIWA HOLDINGS Co., Ltd. "
42640,"SECURE,INC. "
30420,SecuAvail Inc. 
96400,"SAISON TECHNOLOGY CO,.LTD. "
37410,"Systems Engineering Consultants Co.,LTD. "
84100,"Seven Bank, Ltd. "
33820,"Seven & i Holdings Co., Ltd. "
42930,"SEPTENI HOLDINGS CO.,LTD. "
61990,"SERAKU.,Co.Ltd. "
27820,"Seria Co., Ltd. "
36630,"CELSYS,Inc. "
77760,CellSeed Inc. 
73670,"CELM,Inc. "
50780,CEL Corporation 
36960,CERES INC. 
96250,"CERESPO CO.,LTD. "
88980,CENTURY 21 REAL ESTATE OF JAPAN LTD. 
44920,GENETEC CORPORATION 
32240,"General Oyster,Inc. "
90280,"ZERO CO.,LTD. "
171A,?????? 
75500,"ZENSHO HOLDINGS CO.,LTD. "
94740,"ZENRIN CO., LTD. "
358A,??/??? 
36340,Sockets Inc. 
65260,Socionext Inc. 
61430,"Sodick Co.,Ltd. "
35710,"SOTOHCO.,LTD. "
17680,SONEC CORPORATION 
79020,"SONOCOM CO.,LTD. "
69420,"SOPHIA HOLDINGS CO.,LTD. "
37330,"Software Service, Inc. "
33710,SOFTCREATE HOLDINGS CORP. 
550A0,??????? 
23210,Softfront Holdings 
44640,SOFT99corporation 
147A0,"SORACOM,INC. "
30400,SOLITON SYSTEMS K.K. 
215A0,"Timee,Inc. "
204A,????????? 
197A0,"TAUNS Laboratories, Inc. "
24810,"TOWNNEWS-SHA CO.,LTD. "
63250,"TAKAKITA CO.,LTD. "
81660,"Taka-Q Co.,Ltd. "
42420,TAKAGI SEIKO CORPORATION 
75900,"Takasho Co.,Ltd. "
82250,"Takachiho Co.,Ltd "
63380,Takatori Corporation 
24450,"Takamiya Co.,Ltd. "
92590,"TAKAYOSHI Holdings, INC. "
78670,"TOMY COMPANY,LTD. "
60130,"TAKUMA CO., LTD. "
63220,tacmina corporation 
166A0,TASUKI Holdings Inc. 
63950,TADANO LTD. 
72390,"TACHI-S CO.,LTD. "
96440,"TANABE CONSULTING GROUP CO.,LTD. "
67680,TAMURA CORPORATION 
77400,"Tamron Co.,Ltd. "
76430,"DAIICHI CO.,LTD. "
42450,"Daiki Axis Co.,Ltd "
59000,"DAIKEN CO.,LTD. "
47500,"DAISAN CO.,LTD. "
28160,"DAISHO CO.,LTD. "
97930,"Daiseki Co.,Ltd. "
42020,DAICEL CORPORATION 
32050,DAIDOH LIMITED 
63830,"DAIFUKU CO., LTD. "
151A0,Dive Group inc. 
66220,DAIHEN CORPORATION 
73540,Direct Marketing MiX Inc. 
46650,"DUSKIN CO.,LTD. "
76830,"WA,Inc. "
39250,Double Standard Inc. 
305A,?????? 
39620,"CHANGE Holdings, Inc. "
68500,Chino Corporation 
60620,CHARM CARE CORPORATION 
81850,"CHIYODA CO.,LTD "
43970,TeamSpirit Inc. 
68970,TWIN-BIRD CORPORATION 
24180,TSUKADA GLOBAL HOLDINGS Inc. 
80250,"TSUKAMOTO CORPORATION CO., LTD. "
61010,TSUGAMI CORPORATION 
29780,TSUKURUBA Inc. 
79370,"TSUTSUMI JEWELRY CO.,LTD. "
65510,TSUNAGU GROUP HOLDINGS Inc. 
64640,"TSUBAKI NAKASHIMA CO.,LTD. "
45400,TSUMURA & CO. 
33910,TSURUHA HOLDINGS INC. 
24850,TEAR Corporation 
593A0,"TIER IV, Inc. "
75010,TIEMCO LTD. 
72360,"T.RAD Co.,Ltd. "
43310,"TAKE AND GIVE. NEEDS Co., Ltd. "
76100,"TAY TWO CO.,LTD "
72170,"TEIN,INC. "
29620,"TECNISCO, LTD. "
9335,?????????? 
333A,??????? 
62460,Techno Smart Corp. 
34490,TECHNOFLEX CORPORATION 
37870,"Techno Mathematical Co.,Ltd. "
66780,"Techno Medica Co., Ltd. "
52480,"TECHNOLOGIES, Inc. "
19650,TECHNO RYOWA LTD. 
63370,TESEC Corporation 
19050,tenox corporation 
70370,teno.Holdings Company Limited 
39150,"TerraSky Co.,Ltd "
66270,"Tera Probe,Inc. "
51330,Terilogy Holdings Corporation 
94090,TV Asahi Holdings Corporation 
94130,TV TOKYO Holdings Corporation 
41980,"TENDA Co.,LTD. "
27510,"TENPOS HOLDINGS Co.,Ltd "
88410,"TOC Co.,Ltd "
98120,"T.O. Holdings CO., LTD. "
47670,"TOW CO.,LTD. "
32450,"DEAR LIFE CO.,LTD. "
36520,Digital Media Professionals Inc. 
61460,DISCO CORPORATION 
65380,Disruptors Inc. 
44210,"D.I.System Co.,Ltd. "
97820,DMS INC. 
24320,"DeNA Co., Ltd "
36860,DLE Inc. 
72280,DAYTONA CORPORATION 
73720,Decollte Holdings Corporation 
92440,DIGITALIFT Inc. 
48190,"Digital Garage, Inc. "
263A0,???????? 
36760,"DIGITAL HEARTS HOLDINGS Co., Ltd. "
36910,"DIGITAL PLUS, Inc. "
507A,????/???? 
34690,"Dualtap Co., Ltd. "
92400,Delivery Consulting Inc. 
28760,Delsole Corporation 
81440,"Denkyo Group Holdings Co.,Ltd. "
69020,DENSO CORPORATION 
6174,???? 
45760,"D.Western Therapeutics Institute, Inc. "
371A,??????? 
36280,"DATA HORIZON CO.,LTD "
38480,"Data Applications Company, Limited "
70740,Twenty-four seven Holdings Inc. 
40430,Tokuyama Corporation 
47540,TOSNETCORPORATION 
76400,"TOP CULTURE Co.,Ltd. "
243A,???? 
85420,"TOMATO BANK,LTD. "
81470,TOMITA CO.LTD. 
341A0,TOYOKOH Inc. 
48400,TriIs Incorporated 
141A0,"TRIAL Holdings, Inc. "
78180,"TRANSACTION CO.,Ltd. "
52580,Transaction Media Networks Inc. 
23420,TRANS GENIC GROUP INC. 
545A0,?????? 
66960,TRaaS On Product Inc. 
93370,toridori Inc. 
33970,TORIDOLL Holdings Corporation 
50260,"TRIPLEIZE CO.,LTD. "
30930,"Treasure Factory Co.,LTD. "
39970,"TRADE WORKS Co., Ltd "
267A,????? 
59730,TOAMI CORPORATION 
32040,Toabo Corporation 
19460,TOENEC CORPORATION 
33610,"Toell Co.,Ltd. "
97290,TOKAI Corp. 
94440,"TOSHIN HOLDINGS CO.,LTD "
47280,"TOSE CO.,LTD. "
81420,"TOHO Co.,Ltd. "
27370,TOMEN DEVICES CORPORATION 
39460,"TOMOKU CO.,LTD. "
52710,"Toyo Asano Foundation Co.,Ltd. "
74830,"DOSHISHA CO.,LTD. "
30870,"DOUTOR NICHIRES Holdings.,Co Ltd. "
37930,"Drecom Co.,Ltd. "
43100,Dream Incubator Inc. 
48110,DreamArts Corporation 
23030,Dawn Corporation 
80130,"NAIGAI CO.,LTD. "
77160,NAKANISHI INC. 
18270,NAKANO CORPORATION 
17870,"Nakabohtec Corrosion Protecting Co.,Ltd. "
62390,NAGAOKA INTERNATIONAL CORPORATION 
97330,Nagase Brothers Inc. 
81390,NAGAHORI CORPORATION 
96630,"NAGAWA Co .,Ltd. "
97880,"NAC CO .,LTD. "
27900,"NAFCO CO., Ltd "
58700,Nalnet Communications Inc. 
91630,Nareru Group Inc. 
73990,"NANSIN CO., LTD. "
74350,"NADEX CO., LTD. "
44650,"Niitaka Co., Ltd. "
77310,NIKON CORPORATION 
64670,NICHIDAI CORPORATION 
75780,"NICHIRYOKU CO., LTD. "
51840,"NICHIRIN CO., LTD. "
28710,NICHIREI CORPORATION 
53670,NIKKATO CORPORATION 
60420,"nikki co.,ltd "
42430,"NIX,INC. "
13320,Nissui Corporation 
14440,"Nissou Co.,Ltd. "
70210,"NITCHITSU CO.,LTD. "
17380,NITTOH CORPORATION 
79320,"Nippi,Incorporated "
20010,NIPPN CORPORATION 
98430,"Nitori Holdings Co., Ltd. "
79880,NIFCO INC. 
484A,???????? 
-,???????????? 
68630,NIRECO CORPORATION 
39920,Needs Well Inc. 
50330,Nulab Inc. 
39210,NEOJAPAN Inc. 
172A,????? 
41960,NEO MARKETING INC. 
31860,"NEXTAGE Co., Ltd. "
38420,"Nextgen,Inc. "
430A,??????? 
36590,"NEXON Co., Ltd. "
55900,"NETSTARS Co.,Ltd. "
73830,"Net Protections Holdings, Inc. "
49280,"noevir holdings co.,ltd. "
52370,NOZAWA CORPORATION 
74190,Nojima Corporation 
78790,NODA CORPORATION 
50790,"NOVAC CO., LTD. "
39400,"Nomura System Corporation Co, Ltd. "
446A0,"Northsand, Inc. "
59430,NORITZ CORPORATION 
76110,HIDAY HIDAKA Corp. 
30540,HYPER Inc. 
42600,"Hybrid Technologies Co., Ltd. "
42990,"HIMACS,Ltd. "
72790,HI-LEX CORPORATION 
89960,"HousefreedomCo.,Ltd. "
70640,"Howtelevision,Inc "
99500,"HACHI-BAN CO.,LTD. "
148A0,"HATCH WORK CO.,LTD. "
27920,"HONEYS HOLDINGS CO.,LTD. "
31740,happiness and d co ltd 
75520,HAPPINET CORPORATION 
30300,"HUB CO.,LTD. "
64970,HAMAI INDUSTRIES LTD. 
90370,"HAMAKYOREX CO.,LTD. "
97800,HARIMA B.STEM CORPORATION 
71190,"halmek holdings Co.,Ltd. "
27420,"HALOWS CO.,LTD. "
5077,??? 
76360,"HANDSMAN CO., LTD. "
173A0,Hammock Inc. 
75610,HURXLEY HOLDINGS CORPORATION 
510A,?????? 
26740,"HARD OFF CORPORATION Co.,Ltd. "
49250,"HABA LABORATORIES, INC. "
63240,Harmonic Drive Systems Inc. 
33770,BIKE O & COMPANY Ltd. 
31510,"VITAL KSK HOLDINGS,INC. "
66760,BUFFALO INC. 
33520,"BUFFALO CO.,LTD. "
554A0,"Batonz Co., Ltd. "
30110,"BANNERS CO.,LTD. "
39310,VALUE GOLF Inc. 
455A,??????? Holdings 
60780,"Value HR Co., Ltd. "
79950,"VALQUA , LTD. "
77900,"BARCOS Co., Ltd. "
34180,"BALNIBARBI Co.,Ltd. "
239A,????? 
35480,Baroque Japan Limited 
99560,"VALOR HOLDINGS CO.,LTD. "
43930,"Bank of Innovation, Inc. "
78320,Bandai Namco Holdings Inc. 
59880,"PIOLAX,INC. "
78460,PILOT CORPORATION 
30210,"Pacific Net Co.,Ltd "
21680,Pasona Group Inc. 
93880,"PAPANETS CO.,Ltd. "
36410,"PAPYLESS CO.,Ltd. "
27260,"PAL GROUP Holdings CO.,LTD. "
34610,"Palma Co., Ltd. "
485A0,"PowerX, Inc "
44500,"Power Solutions,Ltd. "
75320,Pan Pacific International Holdings Corporation 
98450,PARKER CORPORATION 
90290,"HIGASHI HOLDINGS CO.,LTD. "
20580,"HIGASHIMARU CO., LTD. "
378A0,"Hit Co., Ltd. "
21360,HIP CORPORATION 
44330,"HITO-Communications Holdings,Inc. "
249A,?????????? 
73610,"Human Creation Holdings,Inc. "
56210,"Human Technologies,Inc. "
62450,"HIRANO TECSEED CO.,LTD. "
5130,?? Holdings 
97910,BIKEN TECHNO CORPORATION 
44900,VisasQ Inc. 
96580,BUSINESS BRAIN SHOWAOTA INC. 
334A0,"Visual Processing Japan Co., Ltd. "
94160,VISION INC. 
542A0,Vitabrid Japan Inc. 
30480,BIC CAMERA INC. 
30410,"Beauty Kadan Holdings Co.,Ltd. "
31800,BEAUTY GARAGE Inc. 
78040,"B&P Co.,Ltd. "
91450,"BEING HOLDINGS CO.,LTD. "
604A0,?????? 
39810,Beaglee Inc. 
302A0,"b-style holdings,Inc. "
39860,"bBreak Systems Company, Limited "
43160,"BeMap,Inc. "
34520,B-Lot Company Limited 
46940,"BML, INC. "
70660,"Peers Co.,Ltd. "
70440,PIALA INC. 
28180,"PIETRO Co., Ltd. "
67310,PIXELA CORPORATION 
29350,"PICKLES HOLDINGS CO.,LTD. "
47660,"PA Co., Ltd "
35590,p-ban.com Corp. 
44470,"PBsystems,Inc. "
94500,Fibergate Inc. 
59940,"FINESINTER CO.,LTD. "
51250,Fines inc. 
36490,FINDEX Inc. 
41930,"Fabrica Holdings Co.,Ltd. "
46710,"FALCO HOLDINGS Co.,Ltd. "
72150,"FALTEC Co.,Ltd. "
24610,FAN Communications Inc. 
31370,"Fundely Co., Ltd. "
32660,"Fund Creation Group Co.,Ltd "
48810,FunPep Company Limited 
99830,"FAST RETAILING CO., LTD. "
29290,"Pharma Foods International Co., Ltd. "
38070,FISCO Ltd. 
36870,Fixstars Corporation 
469A0,Fitcrew Inc. 
5037,???????? 
32670,"Phil Company,Inc. "
34890,"FaithNetwork Co.,Ltd "
61900,"PhoenixBio Co.,Ltd. "
557A,?????? 
33960,FELISSIMO CORPORATION 
68900,Ferrotec Corporation 
46620,Focus Systems Corporation 
23300,"Forside Co.,Ltd. "
37260,"4Cs HD Co., Ltd. "
82750,FORVAL CORPORATION 
94450,"FORVALTELECOM,INC. "
94230,Forval RealStraight Inc. 
51850,"FUKOKU CO.,LTD. "
82780,"FUJI CO., LTD. "
27520,FUJIO FOOD GROUP INC. 
58030,Fujikura Ltd. 
78640,"FUJI SEAL INTERNATIONAL,INC. "
33700,"FUJITA CORPORATION Co.,Ltd. "
36000,FUJIX Ltd. 
59650,FUJIMAK CORPORATION 
53840,FUJIMI INCORPORATED 
46760,"FUJI MEDIA HOLDINGS, INC. "
478A0,???? 
92410,"Future Link Network Co.,Ltd. "
37530,FLIGHT SOLUTIONS Inc. 
323A0,Flier Inc. 
33170,"FLYING GARDEN CO., LTD "
60940,"FreakOut Holdings, inc. "
528A,??????? 
48480,"FULLCAST HOLDINGS CO.,LTD. "
25860,FRUTA FRUTA INC. 
78260,"FURUYA METAL CO.,LTD. "
70620,"Fureasu Co.,Ltd. "
44140,"FLECT Co.,Ltd. "
42500,Frontier Inc. 
70500,FRONTIER INTERNATIONAL INC. 
5528,????????? 
5525,?????? Holdings 
32840,"Hoosiers Holdings Co., Ltd. "
71140,"Foodison,Inc. "
39270,Fuva Brain Limited 
77170,"V Technology Co., Ltd. "
78030,Bushiroad Inc. 
324A0,"Booking Resort Co.,Ltd. "
24240,Brass Corporation 
61760,Brangista inc. 
51080,BRIDGESTONE CORPORATION 
91620,"Bleach, Inc. "
22080,BOURBON CORPORATION 
417A0,"BLUE ZONES HOLDINGS CO.,LTD. "
30910,"BRONCO BILLY Co.,LTD. "
44150,"BROAD ENTERPRISE CO.,LTD. "
43980,"BroadBand Security, Inc. "
37760,"BroadBand Tower, Inc. "
36730,"Broadleaf Co.,Ltd. "
63470,"PLACO CO.,LTD. "
75020,"PLAZA HOLDINGS CO.,LTD. "
40710,"Plus Alpha Consulting Co., Ltd. "
78130,"Platz Co.,Ltd. "
24490,"PRAP Japan,Inc. "
23910,"PLANET,INC. "
458A,???/?? 
41650,"PLAID, Inc. "
501A,??????????? 
42900,Prestige International Inc. 
25880,"Premium Water Holdings,Inc. "
73840,"Procrea Holdings, Inc. "
95600,PROGRIT Inc. 
37630,Pro-ship Incorporated 
92460,"ProjectHoldings,Inc. "
55800,"Prodelight Co.,Ltd. "
78930,PRONEXUS INC. 
32360,"PROPERST CO.,LTD. "
70340,"Prored Partners CO.,LTD. "
40110,"Headwaters Co.,Ltd "
45930,HEALIOS K.K. 
65320,"BayCurrent, Inc. "
35420,"Vega corporation Co.,Ltd. "
26560,Vector HOLDINGS Inc. 
60580,VECTOR INC. 
65770,"Bestone.Com Co.,Ltd "
39340,"BENEFIT JAPAN Co.,Ltd. "
73630,baby calendar Inc. 
99040,"Verite Co.,Ltd. "
99740,"Belc CO., LTD. "
61830,"BELLSYSTEM24 HOLDINGS,INC. "
503A,??????? 
52900,Vertex Corporation 
94410,"Bell-Park Co.,Ltd. "
99970,"BELLUNA CO.,LTD. "
519A0,????? 
30530,"PEPPER FOOD SERVICE CO.,LTD. "
48820,Perseus Proteomics Inc. 
31900,"HOTMAN Co.,Ltd. "
31960,"HOTLAND HOLDINGS Co., Ltd. "
36800,Hotto Link Inc. 
97200,"HOTEL NEW GRAND CO.,LTD "
13820,"HOB Co.,Ltd. "
61950,"HOPE, INC. "
36390,Voltage Incorporation 
44130,"baudroie,inc. "
73580,Poppins Corporation 
76010,"POPLAR Co., Ltd. "
49270,POLA ORBIS HOLDINGS INC. 
95530,"MicroAd,Inc. "
39280,Mynet Inc. 
65860,Makita Corporation 
98900,"MAKIYA CO.,LTD. "
44790,"Makuake, Inc. "
17950,MASARU CORPORATION 
36110,MATSUOKA CORPORATION 
30880,MatsukiyoCocokara & Co 
79010,MATSUMOTO INC. 
43600,"MANAC Chemical Partners Co.,Ltd. "
70330,"Management Solutions Co.,Ltd "
39940,"Money Forward, Inc. "
98230,Mammy Mart Holding Corporation 
34940,"Mullion Co.,Ltd. "
82280,"MARUICHI Co.,Ltd. "
59820,"MARUZEN CO., LTD. "
62640,"Marumae Co.,Ltd. "
75150,Maruyoshi Center Inc. 
73470,"Mercuria Holdings Co.,Ltd. "
50250,MERCURY Inc. 
31350,"MarketEnterprise Co.,Ltd "
64190,Mars Group Holdings Corporation 
78440,Marvelous Inc. 
72470,MIKUNI CORPORATION 
76870,"MICREED Co., Ltd. "
31690,"Misawa & Co.,Ltd. "
82030,Mr Max Holdings Ltd. 
45950,"MIZUHO MEDY CO.,LTD. "
65640,"MIDAC HOLDINGS CO., LTD. "
81310,"Mitsuuroko Group Holdings Co.,Ltd. "
72800,MITSUBA Corporation 
66380,"MIMAKI ENGINEERING CO.,LTD. "
14170,MIRAIT ONE Corporation 
335A0,Mirairo Inc. 
31870,miratap inc. 
472A0,"Mirrativ,Inc. "
49190,"Milbon Co., Ltd. "
79830,Miroku Corporation 
99280,"MIROKU JYOHO SERVICE CO.,LTD "
44360,"MINKABU THE INFONOID, Inc. "
32990,"MUGEN ESTATE Co.,Ltd. "
75210,"MUSASHI CO.,LTD. "
72640,MURO CORPORATION 
421A0,"Movin' Strategic Career CO., LTD. "
67870,"Meiko Electronics Co., Ltd. "
97440,MEITEC Group Holdings Inc. 
73690,"Meiho Holdings,Inc. "
68750,MegaChips Corporation 
33500,Metaplanet Inc. 
61820,MetaReal Corporation 
56440,METALART CORPORATION 
36780,"MEDIA DO Co., Ltd. "
66590,"MEDIA LINKS CO.,LTD. "
38150,"Media Kobo,Inc. "
36450,"Medical Net , Inc. "
33530,"Medical Ikkou Group Co.,Ltd. "
331A0,Medix Inc. 
23700,"MEDINET Co., Ltd. "
74590,MEDIPAL HOLDINGS CORPORATION 
45860,"Medrx Co.,Ltd. "
44800,"MEDLEY,INC. "
77800,"Menicon Co.,Ltd. "
43850,"Mercari, Inc. "
92180,"Mental Health Technologies Co.,Ltd. "
21300,"Members Co. ,Ltd. "
81530,"MOS FOOD SERVICES,INC. "
48830,Modalis Therapeutics Corporation 
39120,"Mobile Factory, Inc. "
64550,MORITA HOLDINGS CORPORATION 
36530,"Morpho,Inc. "
52550,Monstarlab Inc. 
74880,YAGAMI INC. 
74600,"YAGI & CO.,LTD. "
22670,"YAKULT HONSHA CO.,LTD. "
76770,"Yashima & Co., Ltd. "
41680,"Yappli, Inc. "
61470,"YAMAZAKI CO., LTD. "
99930,"YAMAZAWA CO.,LTD. "
93050,Yamatane Corporation 
98310,"YAMADA HOLDINGS CO.,LTD. "
52850,YAMAX Corp. 
19670,YAMATO CORPORATION 
81900,"YAMANAKA CO.,LTD. "
75710,YAMANO HOLDINGS CORPORATION 
19340,YURTEC CORPORATION 
286A0,EUCALIA Inc. 
50130,Yushiro Inc. 
76060,UNITED ARROWS LTD. 
25970,UNICAFE INC. 
35470,UNISIA HOLDINGS CO. 
72540,UNIVANCE CORPORATION 
64250,Universal Entertainment Corporation 
60610,"UNIVERSAL ENGEISHA CO.,LTD "
38000,UNIRITA Inc. 
38580,Ubiquitous AI Corporation 
66620,"Ubiteq,INC. "
43340,"YUKE'S Co.,Ltd. "
29310,"Euglena Co., Ltd. "
39840,"User Local, Inc. "
93760,"EURASIA TRAVEL Co.,Ltd "
47320,"USS Co.,Ltd. "
68000,"YOKOWO CO.,LTD. "
64880,Yoshitake Inc. 
32210,"Yossix Holdings Co.,Ltd. "
28840,Yoshimura Food Holdings K.K. 
54510,"YODOKO,Ltd. "
72940,YOROZU CORPORATION 
99550,"THE YONKYU CO., LTD. "
80080,YONDOSHI HOLDINGS INC. 
423A0,LION OFFICE PRODUCTS CORP. 
207A,????????????? 
91680,"Rise Consulting Group, Inc. "
65800,"Writeup Co.,Ltd. "
60820,"RIDE ON EXPRESS HOLDINGS Co.,Ltd. "
216A,???????? 
81940,LIFE CORPORATION 
25850,"LIFEDRINK COMPANY, INC. "
30650,"Life Foods Co., Ltd. "
46800,ROUND ONE Corporation 
40740,"LaKeel, Inc. "
39230,"RAKUS Co.,Ltd "
31390,"Lacto Japan Co.,Ltd. "
30310,"RACCOON HOLDINGS, Inc. "
92520,"Last One Mile Co.,Ltd. "
96120,"LUCKLAND CO., LTD. "
92540,"Lovable Marketing Group, Inc. "
81430,"LAPINE CO.,LTD "
419A,?????? 
33260,"RUNSYSTEM CO.,LTD. "
29810,Landix Inc. 
89180,"LAND Co.,Ltd. "
29910,LANDNET Inc. 
89440,LAND BUSINESS 
-,???????????? 
55320,REALGATE INC. 
60980,"Recruit Holdings Co., Ltd. "
70900,Ligua Inc. 
77520,"RICOH COMPANY,LTD. "
291A0,Reskill Corp. 
373A0,"LIPPS CO,.LTD "
81670,"RETAIL PARTNERS CO., LTD. "
21830,"Linical Co., Ltd. "
370A,????? 
79750,"LIHIT LAB.,INC. "
361A,??????? 
70910,"Living Platform, Ltd. "
73750,"REFINVERSE Group, Inc. "
60540,Livesense Inc. 
480A0,"LiB Consulting Co.,Ltd. "
242A0,"Replipriority Co., Ltd. "
49780,ReproCELL Incorporated 
49350,"LIBERTA CO.,LTD. "
92450,Livero Inc. 
45910,RIBOMIC Inc. 
38250,"Remixpoint,inc. "
88760,"Relo Group, Inc. "
82000,"RINGER HUT CO.,LTD "
21700,Link and Motivation Inc. 
60460,LINKBAL INC. 
93550,RINKO CORPORATION 
79380,REGAL CORPORATION 
69820,"The Lead Co., Inc. "
80290,LOOK HOLDINGS INCORPORATED 
23780,"RENAISSANCE,INCORPORATED "
457A,???? 
43170,Ray Corporation 
76810,"LEOCLAN Co.,Ltd. "
88480,LEOPALACE21CORPORATION 
31560,Restar Corporation 
40040,Resonac Holdings Corporation 
76020,"Ledax Co., Ltd. "
602A,??????????? 
48890,Renascience Inc. 
95190,"RENOVA,Inc. "
5022,??????????? 
372A0,RENT CORPORATION 
60450,"Rentracks CO.,LTD. "
97130,"THE ROYAL HOTEL,LIMITED "
58680,Rococo Co. Ltd. 
205A0,LOGOS HOLDINGS INC. 
90270,"LOGINET JAPAN CO.,LTD. "
29100,"ROCK FIELD CO.,LTD. "
59690,"LOBTEX.CO.,LTD. "
470A,???? 
27980,Y's table corporation 
59550,"WISE HOLDINGS CO.,LTD. "
94190,"WirelessGate, Inc. "
6527,????? 
81250,"Wakita & Co.,LTD. "
67270,"Wacom Co.,Ltd. "
35910,WACOAL HOLDINGS CORP. 
27350,"WATTS CO., LTD. "
43770,ONE CAREER Inc. 
75640,"WORKMAN CO.,LTD. "
36120,"WORLD CO.,LTD. "
24290,"WORLD HOLDINGS CO.,LTD. "
511A,????????? 
79180,"VIA Holdings,Inc. "
38400,VIXTON corporation 
50710,VIS co.ltd. 
44400,WITZ Corporation 
27690,"Village Vanguard CO.,LTD. "
71270,"Ikka Holdings Co.,Ltd. "
7355,??? 
61860,"ICHIKURA CO.,LTD. "
83410,"The 77Bank,Ltd. "
58200,"MITSUBOSHI CO., LTD. "
34390,Mitsuchi Corporation 
69660,"Mitsui High-tec, Inc. "
83160,"Sumitomo Mitsui Financial Group, Inc. "
70030,"MITSUI E&S Co., Ltd. "
64170,"SANKYO CO.,LTD. "
73220,"San ju San Financial Group,Inc "
17880,"santo co.,ltd "
81190,SANYEI CORPORATION 
60440,SANKI SERVICE CORPORATION 
30580,Sanyodo Holdings Inc. 
68820,"Sansha Electric Manufacturing Co.,Ltd. "
36360,"Mitsubishi Research Institute, Inc. "
83060,"Mitsubishi UFJ Financial Group, Inc. "
161A,?? 
30990,Isetan Mitsukoshi Holdings Ltd. 
80110,SANYO SHOKAI LTD. 
93640,"Kamigumi Co., Ltd. "
22110,"Fujiya Co.,Ltd "
64740,NACHI-FUJIKOSHI CORP. 
18130,Fudo Tetra Corporation 
583A,????????? 
96910,"RYOMO SYSTEMS CO.,LTD. "
45580,"CHUKYOIYAKUHIN CO.,LTD. "
64960,"NAKAKITA SEISAKUSHO CO.,LTD. "
93190,"Chuo Warehouse Co.,Ltd. "
94760,"CHUOKEIZAI-SHA HOLDINGS,INC. "
68460,"Chuo Seisakusho,Ltd. "
54080,"NAKAYAMA STEEL WORKS, LTD. "
21390,"CHUCO CO.,LTD. "
22040,"NAKAMURAYA CO.,LTD. "
61660,"NAKAMURA CHOUKOU CO., LTD. "
19410,CHUDENKO CORPORATION 
35040,"MARUHACHI HOLDINGS CO., LTD. "
33990,Maruchiyo Yamaokaya Corporation 
63160,"MARUYAMA MFG.CO.,INC. "
97430,"tanseisha co.,ltd. "
97160,"NOMURA Co.,Ltd. "
27080,"KUZE CO., LTD. "
71800,"Kyushu Financial Group,Inc. "
85960,"KYUSHU LEASING SERVICE CO.,LTD. "
9146,??? 
82600,"IZUTSUYA CO.,LTD. "
76950,"koukandekirukun, Inc. "
67420,"Kyosan Electric Manufacturing Co.,Ltd. "
68370,"KYOSHA CO.,LTD. "
5536,?????????? 
47350,"KYOSHIN CO.,LTD. "
76150,"KYOTO KIMONO YUZEN HOLDINGS Co.,Ltd. "
58440,"Kyoto Financial Group, Inc. "
97230,"THE KYOTO HOTEL, LTD. "
72660,"Imasen Electric Industrial Co.,Ltd. "
25930,"ITO EN,LTD. "
71180,"Shinwa Holdings Co., Ltd. "
93030,"The Sumitomo Warehouse Co.,Ltd. "
18070,"WATANABE SATO CO., LTD. "
83950,THE BANK OF SAGA LTD. 
52160,"KURAMOTO CO.,LTD. "
5573,?? Holdings 
599A,????? 
21370,"HIKARI HEIGHTS-VARUS CO.,LTD. "
78780,"Kohsai Co.,Ltd. "
94350,"HIKARI TSUSHIN,INC. "
79460,KOYOSHA INC. 
5887,?? 
45700,"Immuno-Biological Laboratories Co., Ltd. "
83590,"Hachijuni Nagano Bank, Ltd. "
98490,KYODO PAPER HOLDINGS 
65700,Kyowa Corporation 
59710,"KYOWAKOGYOSYO CO.,LTD. "
68530,"KYOWA ELECTRONIC INSTRUMENTS CO.,LTD. "
96160,"KYORITSU MAINTENANCE CO.,LTD. "
80570,"UCHIDA YOKO CO., LTD. "
24840,"DEMAE-CAN CO.,LTD "
74130,"Sokensha Co., Ltd. "
35610,"CHIKARANOMOTO HOLDINGS Co.,Ltd. "
63910,KAJI TECHNOLOGY CORPORATION 
63900,"KATO WORKS CO., LTD. "
226A,?????? 
29300,Kitanotatsujin Corporation 
63170,Kitagawa Corporation 
85240,"North Pacific Bank,Ltd. "
18320,HOKKAIDENKO CORPORATION 
-,??GROUP 
34090,"KITABO CO.,Ltd "
368A0,Kitazato Corporation 
73800,"Juroku Financial Group, Inc. "
83370,"The Chiba Kogyo Bank, Ltd. "
83310,"The Chiba Bank, Ltd. "
81650,"SENSHUKAI CO.,LTD. "
96470,"KYOWA ENGINEERING CONSULTANTS Co., Ltd. "
19810,"KYOWANISSEI CO.,LTD. "
85540,"The Minami-Nippon Bank,Ltd. "
83670,"The Nanto Bank,Ltd. "
74170,NANYO CORPORATION 
24330,HAKUHODO DY HOLDINGS INCORPORATED 
21730,Hakuten Corporation 
98610,"YOSHINOYA HOLDINGS CO.,LTD. "
70140,"Namura Shipbuilding Co.,Ltd. "
61580,"WAIDA MFG.CO.,LTD. "
92710,"Wagokoro co.,ltd. "
83870,"The Shikoku Bank, Ltd. "
19390,YONDENKO CORPORATION 
69470,ZUKEN INC. 
18400,"TSUCHIYA HOLDINGS CO., LTD. "
61710,C.E.Management Integrated Laboratory Co.Ltd 
21640,"CHIIKISHINBUNSHA CO.,LTD. "
48900,Tsubota Laboratory Incorporated 
47200,"JOHNAN ACADEMIC PREPARATORY INSTITUTE,INC. "
68560,"HORIBA, Ltd. "
76300,"ICHIBANYA CO.,LTD. "
78090,"KOTOBUKIYA CO., LTD. "
68380,"TAMAGAWA HOLDINGS CO.,LTD. "
9169,??? 
31600,"OOMITSU CO., LTD. "
85370,"THE TAIKO BANK,LTD. "
28830,"DAIREI CO.,LTD "
83920,"THE OITA BANK, LTD. "
82470,"Daiwa Co.,Ltd. "
38160,"DAIWA COMPUTER CO., LTD. "
86010,Daiwa Securities Group Inc. 
99790,DAISYO CORPORATION 
27050,"OOTOYA Holdings Co., Ltd. "
66350,"Di-Nikko Engineering Co.,Ltd. "
17930,"OHMOTO GUMI CO.,LTD "
85630,"THE DAITO BANK, LTD. "
18020,OBAYASHI CORPORATION 
29170,"OHMORIYA Co., LTD "
19790,Taikisha Ltd. 
75380,"DAISUI CO.,LTD. "
75550,"Ota Floriculture Auction Co.,Ltd. "
18440,"OHMORI CO.,LTD. "
69620,DAISHINKU CORP. 
57020,"DAIKI ALUMINIUM INDUSTRY CO.,LTD. "
59390,"OTANI KOGYO CO., LTD. "
93630,"DAIUN CO.,LTD. "
40460,"OSAKA SODA CO.,LTD. "
57260,"OSAKA Titanium technologies Co.,Ltd "
98460,"TENMAYA STORE CO.,LTD. "
63420,"Taihei Machinery Works,Limited "
18330,OKUMURA CORPORATION 
184A0,"Manabi-aid Co.,Ltd. "
23010,"GAKUJO CO.,Ltd. "
94700,"GAKKEN HOLDINGS CO., LTD. "
97690,"GAKKYUSHA CO.,LTD. "
514A,??? 
63960,"Unozawa-gumi Iron Works,Limited "
17980,MORIYA CORPORATION 
65060,YASKAWA Electric Corporation 
75620,"ANRAKUTEI Co.,Ltd. "
72710,YASUNAGA CORPORATION 
17190,HAZAMA ANDO CORPORATION 
64950,"MIYAIRI VALVE MFG.CO., LTD. "
83930,"The Miyazaki Bank,Ltd. "
18480,FUJI P.S CORPORATION 
31380,"Fujisan Magazine Service Co.,Ltd. "
63010,KOMATSU LTD. 
87420,"KOBAYASHI YOKO CO.,LTD. "
63490,KOMORI CORPORATION 
61490,"ODAWARA ENGINEERING CO., LTD. "
73140,"ODAWARA AUTO-MACHINE MFG.CO.,LTD. "
72760,"KOITO MANUFACTURING CO.,LTD. "
68580,"ONO SOKKI Co.,Ltd. "
84180,"Yamaguchi Finacial Group,Inc. "
80510,YAMAZEN CORPORATION 
83440,"The Yamagata Bank, Ltd. "
391A0,"Yamata Co., Ltd. "
34410,"SANNO Co.,Ltd "
43510,YAMADA SERVICER SYNTHETIC OFFICE 
83810,"The San-in Godo Bank,Ltd. "
14380,"Gifu landscape architect Co.,Ltd. "
86090,OKASAN SECURITIES GROUP INC. 
38920,"Okayama Paper Industries Co.,Ltd. "
61250,"OKAMOTO MACHINE TOOL WORKS, LTD. "
83450,"The Bank of Iwate,Ltd. "
71500,"THE SHIMANE BANK,LTD. "
62220,"SHIMA SEIKI MFG., LTD. "
38780,TOMOEGAWA CORPORATION 
46450,"ICHISHIN HOLDINGS CO., LTD. "
97080,"Imperial Hotel, Ltd. "
64120,Heiwa Corporation 
77810,"HIRAYAMA HOLDINGS Co.,Ltd. "
78630,"HIRAGA CO., LTD. "
78070,"KOWA CO.,LTD. "
75540,KOURAKUEN CORPORATION 
78680,"KOSAIDO Holdings Co., Ltd. "
96210,"CTI Engineering Co.,Ltd. "
19480,"The Kodensha,Co.,Ltd. "
96640,"Misono-za Co., Ltd. "
37120,"Information Planning Co.,LTD. "
155A0,"Information Strategy and Technology Co.,Ltd. "
21790,"SEIGAKUSHA CO.,LTD. "
66430,"Togami Electric Mfg. Co.,Ltd. "
62890,GIKEN LTD. 
319A0,Next Generation Technology Group Inc. 
69940,SHIZUKI ELECTRIC COMPANY INC. 
93300,AGEHA Inc. 
99780,"BUNKYODO GROUP HOLDINGS CO.,LTD. "
94710,"BUNKEIDO CO.,LTD. "
23950,"SHIN NIPPON BIOMEDICAL LABORATORIES, LTD. "
65480,TABIKOBO Co. Ltd. 
99020,nichiden corporation 
65430,NISSEN INC. 
14290,"Nippon Aqua Co., Ltd. "
52410,"Nihon Office Automation Research Co.,Ltd. "
23930,"Nippon Care Supply Co.,Ltd. "
67880,"NIHON TRIM.,CO.LTD. "
18730,"NIHON HOUSE HOLDINGS CO., LTD. "
41190,Nippon Pigment Holdings Company Limited 
68710,"MICRONICS JAPAN CO.,LTD. "
38510,NIPPON ICHI SOFTWARE INC. 
78140,"JAPAN Creative Platform Group Co., Ltd. "
60390,"Japan Animal Referral Medical Center Co.,Ltd. "
86970,"Japan Exchange Group, Inc. "
69770,"JAPAN RESISTOR MFG.CO.,LTD. "
5840,???? 
49200,"Nippon Shikizai, Inc. "
56310,"The Japan Steel Works, Ltd. "
41140,"NIPPON SHOKUBAI CO., LTD. "
21270,Nihon M&A Center Holdings Inc. 
261A0,"Nihon Suido Consultants Co., Ltd. "
20020,NISSHIN SEIFUN GROUP INC. 
88810,"NISSHIN GROUP HOLDINGS Co., Ltd. "
65010,"Hitachi, Ltd. "
62470,"HISAKA WORKS,LTD. "
47180,"WASEDA ACADEMY CO.,LTD. "
58690,"WASEDA GAKUSHUKENKYUKAI CO.,LTD. "
46680,"MEIKO NETWORK JAPAN CO.,LTD. "
89270,"MEIHO ENTERPRISE CO.,LTD. "
65080,MEIDENSHA CORPORATION 
76340,"HOSHIIRYO-SANKI CO., LTD. "
63840,"SHOWA SHINKU CO.,LTD. "
94750,"Shobunsha Holdings, Inc. "
97780,"SUBARU CO., LTD. "
52080,"Arisawa Mfg. Co.,Ltd. "
38340,"ASAHI Net, Inc. "
51620,ASAHI RUBBER INC. 
19750,"ASAHI KOGYOSHA CO.,LTD. "
93070,"sugimura warehouse co.,ltd. "
72920,MURAKAMI CORPORATION 
69810,"Murata Manufacturing Co.,Ltd. "
71730,"Tokyo Kiraboshi Financial Group, Inc. "
19450,TOKYO ENERGY & SYSTEMS INC. 
80400,"TOKYO SOIR CO.,LTD. "
30670,"TOKYO ICHIBAN FOODS CO .,LTD. "
97010,"Tokyo Kaikan Co.,Ltd. "
63350,"TOKYO KIKAI SEISAKUSHO,LTD. "
77290,"TOKYO SEIMITSU CO., LTD. "
77190,TOKYO KOKI CO. LTD. 
73590,"Tokyo Communications Group,Inc. "
66170,"TAKAOKA TOKO CO., LTD. "
23290,TOHOKUSHINSHA FILM CORPORATION 
44390,"TOUMEI CO., LTD. "
85580,"THE TOWA BANK,LTD. "
81810,"Totenko Co., Ltd. "
139A,????? 
32970,"Toubujyuhan Co.,Ltd. "
445A,?????????? 
69950,"TOKAI RIKA CO.,LTD. "
47460,"Toukei Computer Co.,Ltd. "
83460,"The Toho Bank, Ltd. "
81510,TOYO Corporation 
82370,"MATSUYA CO., LTD. "
98870,"MATSUYA FOODS HOLDINGS CO., LTD. "
79790,SHOFU INC. 
22940,"Kakiyasu Honten Co.,Ltd. "
75670,SAKAE ELECTRONICS CORPORATION 
56020,"Kurimoto,Ltd. "
76040,"UMENOHANA GROUP CO.,LTD. "
18670,UEKI CORPORATION 
63710,TSUBAKIMOTO CHAIN CO. 
208A0,KOZO KEIKAKU ENGINEERING HOLDINGS Inc. 
59110,Yokogawa Bridge Holdings Corp. 
71860,"Yokohama Financial Group, Inc. "
62480,"Yokota Manufacturing Co., Ltd. "
96610,"Kabuki-Za Co.,Ltd. "
66530,"SEIKO ELECTRIC CO., LTD. "
83360,"The Musashino Bank, Ltd. "
89080,"MAINICHI COMNET CO., LTD. "
87140,"Senshu Ikeda Holdings,Inc. "
79520,"Kawai Musical Instruments Manufacturing Co.,Ltd. "
76820,"HAMAYUU CO.,LTD. "
31330,"kaihan co.,Ltd. "
18520,ASANUMA CORPORATION 
83640,"THE SHIMIZU BANK,LTD. "
22260,KOIKE-YA Inc. 
83660,"THE SHIGA BANK,LTD. "
26940,Yakiniku Sakai Holdings Inc. 
30970,The Monogatari Corporation 
99360,OHSHO FOOD SERVICE CORP. 
83990,"Bank of The Ryukyus,Limited "
62790,ZUIKO CORPORATION 
37770,Environment Friendly Holdings Corp. 
46570,"ENVIRONMENTAL CONTROL CENTER CO.,LTD. "
524A,????? Group 
97310,"Hakuyosha Company,Ltd. "
31920,"Shirohato Co.,Ltd. "
83860,"The Hyakujushi Bank,Ltd. "
63360,"ISHII HYOKI CO.,LTD. "
62080,"Ishikawa Seisakusho, Ltd. "
79390,"KENSOH CO.,LTD. "
30380,"KOBE BUSSAN CO., LTD. "
83620,"The Fukui Bank, Ltd. "
18990,FUKUDA CORPORATION 
13800,"AKIKAWA FOODS & FARMS CO.,LTD. "
83430,"THE AKITA BANK,LTD. "
34210,"INABA SEISAKUSHO Co.,Ltd. "
81590,"TACHIBANA ELETECH CO.,LTD. "
64320,"TAKEUCHI MFG.CO.,LTD. "
92370,"Emimen Co., Ltd. "
87500,"Dai-ichi Life Holdings,Inc. "
74580,"DAIICHIKOSHO CO. , LTD. "
73270,"Daishi Hokuetsu Financial Group,Inc. "
83380,"Tsukuba Bank, Ltd. "
83980,"The Chikuho Bank , Ltd. "
29330,KIBUN FOODS INC. 
83700,"The Kiyo Bank, Ltd. "
42580,AMIYA Corporation 
23850,Soiken Holdings Inc. 
24830,HONYAKU Center Inc. 
35970,"JICHODO Co.,Ltd. "
97570,Funai Soken Holdings Incorporated 
65400,SEMBA CORPORATION 
63610,EBARA CORPORATION 
34440,"KIKUCHI SEISAKUSHO CO.,LTD. "
46850,"Ryoyu Systems Co., Ltd. "
76790,"YAKUODO HOLDINGS Co.,Ltd. "
62570,"FUJISHOJI CO.,LTD. "
71890,"Nishi-Nippon Financial Holdings,Inc. "
75450,"NISHIMATSUYA CHAIN Co., Ltd. "
90240,SEIBU HOLDINGS INC. 
65660,"KANAME KOGYO CO.,LTD. "
89950,"makoto construction co,ltd "
70490,"SHIKIGAKU.Co.,Ltd. "
85590,"THE HOWA BANK,LTD. "
31810,"KAITORIOKOKU Co.,Ltd "
49110,"Shiseido Company, Limited "
7680,????? 
82440,"Kintetsu Department Store CO.,Ltd. "
76070,"Shinwa Co., Ltd. "
69320,ENDO Lighting Corporation 
78410,"ENDO MANUFACTURING CO.,LTD. "
63630,"Torishima Pump Mfg.Co.,Ltd. "
43070,"Nomura Research Institute,Ltd. "
67850,"SUZUKI CO.,LTD. "
24040,"TETSUJIN Holdings, Inc "
98530,"GINZA RENOIR CO.,LTD "
30750,"Choushimaru Co.,Ltd. "
18110,THE ZENITAKA CORPORATION 
61840,"Kamakura Shinsho, Ltd. "
59460,"CHOFU SEISAKUSHO CO.,LTD. "
29930,Choei Inc. 
33720,"KANMONKAI CO., LTD. "
19420,"KANDENKO CO.,LTD. "
83880,"The Awa Bank,Ltd. "
56160,"Ame Kaze Taiyo, Inc. "
63650,DMW CORPORATION 
36400,"DENSAN CO.,LTD. "
40720,"Densan System Holdings Co.,Ltd. "
43240,DENTSU GROUP INC. 
48120,DENTSU SOKEN INC. 
89290,"Aoyama Zaisan Networks Company,Limited "
36460,"Ekitan&Co.,Ltd. "
59150,KOMAIHALTEC Inc. 
84160,"THE BANK OF KOCHI,LTD "
64240,"TAKAMISAWA CYBERNETICS COMPANY,LTD. "
52830,"TAKAMISAWA CO., LTD. "
75040,KOHSOKU CORPORATION 
82330,"Takashimaya Company,Limited "
17620,TAKAMATSU CONSTRUCTION GROUP 
75960,"UORIKI CO.,LTD. "
26830,"UOKI CO.,LTD. "
74720,"TOBA,INC. "
53860,"TSURUYA CO.,LTD. "
63510,"TSURUMI MANUFACTURING CO.,LTD. "
77450,"A&D HOLON Holdings Company, Limited "
92510,"AB&Company Co.,Ltd. "
55740,"ABEJA,Inc. "
48130,"ACCESS CO., LTD. "
62320,ACSL Ltd. 
29820,"A.D.Works Group Co.,Ltd. "
44010,ADEKA CORPORATION 
29270,"AFC-HD AMS Life Science Co.,Ltd. "
-,????????? 
63640,AIRMAN CORPORATION 
68400,"AKIBA Holdings Co., Ltd. "
70770,"ALiNK Internet, INC. "
31890,ANAP HOLDINGS INC. 
82140,AOKI Holdings Inc. 
89460,ASIAN STAR CO. 
23510,ASJ INC. 
92230,"ASNOVA Co.,Ltd. "
89040,"AVANTIA CO., LTD. "
55910,AVILEN Inc. 
95540,"AViC Co., Ltd. "
39110,Aiming Inc. 
55370,AlbaLink 
44240,"Amazia, inc. "
34570,"&Do Holdings Co.,Ltd. "
24640,"Aoba-BBT, Inc. "
52540,Arent Inc. 
94080,"BSN MEDIA HOLDINGS,INC. "
52470,"BTM, Inc. "
42700,BeeX inc. 
70630,Birdman Inc. 
40690,BlueMeme Inc. 
76850,"BuySell Technologies Co.,Ltd. "
47250,CAC Holdings Corporation 
23150,CAICA DIGITAL Inc. 
74620,CAPITA Inc. 
73810,"CCI Group, Inc. "
131A,CCN Group 
43200,"CE Holdings Co.,Ltd. "
66330,CGS HOLDINGS INC. 
48260,"Computer Institute of Japan,Ltd. "
43780,CINC Corp. 
57570,"CK SAN-ETSU METALS Co.,Ltd. "
42860,CL Holdings Inc. 
522A,COEL 
36980,"CRI Middleware Co., Ltd. "
92580,"CS-C.Co.,Ltd. "
23040,"CSS HOLDINGS,LTD. "
92150,"CaSy Co.,Ltd. "
71960,Casa Inc. 
31730,"Cominix Co.,Ltd. "
320A,D&I 
189A0,"D&M COMPANY CO.,LTD "
96820,DTS CORPORATION 
48330,"Def consulting, inc. "
52460,"ELEMENTS, Inc. "
253A0,"ETS Group Co.,Ltd. "
44270,"EduLab, Inc. "
73700,"Enjin Co., Ltd. "
95640,FCE Inc. 
36920,"FFRI Security, Inc. "
51290,FIXER Inc. 
89350,"FJ NEXT HOLDINGS CO., LTD. "
35630,FOOD & LIFE COMPANIES LTD. 
73880,FP Partner Inc. 
71480,"Financial Partners Group Co.,Ltd. "
21580,"FRONTEO,Inc. "
61340,FUJI CORPORATION 
14490,FUJI JAPAN CO. LTD. 
462A0,"FUNDINNO,INC. "
220A0,Faber Company Inc. 
44190,Finatext Holdings Ltd. 
52560,"Fusic Co.,Ltd. "
75080,G-7 HOLDINGS Inc. 
34910,"GAtechnologies Co.,Ltd. "
91660,GENDA Inc. 
93410,"GENOVA,Inc. "
92500,GRCS Inc. 
347A,GROWTH POWER 
55790,"GSI Co., Ltd. "
81010,GSI Creos Corporation 
65520,"GameWith,Inc. "
98280,Genki Global Dining Concepts Corporation 
40180,"Geolocation Technology, Inc. "
55750,Globee Inc. 
60470,Gunosy Inc. 
65610,"HANATOUR JAPAN CO.,LTD. "
23450,"HODL1, Inc. "
49330,"I-ne CO.,LTD. "
343A0,IACE TRAVEL Corporation. 
60710,"IBJ,Inc. "
47690,"IC CO., LTD. "
47090,ID Holdings Corporation 
75990,IDOM Inc. 
37910,"IG Port,Inc. "
70130,IHI Corporation 
27220,"IK HOLDINGS Co.,Ltd. "
245A0,INGS inc. 
16050,INPEX CORPORATION 
43080,J-Stream Inc. 
26130,"J-OIL MILLS, INC. "
30660,"JB ELEVEN CO.,LTD. "
49750,JCU CORPORATION 
44180,Japan Data Science Consortium Co. Ltd. 
35390,"JM HOLDINGS CO.,LTD. "
57040,JMC CORPORATION 
44830,JMDC Inc. 
66340,JN Group Inc. 
27490,"JP-HOLDINGS,INC. "
32760,"Japan Property Management Center Co.,Ltd. "
62240,"JRC CO.,LTD. "
150A0,"JSH Co.,Ltd. "
481A,JSecurity 
66320,JVCKENWOOD Corporation 
81730,Joshin Corporation 
94680,KADOKAWA CORPORATION 
24080,"KG Intelligence CO., LTD. "
65250,KOKUSAI ELECTRIC CORPORATION 
96870,"KSK CO.,LTD. "
64840,KVK CORPORATION 
77950,"KYORITSU CO.,LTD. "
41700,"Kaizen Platform, Inc. "
47120,"KeyHolder,Inc. "
145A0,L is B Corp. 
29860,"LA Holdings Co., Ltd. "
574A,LASSIC 
21200,"LIFULL Co.,Ltd. "
73660,LITALICO Inc. 
59380,LIXIL Corporation 
352A0,"LOIVE Co.,Ltd. "
434A,LOOPLACE 
55860,Laboro.AI Inc. 
14310,"Lib Work Co.,Ltd. "
218A0,"Liberaware Co.,Ltd. "
43800,M - mart Inc. 
53440,"MARUWA CO., LTD. "
31680,MERF Inc. 
196A0,"MFS, Inc. "
34420,"MIE CORPORATION CO.,LTD "
21210,"MIXI, Inc. "
433A,MJE 
50180,MORESCO Corporation 
65550,"MS&Consulting Co.,Ltd. "
65390,"MATCHING SERVICE JAPAN CO.,LTD. "
78060,"MTG Co., Ltd. "
195A0,MUSCAT GROUP Inc. 
70950,"Macbee Planet,Inc. "
74410,"MISUMI CO., LTD. "
30640,"MonotaRO Co.,Ltd. "
90440,"Nankai Electric Railway Co.,Ltd. "
76740,"NATTY SWANKY holdings Co.,Ltd. "
76380,"NEW ART HOLDINGS Co., Ltd. "
359A,NEXT STAGE 
43460,NEXYZ.Group Corporation 
64940,"NFK HOLDINGS CO.,LTD. "
222A,NICS 
64930,NITTAN Corporation 
23250,"NJS Co.,Ltd. "
311A,NPT 
97590,"NSD CO.,LTD. "
76240,"Naito&Co.,Ltd. "
70940,NexTone Inc. 
35620,"No.1 Co.,Ltd "
38390,"ODK Solutions Company,Ltd "
67570,"OSG CORPORATION CO.,LTD. "
65330,Orchestra Holdings Inc. 
62620,"PEGASUS CO., LTD. "
64900,PILLAR Corporation 
39930,PKSHA Technology Inc. 
76460,"PLANT Co.,Ltd "
51340,"POPER Co.,Ltd. "
39220,"PR TIMES, Inc. "
206A0,"PRISM BioLab Co.,LTD "
594A,PRO HOLDINGS 
43790,Photosynth inc. 
66130,"QD Laser, Inc. "
70750,"QLS Holdings Co., Ltd "
464A0,QPS Holdings 
88940,"REVOLUTION CO.,LTD. "
88360,RISE Inc. 
94070,RKB MAINICHI HOLDINGS CORPORATION 
43740,ROBOT PAYMENT INC. 
241A0,"ROXX, Inc. "
34450,"RS Technologies Co.,Ltd. "
67860,RVH Inc. 
80840,RYODEN CORPORATION 
51380,"Rebase, Inc. "
55720,Ridge-i Inc. 
393A,RitaX 
58910,"SAKIGAKE Holdings Co.,Ltd. "
27620,"SANKO MARKETING FOODS CO.,LTD. "
83030,"SBI Shinsei Bank, Limited "
77350,"SCREEN Holdings Co., Ltd. "
17110,"SDS HOLDINGS Co.,Ltd. "
36970,SHIFT Inc. 
71200,SHINKO Inc. 
78390,"SHOEI CO., LTD. "
43860,"SIG Group Co., Ltd. "
47720,"SM ENTERTAINMENT JAPAN Co.,Ltd. "
558A0,SQUEEZE Inc. 
38170,"SRA Holdings,Inc. "
58580,"STG CO.,LTD. "
29320,"STI Foods Holdings,Inc. "
72700,SUBARU CORPORATION 
34360,SUMCO CORPORATION 
39880,"SYS Holdings Co.,Ltd. "
269A0,Sapeet Inc. 
264A0,"Schoo,inc. "
41780,Sharing Innovations Inc. 
70840,Smile Holdings Inc. 
44990,"Speee, Inc. "
40530,Sun* Inc. 
290A0,Synspective Inc. 
87950,"T&D Holdings, Inc. "
73620,Terminalcare Support Institute Inc. 
79210,TAKARA & COMPANY LTD. 
67750,TB GROUP INC. 
72770,"TBK Co.,Ltd. "
94010,"TBS HOLDINGS, INC. "
63330,TEIKOKU CORPORATION 
325A0,TENTIAL Inc. 
34790,TKP Corporation 
280A0,TMH Inc. 
500A0,TO???? 
31670,TOKAI Holdings Corporation 
34150,"TOKYO BASE Co., Ltd. "
71380,"TORICO Co.,Ltd. "
30470,"TRUCK-ONE CO., LTD. "
36080,"TSI HOLDINGS CO., LTD. "
64660,"TVE Co.,Ltd. "
73520,TWOSTONE&Sons Inc. 
330A0,TalentX Inc. 
44160,True Data Inc. 
94180,"U-NEXT HOLDINGS Co.,Ltd. "
57410,UACJ Corporation 
98880,"UEX, LTD. "
407A0,"UNICON Holdings Co., Ltd. "
31130,UNIVA Oak Holdings Limited 
39370,"Ubicom Holdings, Inc. "
24670,"VLC SECURITY CO., LTD. "
135A0,"VRAIN Solution, Inc. "
130A0,Veritas In Silico Inc. 
91590,W TOKYO Inc. 
30680,WDI Corporation. 
36640,WIZE INC. 
194A0,"WOLVES HAND Co., Ltd. "
48390,WOWOW INC. 
49370,Waqoo Inc. 
44380,Welby Inc. 
175A0,"Will Smart Co.,LTD. "
23540,YE DIGITAL Corporation 
80740,"YUASA CO., LTD. "
5598,Yottavias 
33750,ZOA CORPORATION 
30920,"ZOZO, Inc. "
43870,"ZUU Co.,Ltd. "
338A0,"ZenmuTech,Inc. "
597A,and US 
41750,coly Inc. 
33590,"cotta CO.,LTD "
50380,"eWeLL Co.,Ltd. "
36670,"enish,inc. "
17830,"Fantasista Co., Ltd. "
23230,fonfun corporation 
39030,gumi Inc. 
41770,"i-plug,Inc. "
93480,"ispace,inc. "
52440,"jig.jp co.,ltd. "
44480,"kubell Co.,Ltd. "
22070,"MEITO CO., LTD. "
51320,"pluszero,Inc. "
55270,property technologies Inc. 
14350,robot home Inc. 
50340,"unerry,Inc. "
303A0,visumo Inc. 
58920,"yutori, Inc. "
559A0,"UMENOYADO BREWERY CO.,LTD. "
45240,"MORISHITA JINTAN CO.,LTD. "
42490,"MORIROKU COMPANY, LTD. "
66470,"MORIO DENKI CO.,LTD. "
22640,"MORINAGA MILK INDUSTRY CO.,LTD "
22010,"Morinaga&Co.,Ltd. "
80520,"TSUBAKIMOTO KOGYO CO.,LTD. "
87060,"KYOKUTO SECURITIES CO.,LTD. "
80930,"Kyokuto Boeki Kaisha, Limited "
72260,"KYOKUTO KAIHATSU KOGYO CO.,LTD. "
47550,"Rakuten Group,Inc. "
58380,"Rakuten Bank, Ltd. "
60370,"RAKUMACHI,INC. "
68410,YOKOGAWA ELECTRIC CORPORATION 
51010,"The Yokohama Rubber Company,Limited "
80450,"Yokohama Maruuo Co., Ltd "
28740,"Yokohama Reito Co.,Ltd. "
74430,"yokohama gyorui co.,ltd. "
75700,"HASHIMOTO SOGYO HOLDINGS CO.,LTD. "
93530,"SAKURAJIMA FUTO KAISHA,LTD. "
51890,"SAKURA RUBBER CO.,LTD. "
80790,SHOEI FOODS CORPORATION 
45020,Takeda Pharmaceutical Company Limited 
72200,"MUSASHI SEIMITSU INDUSTRY CO.,LTD. "
96350,"Musashino Kogyo Co.,Ltd. "
86220,"Mito Securities Co., Ltd. "
78770,"EIDAI KAKO CO.,LTD. "
78220,"Eidai Co.,Ltd. "
22060,"EZAKI GLICO CO.,LTD. "
67710,"IKEGAMI TSUSHINKI CO., LTD. "
94360,OKINAWA CELLULAR TELEPHONE COMPANY 
95110,"The Okinawa Electric Power Company, Incorporated "
67030,"Oki Electric Industry Company, Limited "
72560,"KASAI KOGYO CO .,LTD. "
63930,"YUKEN KOGYO CO., LTD. "
98240,"SENSHU ELECTRIC CO.,LTD. "
62170,TSUDAKOMA Corp. 
59620,"ASAKA INDUSTRIAL CO.,LTD. "
69650,HAMAMATSU PHOTONICS K.K. 
75310,SEIWA CHUO HOLDINGS CORPORATION 
18030,SHIMIZU CORPORATION 
3448,??? 
65240,"KOHOKU KOGYO CO.,LTD. "
22930,"TAKIZAWA HAM CO.,LTD. "
93040,"The Shibusawa Warehouse Co.,Ltd. "
63400,SHIBUYA CORPORATION 
59180,"The Takigami Steel Construction Co.,Ltd. "
96280,"SAN HOLDINGS,INC. "
40310,Katakura & Co-op Agri Corporation 
30010,"Katakura Industries Co.,Ltd. "
34370,"TOKUDEN CO.,LTD. "
37080,"Tokushu Tokai Paper Co.,Ltd. "
556A0,"INUNEKO-SEIKATSU Co.,Ltd. "
91270,"TAMAI STEAMSHIP CO., LTD. "
38610,Oji Holdings Corporation 
64130,RISO KAGAKU CORPORATION 
45260,"Riken Vitamin Co., Ltd. "
77340,"RIKEN KEIKI CO.,LTD "
7364,??????????????? 
406A,?????? Holdings 
45480,SEIKAGAKU CORPORATION 
76190,"TANAKA CO.,LTD "
72180,"TANAKA SEIMITSU KOGYO CO.,LTD. "
41130,"TAOKA CHEMICAL COMPANY, LIMITED "
18280,TANABE ENGINEERING CORPORATION 
76370,"Hakudo Co.,Ltd. "
72840,"MEIWA Industry Co.,Ltd "
51940,"SAGAMI RUBBER INDUSTRIES CO.,LTD. "
90030,"Sotetsu Holdings,Inc. "
18700,"YAHAGI CONSTRUCTION CO.,LTD. "
28940,"Ishii Food Co.,Ltd. "
27500,"S.ISHIMITSU&CO.,LTD. "
44620,"ISHIHARA CHEMICAL CO.,LTD. "
40280,"ISHIHARA SANGYO KAISHA, LTD. "
52040,"ISHIZUKA GLASS CO.,LTD. "
16620,"Japan Petroleum Exploration Co., Ltd. "
90810,"Kanagawa Chuo Kotsu Co., Ltd. "
90830,"Shinki Bus Co.,Ltd. "
40260,"Konoshima Chemical Co.,Ltd. "
65680,"KNC Laboratories Co., Ltd. "
90460,"Kobe Electric Railway Co.,Ltd. "
46150,"SHINTO PAINT COMPANY, LIMITED "
30040,SHINYEI KAISHA 
19920,"KANDA TSUSHINKI CO.,LTD. "
80750,Shinsho Corporation 
56600,"KOBELCO WIRE COMPANY, LTD. "
97900,"Fukui Computer Holdings,Inc. "
90750,"FUKUYAMA TRANSPORTING CO., LTD. "
78700,"FUKUSHIMA PRINTING CO.,LTD. "
22910,"FUKUTOME MEAT PACKERS, LTD. "
45210,"KAKEN PHARMACEUTIAL CO., LTD. "
90120,"Chichibu Railway Co.,Ltd. "
80980,"Inabata&Co.,Ltd. "
19280,"Sekisui House,Ltd. "
42040,"Sekisui Chemical Co.,Ltd. "
42280,"Sekisui Kasei Co.,Ltd. "
42120,Sekisui Jushi Corporation 
89280,ANABUKI KOSAN INC. 
88640,"AIRPORT FACILITIES Co.,LTD. "
45960,"Kubota Pharmaceutical Holdings Co., Ltd. "
79890,TACHIKAWA CORPORATION 
42480,"Takemoto Yohki Co., Ltd. "
78750,"TAKEDA iP HOLDINGS CO., LTD. "
17160,DAI-ICHI CUTTER KOGYO K.K. 
45680,"DAIICHI SANKYO COMPANY, LIMITED "
90350,"DAIICHI KOUTSU SANGYO Co.,Ltd. "
80590,"DAIICHI JITSUGYO CO., LTD. "
22150,"FIRST BAKING CO.,LTD. "
44610,DKS Co. Ltd. 
17990,DAIICHI KENSETSU CORPORATION 
40820,"DAIICHI KIGENSO KAGAKU-KOGYO CO.,LTD "
39580,"Sasatoku Printing Co.,Ltd. "
6596,???? 
80390,"TSUKIJI UOICHIBA COMPANY,LIMITED "
78190,SHOBIDO Corporation 
42740,"HOSOYA PYRO-ENGINEERING CO., LTD. "
49720,"Soken Chemical & Engineering Co.,Ltd. "
31990,"Watahan&Co.,Ltd. "
78500,"SOUGOU SHOUKEN CO.,LTD. "
17180,"MIKIKOGYO CO.,LTD. "
80220,Mizuno Corporation 
53560,"MINO CERAMIC CO., LTD. "
42290,"Gun Ei Chemical Industry Co., Ltd. "
67440,NOHMI BOSAI LTD. 
79630,KOKEN LTD. 
84240,"Fuyo General Lease Co., Ltd. "
65900,SHIBAURA MECHATRONICS CORPORATION 
61040,"SHIBAURA MACHINE CO., LTD. "
44520,Kao Corporation 
18880,"WAKACHIKU CONSTRUCTION CO.,LTD. "
98570,EIWA CORPORATION 
63280,"EBARA JITSUGYO CO.,LTD. "
49680,"ARAKAWA CHEMICAL INDUSTRIES, LTD. "
69120,KIKUSUI HOLDINGS CORPORATION 
79530,"KIKUSUI CHEMICAL INDUSTRIES CO.,LTD. "
78560,HAGIHARA INDUSTRIES INC. 
75650,MANSEI CORPORATION 
99860,"ZAOH COMPANY, LTD. "
99060,Fujii Sangyo Corporation 
51210,FUJIKURA COMPOSITES Inc. 
46200,"FUJIKURA KASEI CO,.LTD. "
17700,"FUJITA ENGINEERING CO.,LTD. "
97220,FUJITA KANKO INC. 
56030,KOGI CORPORATION 
80140,"CHORI CO.,LTD. "
73680,HYOJITO Co.. Ltd 
51610,"NISHIKAWA RUBBER CO., LTD. "
75000,"nishikawa keisoku co.,ltd. "
90210,West Japan Railway Company 
90310,"Nishi-Nippon Railroad Co.,Ltd. "
18200,"Nishimatsu Construction Co., Ltd. "
80610,SEIKA CORPORATION 
43410,SEIRYO ELECTRIC CORPORATION 
95360,"SAIBU GAS HOLDINGS CO.,LTD. "
61440,"Seibu Electric & Machinery Co., Ltd. "
87470,"YUTAKA TRUSTY SECURITIES CO., LTD. "
62030,"Howa Machinery, Ltd. "
72820,"TOYODA GOSEI CO.,LTD. "
80150,TOYOTA TSUSHO CORPORATION 
79650,ZOJIRUSHI CORPORATION 
476A0,"Tsuji Hongo IT Consulting Co., Ltd. "
71220,"THE KINKI SHARYO CO.,LTD. "
90410,"Kintetsu Group Holdings Co.,Ltd. "
90570,"ENSHU TRUCK CO.,LTD. "
59220,"NASU DENKI-TEKKO CO.,LTD. "
81570,"TSUZUKI DENKI CO., LTD. "
63580,"SAKAI HEAVY INDUSTRIES, LTD. "
79190,"Nozaki Insatsu Shigyo Co.,Ltd. "
86040,"Nomura Holdings, Inc. "
62540,"Nomura Micro Science Co.,Ltd. "
32310,"Nomura Real Estate Holdings, Inc. "
18970,"The Kaneshita Construction Co.,Ltd. "
93600,SUZUYO SHINWART CORPORATION 
64050,"Suzumo Machinery Co., Ltd. "
18150,TEKKEN CORPORATION 
80120,"NAGASE & CO., LTD. "
49580,"T.HASEGAWA CO.,LTD. "
77150,"NAGANO KEIKI CO., LTD. "
40470,"KANTO DENKA KOGYO CO.,LTD. "
46130,"KANSAI PAINT CO.,LTD. "
95030,"The Kansai Electric Power Company, Incorporated "
93260,"KANTSU HD CO., LTD. "
80780,"HANWA CO.,LTD. "
90420,"Hankyu Hanshin Holdings,Inc. "
60180,"THE HANSHIN DIESEL WORKS, LTD "
38960,"AWA PAPER & TECHNOLOGICAL COMPANY, Inc. "
22700,"MEGMILK SNOW BRAND Co.,Ltd. "
67060,"DKK Co.,Ltd. "
95130,"Electric Power Development Co., Ltd. "
34980,"Kasumigaseki Capital Co., Ltd. "
82190,"AOYAMA TRADING Co., Ltd. "
95430,"SHIZUOKA GAS CO., LTD. "
62860,SEIKO CORPORATION 
256A0,TOBISHIMA HOLDINGS Inc 
32910,"Iida Group Holdings Co., Ltd. "
91190,"IINO KAIUN KAISHA, LTD. "
34950,"Koryojyuhan Co., Ltd. "
26760,"TAKACHIHO KOHEKI CO.,LTD. "
59760,"Neturen Co., Ltd. "
40970,"KOATSU GAS KOGYO CO., LTD. "
80070,"Takashima & Co.,Ltd. "
61550,"TAKAMATSU MACHINERY CO., LTD. "
19940,TAKAHASHI CURTAIN WALL CORPORATION 
59230,"TAKADAKIKO(Steel Construction)CO.,LTD. "
19690,"Takasago Thermal Engineering Co., Ltd. "
54580,TAKASAGO TEKKO K.K. 
49140,TAKASAGO INTERNATIONAL CORPORATION 
20090,"THE TORIGOE CO.,LTD. "
90250,"Konoike Transport Co.,Ltd. "
18120,KAJIMA CORPORATION 
287A0,"Kuroda Group Co., Ltd. "
77260,KURODA PRECISION INDUSTRIES LTD. 
403A,(?)??? 
65650,"ABHOTEL CO., LTD. "
37500,ADR Biomedical Holdings Inc. 
52010,AGC Inc. 
36480,AGS Corporation 
70830,AHC GROUP INC. 
44760,AI CROSS Inc. 
44880,AI inside Inc. 
37190,"AI storm CO.,LTD. "
254A0,AI FUSION CAPITAL GROUP CORP. 
62270,"AIMECHATEC,Ltd. "
65570,AIAI Group Corporation 
23310,"ALSOK CO.,LTD. "
88910,"AMG HOLDINGS CO.,LTD. "
92020,ANA HOLDINGSINC. 
50320,ANYCOLOR Inc. 
55780,"AR advanced technology, Inc. "
543A0,ARCHION Corporation 
58570,"ARE Holdings,Inc. "
53410,"ASAHI EITO HOLDINGS CO.,LTD. "
68990,ASTI CORPORATION 
90900,AZ-COM MARUWA Holdings Inc. 
38560,Abalance Corporation 
74090,"AeroEdge Co.,Ltd. "
247A0,Ai ROBOTICS INC. 
50270,AnyMind Group Inc. 
61770,AppBank Inc. 
41800,"Appier Group,Inc. "
95630,Atlas Technologies Corporation 
22680,"B-R 31 ICE CREAM CO.,LTD. "
293A,BABY JOB 
44770,"BASE, INC. "
73760,"BCC Co.,Ltd. "
80560,BIPROGY Inc. 
460A0,BRANU Inc. 
31400,"BRUNO, Inc. "
81050,Bitcoin Japan Corporation 
21690,"CDS Co.,Ltd. "
64070,CKD Corporation 
65730,CRAVIA Inc. 
70410,"CRG HOLDINGS CO.,LTD. "
77790,CYBERDYNE Inc. 
190A0,"Chordia Therapeutics,Inc "
137A0,"Cocolive, Inc. "
231A0,"Cross E Holdings Co., Ltd. "
80230,"DAIKO XTECH, Ltd. "
58880,"DAIWA CYCLE CO.,LTD. "
30500,"DCM Holdings Co.,Ltd. "
46310,DIC Corporation 
21090,"Mitsui DM Sugar Co., Ltd. "
61410,"DMG MORI CO., LTD. "
73770,"DN HOLDINGS CO., LTD. "
57140,"DOWA HOLDINGS CO.,LTD. "
45980,"Delta-Fly Pharma, Inc. "
21530,EJ Holdings Inc. 
67370,EIZO Corporation 
41690,ENECHANGE Ltd. 
50200,"ENEOS Holdings,Inc. "
60830,"ERI HOLDINGS CO.,LTD. "
69550,FDK CORPORATION 
565A,FFF Holdings 
43920,"Future Innovation Group, Inc. "
34740,"G-FACTORY CO.,LTD. "
29700,"GLC GROUP, INC. "
95650,GLOE Inc. 
72140,GMB CORPORATION 
415A0,"GMO TECH Holdings, Inc. "
94490,"GMO internet group, Inc. "
47840,GMO Internet Inc. 
37880,GMO GlobalSign Holdings K.K. 
410A0,"GMO Commerce,Inc. "
40510,"GMO Financial Gate, Inc. "
71770,"GMO Financial Holdings, Inc. "
52500,"GMO Prime Strategy Co., Ltd. "
36950,"GMO Product Platform, Inc. "
37690,"GMO Payment Gateway, Inc. "
36330,"GMO Pepabo, Inc. "
61800,"GMO Media, Inc. "
544A0,"GMS Group Co,.Ltd. "
581A0,GO Inc. 
5883,GT Holdings 
298A0,"GVA TECH,Inc. "
92670,"Genky DrugStores Co., Ltd. "
92120,"Green Earth Institute Co., Ltd. "
39130,"GreenBee, Inc. "
45440,"H.U. Group Holdings, Inc. "
44750,HENNGE K.K. 
43820,"HEROZ,Inc. "
50350,HOUSEI Inc. 
77410,HOYA CORPORATION 
65970,HPC SYSTEMS Inc. 
86990,"HS Holdings Co.,Ltd. "
456A0,HUMAN MADE Inc. 
71330,"HYUGA PRIMARY CARE Co.,Ltd. "
31340,Hamee Corp. 
219A0,Heartseed Inc. 
41720,"Hi-CRATES CO.,LTD. "
265A0,Hmcomm Inc. 
31840,"International Conglomerate of Distribution for Automobile Holdings Co., Ltd. "
66520,IDEC CORPORATION 
77600,IMV CORPORATION 
70780,INCLUSIVE Holdings Inc. 
71110,"INEST,Inc. "
227A,INSIGHT LAB 
95560,INTLOOP Inc. 
43350,"IPS Holdings Co.,Ltd. "
551A,IZUMI Group 
42650,Institution for a Global Society Corporation 
85080,"J Trust Co.,Ltd. "
30860,"J.FRONT RETAILING Co.,Ltd. "
66250,JALCO Holdings Inc. 
98890,JBCC Holdings Inc. 
45520,"JCR Pharmaceuticals Co.,Ltd. "
14340,"JESCO Holdings, Inc. "
48320,"JFE Systems, Inc. "
54110,"JFE Holdings,Inc. "
39140,JIG-SAW INC. 
98960,"JK Holdings Co.,Ltd. "
58170,"JMACS Japan Co.,Ltd. "
24880,"JTP Co.,Ltd. "
64400,JUKI CORPORATION 
50160,JX Advanced Metals Corporation 
58890,Japan Eyewear Holdings 
16630,K&O Energy Group Inc. 
94330,KDDI CORPORATION 
41890,"KH Neochem Co.,Ltd. "
73530,"KIYO Learning Co.,Ltd "
62330,KLASS Corporation 
36560,KLab Inc. 
97260,"KNT-CT Holdings Co.,Ltd. "
69990,KOA CORPORATION 
99730,"KOZO Holdings Co., Ltd. "
92740,"KPP GROUP HOLDINGS CO., LTD. "
96850,"KYCOM HOLDINGS CO.,LTD. "
60360,"KeePer Technical Laboratory Co., Ltd. "
44250,Kudan Inc. 
46890,LY Corporation 
584A0,"LiNKX, Inc. "
44460,Link-U Group Inc. 
60800,"M&A Capital Partners Co.,Ltd. "
300A0,"MIC Co.,Ltd. "
546A0,"MIRAINI HOLDINGS CO., LTD. "
88970,"MIRARTH HOLDINGS, Inc. "
40160,"MIT Holdings CO.,LTD. "
99800,MRK HOLDINGS INC. 
60340,MRT Inc. 
87250,"MS&AD Insurance Group Holdings, Inc. "
45710,"Nano Holdings, Inc. "
47830,"NCD Co., Ltd. "
97090,"NCS&A CO.,LTD. "
441A0,NE Inc. 
87930,NEC Capital Solutions Limited 
53330,NGK Corporation 
91470,"NIPPON EXPRESS HOLDINGS, INC. "
79150,"Nissha Co., Ltd. "
93320,"NISSO HOLDINGS Co., Ltd. "
61450,"NITTOKU CO., LTD. "
69430,"NKK SWITCHES.CO.,LTD. "
72400,NOK CORPORATION 
527A,NOSE SHOP 
471A0,"NS Group, Inc. "
91100,"NS UNITED KAIUN KAISHA, LTD. "
97390,NSW Inc. 
64720,NTN CORPORATION 
94320,"NTT, Inc. "
49790,"OAT Agrio Co., Ltd. "
68770,Obara Group Incorporated 
31660,"OCHI HOLDINGS CO.,LTD. "
-,????????????? 
5886,OOKABE GLASS 
80410,OUG Holdings Inc. 
39180,"PCI Holdings, Inc. "
65230,PHC Holdings Corporation 
479A0,PRONI 
198A0,PostPrime Inc. 
29280,"RIZAP GROUP,Inc. "
94250,ReYuu Japan Inc. 
92140,"Recovery International Co.,Ltd. "
73560,Retty Inc. 
55990,S&J Corporation 
14470,"SAAF Holdings Co., Ltd. "
62300,SANEI LTD. 
71980,SBI ARUHI Corporation 
73260,"SBI Insurance Group Co., Ltd. "
47650,"SBI Global Asset Management Co., Ltd. "
84730,"SBI Holdings, Inc. "
58340,"SBI Leasing Services Co.,Ltd. "
23840,"SBS Holdings, Inc. "
39740,SCAT Inc. 
46500,"SD ENTERTAINMENT,Inc. "
94780,"SE Holdings and Incubations Co., Ltd. "
53040,"SEC CARBON,LIMITED "
66260,SEMITEC Corporation 
91430,"SG Holdings Co., Ltd. "
62730,SMC CORPORATION 
67980,SMK Corporation 
61850,SMN Corporation 
58710,SOLIZE Holdings Corporation 
86300,"Sompo Holdings, Inc. "
74660,SPK CORPORATION 
29800,SRE Holdings Corporation 
81630,"SRS HOLDINGS CO.,LTD. "
35010,"SUMINOE Co., Ltd. "
58050,SWCC Corporation 
44430,"Sansan, Inc. "
24370,"SHINWA WISE HOLDINGS CO.,LTD. "
73200,Solvvy Inc. 
5584,Strawberry jams 
14500,TANAKEN Inc. 
46870,TDC SOFT Inc. 
67620,TDK Corporation 
70460,TDSE Inc. 
38230,"THE WHY HOW DO COMPANY, Inc. "
42550,THECOO Inc. 
64810,"THK CO., LTD. "
36260,TISI Inc. 
68090,TOA CORPORATION 
59670,"TONE CO.,LTD. "
79110,TOPPAN Holdings Inc. 
53320,TOTO LTD. 
63150,TOWA CORPORATION 
51050,Toyo Tire Corporation 
64630,"TPR CO .,LTD. "
92470,TRE HOLDINGS CORPORATION 
278A0,Terra Drone Corporation 
33580,"Trailhead Global Holdings, Inc. "
42080,UBE Corporation 
37980,"ULS Group,Inc. "
21460,"UT Group Co,.Ltd. "
13330,Umios Corporation 
44220,VALUENEX JAPAN Inc. 
75930,"VT HOLDINGS CO.,LTD. "
65370,"WASHHOUSE CO.,LTD. "
70790,"WDB coco CO.,LTD. "
24750,"WDB HOLDINGS CO.,LTD. "
26930,YKT CORPORATION 
64820,Yushin Company 
79170,ZACROS Corporation 
60310,ZETA INC 
73710,Zenken Corporation 
87830,"abc Co.,Ltd. "
-,akippa Inc. 
70350,"and factory,inc "
46340,"artience Co., Ltd. "
38350,"eBASE Co.,Ltd. "
44370,"gooddays holdings,Inc. "
52400,"monoAI technology Co.,Ltd. "
52430,note inc. 
40600,rakumo Inc. 
67770,santec Holdings Corporation 
51360,"tripla Co.,Ltd. "
87460,unbanked inc. 
