1,CKH HOLDINGS
2,CLP HOLDINGS
3,HK & CHINA GAS
4,WHARF HOLDINGS
5,HSBC HOLDINGS
6,POWER ASSETS
8,PCCW
10,HANG LUNG GROUP
12,HENDERSON LAND
13,HUTCHMED
14,HYSAN DEV
16,SHK PPT
17,NEW WORLD DEV
18,ORIENTAL M G
19,SWIRE PACIFIC A
20,SENSETIME-W
21,GREAT CHI HLDGS
22,MEXAN
23,BANK OF E ASIA
25,CHEVALIER INT'L
26,CHINA MOTOR BUS
27,GALAXY ENT
28,TIAN AN
29,DYNAMIC HOLD
30,YNBY INTL
31,CHINA AEROSPACE
32,CROSS-HAR(HOLD)
33,INTL GENIUS
34,KOWLOON DEV
35,FE CONSORT INTL
36,FE HLDGS INTL
37,FE HOTELS
38,FIRST TRACTOR
39,CH BEIDAHUANG
40,GOLD PEAK
41,GREAT EAGLE H
42,NE ELECTRIC
45,HK&S HOTELS
46,COMPUTER & TECH
48,C AUTO INT DECO
50,HK FERRY (HOLD)
51,HARBOUR CENTRE
52,FAIRWOOD HOLD
53,GUOCO GROUP
55,NEWAY GROUP
57,CHEN HSONG HOLD
58,SUNWAY INT'L
59,SKYFAME REALTY
60,HK FOOD INV
61,GREEN LEADER
62,TRANSPORT INT'L
63,CHI ASIA VALLEY
64,GET NICE
65,GRAND OCEAN AR
66,MTR CORPORATION
68,MANYCORE TECH
69,SHANGRI-LA ASIA
70,RICH GOLDMAN
71,MIRAMAR HOTEL
72,META MEDIA
73,ASIAN CITRUS
75,Y.T. REALTY
76,ELATE HOLDINGS
77,AMS TRANSPORT
78,REGAL INT'L
79,CENTURY LEGEND
80,CAI CORP
81,CH OVS G OCEANS
82,CRAZY SPORTS
83,SINO LAND
84,STELUX HOLDINGS
85,CE HUADA TECH
86,SUN HUNG KAI CO
87,SWIRE PACIFIC B
88,TAI CHEUNG HOLD
89,TAI SANG LAND
90,PUXING ENERGY
92,CHAMPION TECH
93,ZERO FINTECH
94,GREENHEART GP
95,LVGEM CHINA
96,YUSEI
97,HENDERSON INV
98,XINGFA ALUM
99,WONG'S INT'L
100,MINIMAX-W
101,HANG LUNG PPT
103,SHOUGANG CENT
104,ASIA COMM HOLD
105,ASSO INT HOTELS
106,LANDSEA MGMT
107,SICHUAN EXPRESS
108,SR MEDICAL
110,CHINA FORTUNE
111,CINDA INTL HLDG
113,DICKSON CONCEPT
114,HERALD HOLD
115,GRAND FIELD GP
116,CHOW SANG SANG
117,TIANLI HOLDINGS
118,COSMOS MACH
119,POLY PROPERTY
120,COSMOPOL INT'L
122,CROCODILE
123,YUEXIU PROPERTY
124,GD LAND
125,SUN HING VISION
126,CARRIANNA
127,CHINESE EST H
128,ENM HOLDINGS
129,ASIA STANDARD
130,MOISELLE INT'L
131,CHEUK NANG HOLD
132,HING YIP HLDGS
133,CHINA MERCHANTS
135,KUNLUN ENERGY
136,CHINA RUYI
137,JINHUI HOLDINGS
138,CCT FORTIS
139,SMART FISH
142,FIRST PACIFIC
144,CHINA MER PORT
145,CCIAM FUTURE EN
146,TAI PING CARPET
147,IB SETTLEMENT
148,KINGBOARD HLDG
149,CH AGRI-PROD EX
150,HYPEBEAST
151,WANT WANT CHINA
152,SHENZHEN INT'L
154,BE ENVIRONMENT
156,LIPPO CHINA RES
157,NATURAL BEAUTY
158,MELBOURNE ENT
159,BROCKMAN MINING
160,HON KWOK LAND
162,CENTURY GINWA
163,EMPEROR INT'L
164,CHINA BAOLI TEC
165,CHINA EB LTD
166,NEW TIMES CORP
167,IDT INT'L
168,TSINGTAO BR-500
169,WANDA HOTEL DEV
171,SILVER GRANT
173,K. WAH INT'L
174,GEMINI INV
175,GEELY AUTO
176,SUPERACTIVE GP
177,JIANGSU EXPRESS
178,SA SA INT'L
179,JOHNSON ELEC H
180,KADER HOLDINGS
181,FUJIAN HOLDINGS
182,CONCORD NE
183,WINFULL GP
184,KECK SENG INV
185,ZENSUN ENT
186,NIMBLE HOLDINGS
187,JINGCHENG MAC
188,SUNWAH KINGSWAY
189,DONGYUE GROUP
191,LAI SUN INT'L
193,CAPITAL ESTATE
194,LIU CHONG HING
196,HONGHUA GROUP
197,HENG TAI
199,ITC PROPERTIES
200,MELCO INT'L DEV
201,MAGNIFICENT
202,EVERCHINA INT'L
204,CAPITAL REALM
205,BFB HEALTH
206,CM-ENERGY
209,POLY XVERSE IT
210,DAPHNE INT'L
211,STYLAND HOLD
212,NANYANG HOLD
213,NATIONAL ELEC H
214,ASIA ORIENT
215,HUTCHTEL HK
216,CHINNEY INV
217,CHINA CHENGTONG
218,SWHYHK
219,SHUNHO PROPERTY
220,U-PRESID CHINA
222,MIN XIN HOLD
223,ELIFE HLDGS
224,PIONEER GLOBAL
225,POKFULAM
227,FIRST SHANGHAI
228,CHINA ENERGY
229,RAYMOND IND
232,CON AERO TECH
234,NEW CENTURY GP
235,CSC HOLDINGS
236,SAN MIGUEL HK
237,SAFETY GODOWN
239,PAK FAH YEOW
240,BUILD KING HOLD
241,ALI HEALTH
242,SHUN TAK HOLD
243,QPL INT'L
244,SINCERE
245,CHINA VERED FIN
247,TST PROPERTIES
248,HKC INT'L HOLD
251,SEA HOLDINGS
252,SE ASIA PPT
253,SHUNHO HOLDINGS
254,NUR HOLDINGS
255,LUNG KEE
256,CITYCHAMP
257,EB ENVIRONMENT
258,TOMSON GROUP
259,YEEBO (INT'L H)
261,GBA HOLDINGS
262,DESON DEV INT'L
264,CN INT DEV CORP
265,GANGYU SERVICES
266,TIAN TECK LAND
267,CITIC
268,KINGDEE INT'L
269,CRTG
270,GUANGDONG INV
271,ASIASEC PPT
272,SHUI ON LAND
274,RA SILK ROAD
276,MONGOLIA ENERGY
277,TERN PROPERTIES
279,ARTA TECHFIN
280,KING FOOK HOLD
285,BYD ELECTRONIC
286,AIDIGONG
287,WINFAIR INV
288,WH GROUP
289,WING ON CO
290,GOFINTECH QUANT
291,CHINA RES BEER
293,CATHAY PAC AIR
294,YANGTZEKIANG
295,KONG SUN HOLD
296,EMPEROR E HOTEL
297,SINOFERT
298,CHUANG'S CHINA
299,GLORY SUN LAND
300,MIDEA GROUP
301,SANVO CHEMICALS
302,CMGE
303,VTECH HOLDINGS
305,WULING MOTORS
306,KWOON CHUNG BUS
308,CHINA TRAVEL HK
309,XH NEWS MEDIA
310,PROSP INV HOLD
311,LUEN THAI
312,SHIRBLE STORE
313,RICHLY FIELD
314,SIPAI HEALTH
315,SMARTONE TELE
316,OOIL
317,COMEC
318,VONGROUP
320,CTGL
321,TEXWINCA HOLD
322,TINGYI
323,MAANSHAN IRON
325,BLOKS
326,CHINA STAR ENT
327,PAX GLOBAL
328,ALCO HOLDINGS
329,OCI INTL
330,ESPRIT HOLDINGS
331,FSE LIFESTYLE
332,YUANHENG GAS
333,TOP FORM INT'L
334,CH DISPLAY OPT
335,UPBEST GROUP
336,HUABAO INTL
337,GREENLAND HK
338,SHANGHAI PECHEM
339,WEBX HOLDING
340,TONGGUAN GOLD
341,CAFE DE CORAL H
343,CULTURECOM HOLD
345,VITASOY INT'L
346,YANCHANG PETRO
347,ANGANG STEEL
348,CHINAHEALTHWISE
351,ASIA ENERGY LOG
352,FORTUNE SUN
353,ENERGY INTINV
354,CHINASOFT INT'L
355,CENTURY C INT'L
356,DT CAPITAL
357,MEILAN AIRPORT
358,JIANGXI COPPER
360,NEW FOCUS AUTO
361,HANFORT DEV H
362,C ZENITH CHEM
363,SHANGHAI IND H
365,SINO ICT
366,LUKS GROUP (VN)
367,CHUANG'S INT'L
368,SUPERLAND GROUP
369,WING TAI PPT
370,HK ROBOTICS
371,BJ ENT WATER
372,PT INTL DEV
373,ALLIED GROUP
374,FOUR SEAS MER
375,YGM TRADING
376,YUNFENG FIN
377,CHINA HUAJUN GP
379,EG LEASING
380,CHINA PIPE
381,AOM INT'L
382,EDVANTAGE GROUP
383,TIANAN MEDICARE
384,CHINA GAS HOLD
385,CHINNEY ALLI
386,SINOPEC CORP
387,LEEPORT(HOLD)
388,HKEX
389,TONTINE WINES
390,CHINA RAILWAY
391,MEI AH ENTER
392,BEIJING ENT
393,GLORIOUS SUN
396,HING LEE (HK)
397,MINERVA GROUP
398,ORIENTAL WATCH
399,STARCOIN GROUP
400,INGDAN
401,WANJIA GROUP
403,STARLITE HOLD
405,YUEXIU REIT
406,YAU LEE HOLD
408,YIP'S CHEMICAL
410,SOHO CHINA
411,LAM SOON (HK)
412,SDHG
413,SC HOLDINGS
417,TSE SUI LUEN
418,FOUNDER HOLD
419,HONY MEDIA
420,FOUNTAIN SET
422,VMEP HOLDINGS
423,HKET HOLDINGS
425,MINTH GROUP
426,ONE MEDIA GROUP
428,COCOON HOLDINGS
430,ORIENTAL EXPL
432,PCPD
433,NORTH MINING
434,BOYAA
435,SUNLIGHT REIT
436,NU ENVIRO
438,IRICO NEWENERGY
439,GENESIS SCALE
440,DAH SING
442,DOMAINE POWER
444,SINCEREWATCH HK
450,HUNG HING PRINT
451,DYNASTY DIGITAL
455,TIANDA PHARMA
456,NEW CITY DEV
458,TRISTATE HOLD
460,SIHUAN PHARM
464,CHINA IN-TECH
465,FUTONG TECH
467,UNITEDENERGY GP
468,GAPACK
470,WUXI LEAD
471,SILKWAVE INC
472,NEW SILKROAD
474,ACESO LIFE SCI
475,CENTRAL DEV H
476,EV DYNAMICS
480,HKR INT'L
482,SANDMARTIN INTL
483,BAUHAUS INT'L
484,FORGAME
485,CHINASINOSTAR
486,RUSAL
487,SUCCESSUNIVERSE
488,LAI SUN DEV
491,EMPEROR CULTURE
493,GOME RETAIL
496,KASEN
497,CSI PROPERTIES
498,BLUE RIVER HLDG
499,QINGDAO HLDGS
500,FRONTIER SER
501,OMNIVISION
505,XINGYE ALLOY
506,CHINA FOODS
508,DINGYI GP INV
509,SUNSHINE
510,CASH FIN SER GP
511,TVB
512,GRAND PHARMA
513,CONTINENTAL H
515,CHINASILVER TEC
517,COSCO SHIP INTL
518,TUNGTEX (HOLD)
519,NOVAUTEK
520,XIABUXIABU
521,CWT INT'L
522,ASMPT
524,GW TERROIR
525,GUANGSHEN RAIL
526,LISI GP HOLD
527,RF GREEN EN AI
528,KINGDOM HOLDING
529,SIS INT'L
532,WKK INTL (HOLD)
533,GOLDLION HOLD
535,GEMDALE PPT
536,TRADELINK
537,RIGOL
538,AJISEN (CHINA)
540,SPEEDY GLOBAL
542,CN CULTURAL T&A
543,PACIFIC ONLINE
544,DAIDO GROUP
546,FUFENG GROUP
547,DIGITAL DOMAIN
548,SHENZHENEXPRESS
550,ALLEGRO CULTURE
551,YUE YUEN IND
552,CHINACOMSERVICE
553,NANJING PANDA
554,HANS GP HLDGS
556,PAN ASIA ENVIRO
557,TIANYUAN HEALTH
558,LK TECH
559,DETAI NEWENERGY
560,CHU KONG SHIP
563,SH IND URBAN
564,ZCZL
565,ART GROUP HOLD
567,JSMART TECH
568,SHANDONG MOLONG
570,TRAD CHI MED
571,ESUN HOLDINGS
572,FW HOLDINGS
573,TAO HEUNG HLDGS
574,PASHUN INT'L
575,REGENT PACIFIC
576,ZHEJIANGEXPRESS
579,JNCEC
580,SUN.KING TECH
581,CHINA ORIENTAL
582,SHIN HWA WORLD
583,GWPA HOLDINGS
585,IMAGI INT'L
586,CONCH VENTURE
587,CONCH ENVIRO
588,BEIJING N STAR
590,LUK FOOK HOLD
591,C HIGHPRECISION
595,AV CONCEPT HOLD
596,INSPUR DIGI ENT
598,SINOTRANS
599,E. BON HOLDINGS
600,AXERA
601,REMT
602,JIAHUA STORES H
603,CHINA OIL & GAS
604,SHENZHEN INVEST
605,C FIN SERVICES
606,SCE CM
607,FULLSHARE
608,HIGH FASHION
609,TIANDE CHEMICAL
610,WAI KEE HOLD
611,CNE TECH CORP
612,CARMEN CENTURY
613,PLANETREE INT'L
616,ASSET CHAIN
617,PALIBURG HOLD
618,PKU RESOURCES
619,SOUTH CHINA FIN
620,DTXS SILK ROAD
621,TAUNG GOLD
622,OSHIDORI
623,GOLDENBRIDGE GP
625,SHEIN-W
626,PUBLIC FIN HOLD
627,VISION SYNERGY
628,TONGTONG AI SOC
629,YUE DA INTL
630,AMCO UNITED
631,SANY INT'L
632,CHK OIL
635,PLAYMATES
636,KLN
637,LEE KEE
638,FIBOCOM
639,SHOUGANG RES
640,INFINITY DEV
641,CHTC FONG'S INT
643,CARRY WEALTH
645,ARES ASIA
646,CHINA ENV TEC
648,SOFTMEDX
650,PRODUCTIVE TECH
653,BONJOUR HOLD
655,HK CHINESE LTD
656,FOSUN INTL
657,G-VISION INT'L
658,C TRANSMISSION
659,CTF SERVICES
660,WAI CHUN BIOTEC
661,CDAYENONFER
662,ASIA FINANCIAL
664,TONGSHIFU
666,REPT BATTERO
667,CHINA EAST EDU
668,ANKER
669,TECHTRONIC IND
670,CHINA EAST AIR
672,ZHONGAN GROUP
673,CHINA HEALTH
674,CHINA TANGSHANG
675,K & P INT'L
676,PEGASUS INT'L
677,GOLDEN RES DEV
679,ASIA TELE-NET
681,CHI PEOPLE HOLD
682,CHAODA MODERN
683,KERRY PPT
684,ALLAN INT'L
685,MEDIA CHINESE
686,BJ ENERGY INTL
687,TYSAN HOLDINGS
688,CHINA OVERSEAS
689,EPI (HOLDINGS)
690,UNI-BIO GROUP
691,SHANSHUI CEMENT
693,TAN CHONG INT'L
694,BEIJING AIRPORT
695,DONGWU CEMENT
696,TRAVELSKY TECH
697,SHOUCHENG
698,TONGDA GROUP
699,JOYSON ELEC
700,TENCENT
701,CNT GROUP
702,SINO OIL & GAS
703,FUTURE BRIGHT
704,HUSCOKE HLDGS
707,ATV HOLDINGS
708,EVERG VEHICLE
709,GIORDANO INT'L
710,BOE VARITRONIX
711,ASIA ALLIED INF
712,COMTEC SOLAR
713,WORLD HOUSEWARE
716,SINGAMAS CONT
717,EMPEROR CAPITAL
718,TAI UNITED HOLD
719,SHANDONG XINHUA
720,AUTO ITALIA
721,C FIN INT INV
722,UMP
723,RELIANCE GLO HL
725,PERENNIAL INT'L
726,DIT GROUP
727,SINOPROS CORP
728,CHINA TELECOM
730,CAPITAL IND FIN
731,C&D NEWIN
732,TRULY INT'L
733,HOPEFLUENT
736,CHINA PPT INV
737,BAY AREA DEV
738,LE SAUNDA
743,ASIA CEMENT CH
745,CN CULTURE GP
746,L & M CHEMICAL
747,SHENYANG PUBLIC
750,SFSY ENERGY
751,SKYWORTH GROUP
752,PICO FAR EAST
753,AIR CHINA
754,HOPSON DEV HOLD
755,DEVGREAT
756,SUMMI
757,SOLARGIGA
759,CEC INT'L HOLD
760,TALENT PPT GP
762,CHINA UNICOM
763,ZTE
764,ETERNITY INV
765,PERFECTECH INTL
767,ZHONG JI LS
768,UBA INVESTMENTS
769,CHINA RAREEARTH
770,SHANGHAI GROWTH
771,AUTOMATED SYS
772,CHINA LIT
775,CKLIFE SCIENCES
776,IMPERIUM TEC GP
777,NETDRAGON
778,FORTUNE REIT
780,TONGCHENGTRAVEL
784,AILIFE INTL
788,CHINA TOWER
789,ARTINI HLDG
794,COME SURE GROUP
797,7ROAD
798,CEOVU
799,IGG
800,WERIDE-W
804,PINESTONE
805,NEW GONOW RV
806,VALUE PARTNERS
807,SIICENVIRONMENT
808,PROSPERITY REIT
809,GLOBAL BIO-CHEM
810,CH CASTSON 81
811,XINHUA WINSHARE
813,SHIMAO GROUP
814,JINGKELONG
815,CHI SILVER GP
816,JINMAO SERVICES
817,CHINA JINMAO
818,HI SUN TECH
819,TIANNENG POWER
821,VC HOLDINGS
822,KA SHUI INT'L
823,LINK REIT
825,NWDS CHINA
826,TIANGONG INT'L
827,KO YO GROUP
828,DYNASTY WINES
829,SHENGUAN HLDGS
830,CSC DEVELOPMENT
831,CR ASIA
832,CENTRAL CHINA
833,ALLTRONICS
834,SHENGRONG HLDG
836,CHINA RES POWER
837,CARPENTER TAN
838,EVA HOLDINGS
839,CHINA EDU GROUP
840,TIANYE WATER
841,CASSAVA RES
842,LEOCH INT'L
844,GREATIME INTL
845,GLORIOUS PPT H
846,MINGFA GROUP
848,MAOYE INT'L
851,SHENG YUAN HLDG
852,STRONG PETRO
853,MICROPORT
854,WILLAS-ARRAY
855,CHINA WATER
856,VSTECS
857,PETROCHINA
858,EXTRAWELL PHAR
859,ZHONGCHANG INTL
860,APOLLO FMG
861,DC HOLDINGS
862,VISION VALUES
863,OSL GROUP
864,WING LEE PPT
865,JIANDE INT'L
866,CHINA QINFA
867,CMS
868,XINYI GLASS
869,PLAYMATES TOYS
871,CH DREDG ENV
873,SHIMAO SERVICES
874,BAIYUNSHAN PH
875,CONGYU INTE AGR
876,KAISA HEALTH
878,SOUNDWILL HOLD
880,SJM HOLDINGS
881,ZHONGSHENG HLDG
882,TIANJIN DEV
883,CNOOC
884,CIFI HOLD GP
887,EMPEROR WATCH&J
888,BLOCKFIN HLDG
889,DATRONIX HOLD
893,CHINAVTM MINING
894,MAN YUE TECH
895,DONGJIANG ENV
896,HANISON
897,WAI YUEN TONG
898,MULTIFIELD INTL
899,ZHONG JIA GX
900,AEON CREDIT
901,SDMC
902,HUANENG POWER
905,WALNUT CAP
907,ELEGANCEOPTICAL
909,MING YUAN CLOUD
910,CHINA SANDI
911,QIANHAI HEALTH
912,SUGA INT'L
913,HARBOUR DIGITAL
914,CONCH CEMENT
915,DAOHE GLOBAL
916,CHINA LONGYUAN
917,QUNABOX GROUP
918,MAJESTIC DRAGON
919,MODERNHEALTHTEC
921,HISENSE HA
922,ANXIANYUAN CH
923,IWS
924,KHOON GROUP
926,BESUNYEN
927,FUJIKON IND
928,KING INTL INV
929,IPE GROUP
931,CHINA HK POWER
932,SHUNTEN INTL
933,VIVA GOODS
934,SINOPEC KANTONS
936,KAISA CAPITAL
938,MAN SANG INT'L
939,CCB
941,CHINA MOBILE
943,ZHONGZHENG INTL
945,MANULIFE-S
947,MOBI DEV
948,ALPHA PRO H-10K
950,LEE'S PHARM
951,CHAOWEI POWER
952,QUAM PLUS FIN
953,SHAW BROTHERS
954,CHANGMAO BIO
956,CHINA SUNTIEN
959,CENTURY ENT INT
960,LONGFOR GROUP
966,CHINA TAIPING
968,XINYI SOLAR
969,HUA LIEN INT'L
970,NEW SPARKLEROLL
974,SKL
975,MONGOL MINING
976,CHIHO ENV
978,CHI MER LAND
979,GREEN ENERGY GP
980,LIANHUA
981,SMIC
983,SOCAM DEV
984,AEON STORES
986,DUFU LIQUOR GP
987,CH RENEW EN INV
989,CHINA CBS INTL
990,DEEP SOURCE
991,DATANG POWER
992,LENOVO GROUP
993,XINKONG INT CAP
994,CT VISION
995,ANHUIEXPRESSWAY
997,CHINLINK INTL
998,CITIC BANK
999,XIAOCAIYUAN
1000,BEIJING MEDIA
1001,HK SH ALLIANCE
1002,V.S. INT'L
1003,HUANXI MEDIA
1004,C SMARTERENERGY
1005,MATRIX HOLDINGS
1007,LONGHUI INTL
1008,LITU HOLDINGS
1009,INT'L ENT
1010,SKY BLUE 11
1011,NT PHARMA
1013,WAI CHUN GROUP
1020,CIPRUN TECH
1021,HUAYAN ROBOTICS
1022,FEIYU
1023,SITOY GROUP
1024,KUAISHOU-W
1025,KNT HOLDINGS
1026,UNIVERSAL TECH
1027,ASIA STRAT TECH
1028,C.BANNER
1029,IRC
1030,SEAZEN
1033,SINOPEC SSC
1036,VANKE OVERSEAS
1037,MAXNERVA TECH
1038,CKI HOLDINGS
1039,CHANGYOU INT GP
1044,HENGAN INT'L
1045,APT SATELLITE
1046,UNIVERSE ENT
1047,NGAI HING HONG
1049,CELESTIAL ASIA
1050,KARRIE INT'L
1051,G-RESOURCES
1052,YUEXIUTRANSPORT
1053,CHONGQING IRON
1055,CHINA SOUTH AIR
1057,ZHEJIANG SHIBAO
1058,NAMYUE HOLDINGS
1059,KANTONE HOLDING
1060,DAMAI ENT
1061,ESSEX BIO-TECH
1062,CDB INT'L INV
1063,SUNCORP TECH
1064,ZHONG HUA INT'L
1065,TIANJIN CAPITAL
1066,WEIGAO GROUP
1068,YURUN FOOD
1069,CN HEALTH TECH
1070,TCL ELECTRONICS
1071,HUADIAN POWER
1072,DONGFANG ELEC
1073,DA YU FIN
1075,CAPINFO
1079,PINE TECH
1080,SHENGLI PIPE
1081,DAJIN
1082,BDV EDU INTL
1083,TG SMART ENERGY
1084,GREEN FRESH BIO
1085,HXTL
1086,GOODBABY INTL
1087,INVESTECH HLDGS
1088,CHINA SHENHUA
1090,DA MING INT'L
1091,SOUTH MANGANESE
1093,CSPC PHARMA
1094,CHERISH SUN
1097,CTFME
1098,ROAD KING INFRA
1099,SINOPHARM
1100,MAINLAND HOLD
1101,HUARONG ENERGY
1102,ENVIRO ENERGY
1104,APAC RESOURCES
1105,SING TAO
1107,MODERN LAND
1108,TRIUMPH NEW EN
1109,CHINA RES LAND
1110,KINGWORLD
1111,HUASHI GROUP
1112,H&H INTL HLDG
1113,CK ASSET
1114,BRILLIANCE CHI
1115,5100 XIZANG
1116,HC TECH GP
1117,CH MODERN D
1118,GOLIK HOLDINGS
1119,IDREAMSKY
1120,ARTS OPTICAL
1121,GOLDENSOLAR
1122,QINGLING MOTORS
1123,CHINA-HK PHOTO
1124,COASTAL GL
1125,LAI FUNG HOLD
1126,DREAM INT'L
1127,LION ROCK GROUP
1128,WYNN MACAU
1129,WATER INDUSTRY
1130,CHINA ENV RES
1132,ORANGE SKY G H
1133,HARBIN ELECTRIC
1134,KELFRED
1137,HK TECH VENTURE
1138,COSCO SHIP ENGY
1140,HK.AI CAPITAL
1141,CMBC CAPITAL
1142,E&P GLOBAL
1145,COURAGE INV
1146,HUICHENG INTL H
1147,EDENSOFT
1148,POWER XINCHEN
1150,MILAN STATION
1152,MOMENTUM FIN
1153,JIAYUAN SER
1156,CHINANEWENERGY
1157,ZOOMLION
1159,SMART DIGI TECH
1160,GOLDSTONE CAP
1161,WATER OASIS GP
1162,LUMINA GROUP
1163,ADTIGER CORP
1164,CGN MINING
1165,SFCE
1166,SOLARTECH INT'L
1167,JACOBIO-B
1168,Z FIN
1170,KINGMAKER
1171,YANKUANG ENERGY
1172,MAGNUSCONCORDIA
1173,VEEKO INT'L
1176,ZHUGUANG HOLD
1177,SBP GROUP
1179,HWORLD-S
1180,PARADISE ENT
1181,TANG PALACE
1182,SUCCESS DRAGON
1183,MECOM POWER
1184,S.A.S. DRAGON
1186,CHINA RAIL CONS
1187,COFOE MEDICAL
1188,HYBRID KINETIC
1191,CREALIGHTS
1193,CHINA RES GAS
1195,KINGWELL GROUP
1196,REALORD TECH
1198,ROYALE HOME
1199,COSCO SHIP PORT
1200,MIDLAND HOLDING
1201,TESSON HOLDINGS
1202,SIWI SCI & TECH
1203,GUANGNAN (HOLD)
1204,BOARDWARE INTEL
1205,CITIC RESOURCES
1206,TECHNOVATOR
1208,MMG
1209,CHINA RES MIXC
1211,BYD COMPANY
1213,MOBICON GROUP
1215,KAI YUAN HLDGS
1216,ZYBANK
1217,CH INNOVATION
1218,EASYKNIT-NEW
1220,ZHIDAO INT'L
1221,SINO HOTELS
1222,WANG ON GROUP
1223,SYMPHONY HOLD
1224,C C LAND
1225,LERADO FIN
1226,CH INV FIN GP
1228,CANBRIDGE-B
1229,NAN NAN RES
1231,NEWTON RES
1232,GW TIANDI
1233,TIMES CHINA
1234,CHINA LILANG
1235,TRAVEL EXPERT
1236,LDROBOT
1237,CH ENV TECH&BIO
1238,POWERLONG
1239,TEAMWAY INTL GP
1240,CNQC INT'L
1241,SHUANGHUA H
1243,WANG ON PPT
1244,3D MEDICINES
1245,NIRAKU
1247,MIKO INTL
1250,SDHS NEW ENERGY
1251,SPT ENERGY
1252,CHINA TIANRUI
1253,GREEN BROAD
1255,TATA HEALTH
1257,CEB GREENTECH
1258,CHINFMINING
1259,PROSPER FUTURE
1260,WONDERFUL SKY
1262,LABIXIAOXIN
1265,TIANJINJINRAN
1268,MEIDONG AUTO
1269,FIRST CAP GP
1270,LANGHAM-SS
1271,GRAND MING
1272,DATANG ENVIRO
1273,HK FINANCE GP
1274,IMOTIONTECH
1276,HENGRUI PHARMA
1277,KINETIC DEV
1278,CHINANEWTOWN
1280,QIDIAN GUOFENG
1281,XINDA INV HLDGS
1282,RENZE HARVEST
1283,ACCEL GROUP
1284,NEW MEDIA LAB
1285,JIASHILI GP
1286,IMPRO PRECISION
1288,ABC
1289,SUNLIT SCI
1290,CHINA HUIRONG
1292,CM LOGISTICS
1293,GRAND BAOXIN
1298,YUNNAN ENERGY
1299,AIA
1300,TRIGIANT
1301,D&G TECH
1302,LIFETECH SCI
1303,HUILI RES
1304,FORTIOR
1305,WAI CHI HOLD
1308,SITC
1310,HKBN
1312,KONTA CHINA
1313,CR BLDG MAT TEC
1314,TSUI WAH HLDG
1315,GREEN ECONOMY
1316,NEXTEER
1317,MAPLELEAF EDU
1318,MAO GEPING
1319,OIWAHPAWN
1321,CHINA NEWCITY
1323,HUASHENG INTL
1326,TRANSMIT ENT
1327,LUXXU GROUP
1328,GOLDSTREAM INV
1330,DYNAGREEN ENV
1332,TOUYUN BIOTECH
1333,BRETON
1334,RUICHANG INTL
1335,SHEEN TAI
1336,NCI
1338,BAWANG GROUP
1339,PICC GROUP
1340,HUISHENG INTL
1341,HAO TIAN INTL
1343,WEI YUAN HLDG
1345,SH PIONEER HLDG
1346,LEVER STYLE
1347,HUA HONG GRACE
1348,QUALI-SMART
1349,FUDANZHANGJIANG
1351,BRIGHT FUTURE
1354,KINGFARPROPERTY
1355,BIOSYSEN
1357,MEITU
1358,PW MEDTECH
1359,CHINA CINDA
1361,361 DEGREES
1362,SIS MOBILE
1364,GUMING
1368,XTEP INT'L
1370,AOWEI HOLDING
1371,CHINA ECOTOUR
1372,C CARBONNEUTRAL
1373,IH RETAIL
1375,CC SECURITIES
1376,RAFFLESINTERIOR
1377,DTECH
1378,CHINAHONGQIAO
1379,WENLING MCT
1380,CHI KINGSTONE
1382,PACIFICTEXTILES
1384,DEEPEXI TECH
1385,SHANGHAI FUDAN
1388,EMBRY HOLDINGS
1389,MAJOR HLDGS
1392,HQVT
1393,HIDILI INDUSTRY
1395,ELL ENV
1396,GBA AI COMP-500
1397,BAGUIO GREEN
1398,ICBC
1399,VESON HLDG
1400,MOODY TECH HLDG
1401,FUTURE MACH LTD
1402,I-CONTROL
1405,DPC DASH
1406,CLARITY MEDICAL
1407,JY GAS
1408,MACAU E&M
1410,EDVANCE INTL
1412,Q P GROUP
1413,FEG HOLDINGS
1415,COWELL
1416,CTR HOLDINGS
1417,RIVERINE CHINA
1418,SINOMAX GROUP
1419,HUMAN HEALTH
1420,CHUAN HOLDING
1421,PROSP GP INTL
1425,JUSTIN ALLEN H
1426,SPRING REIT
1427,CH TIANBAO GP
1428,BRIGHT SMART
1429,SKYMISSION GP
1431,YST DAIRY
1432,CHINASHENGMU-PF
1433,CIRTEK HLDGS
1440,STAR SHINE HLDG
1442,INFINITY L&T
1443,FULUM GP HLDG
1446,HUNGFOOKTONG
1447,SFK
1448,FU SHOU YUAN
1449,LEADER EDU
1450,BE FRIENDS HLDG
1451,MS GROUP HLDGS
1452,DENOX ENV
1455,FOURACE IND GP
1456,GLMS SEC
1458,ZHOU HEI YA
1459,JUJIANG CONS
1460,ICO GROUP
1461,ZHONGTAIFUTURES
1463,C-LINK SQ
1466,BAIJIN LIFE SCI
1468,JAKOTA CAPITAL
1470,PROSPER ONE
1471,ZHONGMIAO
1472,SANG HING HLDGS
1473,PANGAEA CONNECT
1475,NISSIN FOODS
1476,FIN STREET SEC
1477,OCUMENSION-B
1478,Q TECH
1480,YAN TAT GROUP
1481,SMART GLOBE
1483,NET-A-GO TECH
1486,C CHENG HLDGS
1488,BEST FOOD HLDG
1489,GC CONSTRUCTION
1490,AI X TECH
1496,AP RENTALS
1497,YAN PALACE
1498,PURAPHARM
1499,OKG TECH
1500,INCON
1501,INT MEDICAL
1502,FIN STREET PPT
1503,CMC REIT
1508,CHINA RE
1511,UISEE TECH
1513,LIVZON PHARMA
1515,CR MEDICAL
1516,SUNAC SERVICES
1518,NC HEALTHCARE
1519,J&T EXPRESS-W
1520,VIRTUAL MIND
1521,FRONTAGE
1522,BII TRANS TECH
1523,PLOVER BAY TECH
1525,GENCH EDU
1526,RICI HEALTH
1527,TENGY ENV
1528,RS MACALLINE
1529,YUES INTL HLDG
1530,3SBIO
1532,CHINA PARTYTIME
1536,YUK WING GP
1538,ZHONG AO HOME
1539,UNITY GP HLDGS
1540,LEFTFIELD PRINT
1541,IMMUNEONCO-B
1542,TAIZHOU WATER
1543,JOIN-SHARE
1545,DESIGN CAPITAL
1546,THELLOY DEV
1547,IBI GROUP HLDGS
1548,GENSCRIPT BIO
1549,EVER HARVEST GP
1551,GRCB
1552,BHCC HOLDING
1553,MAIKE TUBE
1555,MIE HOLDINGS
1556,CHINNEY KW
1557,K.H. GP HLDGS
1559,KWAN ON HLDGS
1560,STAR GROUP ASIA
1561,PAN ASIA DATA H
1563,ALLI INTL ED LE
1565,VIRSCEND EDU
1566,CA CULTURAL
1568,SUNDART HLDGS
1569,MINSHENG EDU
1570,WEIYE HOLDINGS
1571,XIN POINT HOLD
1572,CHINA ART FIN
1575,REGAL PARTNERS
1576,QILU EXPRESSWAY
1577,HUIXIN CREDIT
1578,BANK OF TIANJIN
1579,YIHAI INTL
1580,DA SEN HLDGS
1581,PROGRESSIVE P
1582,CR CONSTRUCTION
1583,QINQIN FOODS
1585,YADEA
1586,LEON INSPECTION
1587,SHINEROAD INTL
1588,CHANJET
1591,SHUN WO GROUP
1592,ANCHORSTONE
1593,CHEN LIN EDU
1596,YICHEN IND
1597,NATURE ENERGY T
1598,21CENTURY EDU
1599,UCD
1600,TIAN LUN GAS
1601,ZGC TEC LEASING
1606,CDB LEASING
1608,VPOWER GROUP
1609,STAR SPORTS MED
1610,COFCO JOYCOME
1611,BITFIRE GROUP
1612,VINCENT MED
1613,SYNERTONE
1615,AB BUILDERS
1616,A METAVERSE
1617,NANFANG COMM
1618,MCC
1620,CINESE INTL
1621,VICO INTL HLDGS
1622,REDCO GROUP
1623,HILONG
1626,JIA YAO HLDGS
1627,ABLE ENG HLDGS
1628,YUZHOU GROUP
1629,CHAMP ALLI INTL
1630,KIN SHING HLDGS
1631,REF HOLDINGS
1632,MSCTECH
1633,SHEUNG YUE GP
1635,DZUG
1636,CMRU
1637,SH GROUP HLDG
1638,KAISA GROUP
1640,QIAN XUN TECH
1641,HX COLDCHAIN
1643,MODERN CHI MED
1645,HAINA INTEL
1647,GRANDSHORES
1650,HYGIEIA GROUP
1651,TSUGAMI CHINA
1652,FUSEN PHARM
1653,MOS HOUSE
1655,OKURA HOLDINGS
1656,ISDN HOLDINGS
1657,SG GROUP HLDGS
1658,PSBC
1660,SEVEN ELEMENTS
1661,CH FRONTIER TEC
1662,YEE HOP HLDGS
1663,S HARBOURHOLD
1666,TONG REN TANG
1667,DIMMI LIFE HLDG
1668,CHINASOUTHCITY
1669,GIC GROUP
1671,TIANBAO ENERGY
1672,ASCLETIS-B
1673,HUAZHANG TECH
1675,ASIAINFO TECH
1676,GAODI HOLDINGS
1679,RISECOMM GP
1680,MACAU LEGEND
1681,CONSUN PHARMA
1682,HP LIVING TECH
1683,HOPE LIFE INT
1685,BOER POWER
1686,SUNEVISION
1687,PRC B2710
1688,LINGYI ITECH
1689,HUAXIHOLDINGS
1690,LAP KEI ENGRG
1691,JS GLOBAL LIFE
1692,TOWNRAY HLDGS
1693,BGMC
1695,S&P INTL HLDG
1696,SISRAM MED
1697,SDITC
1698,TME-SW
1701,TU YI HLDG
1702,DONGGUANG CHEM
1703,EASYHOLD GROUP
1705,B & S INTL HLDG
1707,GEOTECH HLDGS
1708,SAMPLE TECH
1709,DL HOLDINGS GP
1710,TRIO IND ELEC
1711,ULFERTS
1712,DRAGON MINING
1713,SICHUAN EN INV
1715,AI HEALTH TECH
1716,MOST KWAI CHUNG
1717,AUSNUTRIA
1718,WAN KEI GROUP
1719,CIL GROUP
1720,PUTIAN COMM
1721,FSM HOLDINGS
1722,KIN PANG HLDGS
1723,MOON INC
1725,C STRATEGIC TEC
1726,HKE HOLDINGS
1727,HEBEI CONS
1728,ZHENGTONGAUTO
1729,TIME INTERCON
1731,PROSPEROUS IND
1732,XIANGXING TECH
1733,E-COMMODITIES
1735,CENTRAL NEW EGY
1736,PARENTING NET
1737,A & S GROUP
1738,FS ANTHRACITE
1739,QEEKA HOME
1740,VALUES CULTURAL
1741,SHING CHI HLDGS
1742,HPC HOLDINGS
1745,LVJI TECH
1746,MAN SHUN GP
1747,HOME CONTROL
1748,XIN YUAN ENT
1749,SHANSHAN
1750,REM GROUP HLDGS
1751,AI ENERGY E-2K
1752,TOP EDUCATION
1753,DUIBA
1755,S-ENJOY SERVICE
1756,CHI SCI&EDU IND
1757,GLOBAL CHI BC
1758,BOJUN EDU
1759,SINO GAS HLDGS
1760,INTRON TECH
1762,WANKA ONLINE
1763,CIRC
1765,XJ INTL HLDGS
1766,CRRC
1767,TS WONDERS
1768,BUSYMING
1769,SCHOLAR EDU
1770,DKE
1771,SUNFONDA GP
1772,GANFENGLITHIUM
1773,TIANLI INT HLDG
1775,BEXCELLENT GP
1776,GF SEC
1777,FANTASIA-NEW
1778,COLOUR LIFE
1779,LONGBIO-B
1780,RONGZUN INT'L H
1782,IB DIGITAL TECH
1783,ENVISION GREEN
1785,CHENGDU EXPWAY
1786,CRCCE
1787,SD GOLD
1788,GUOTAI JUNAN I
1789,AK MEDICAL
1790,TIL ENVIRO
1792,CMON
1793,WECON HOLDINGS
1795,YADONG GROUP
1796,METASPACEX
1797,EAST BUY
1798,DATANG RENEW
1799,XINTE ENERGY
1800,CHINA COMM CONS
1801,INNOVENT BIO
1802,WENYE GROUP
1803,BJ SPORTS&E-NEW
1808,ENTERPRISE DEV
1809,PRINX CHENGSHAN
1810,XIAOMI-W
1811,CGN NEW ENERGY
1812,CHENMING PAPER
1813,KWG GROUP
1815,EVEREST GOLD
1816,CGN POWER
1817,MULSANNE GROUP
1818,ZHAOJIN MINING
1820,PM PACKAGING
1822,CHINA WOOD INT
1823,HUAYUEXPRESSWAY
1825,STERLING GP
1826,FDB HOLDINGS
1827,MIRICOR
1828,FWD
1830,PERFECT MEDICAL
1831,SHIFANG HLDG
1832,SAI LEISURE
1833,PA GOODDOCTOR
1835,REALWAY CAPITAL
1836,STELLA HOLDINGS
1837,NATURAL FOOD IH
1841,A.PLUS GROUP
1842,GROWN UP GROUP
1843,SNACK EMPIRE
1845,WG ENV TECH
1846,EUROEYES
1847,GHPC
1848,CALC
1849,AM GROUP
1850,BEAUTIFULLIFEGP
1851,GINGKO EDU
1853,CHUNCHENG HEAT
1854,CHINA WANTIAN
1855,ZONQING LTD
1856,ERNEST BOREL
1857,CEB WATER
1858,CHUNLI MEDICAL
1860,MOBVISTA
1861,PRECIOUS DRAGON
1862,JINGRUI HLDGS
1863,CHI LONGEVITY
1865,PENGO HLDG GP
1866,CHINA XLX FERT
1867,STD DEV GROUP
1868,NEO-NEON
1869,KAFELAKU COFFEE
1870,GREEN POWER GP
1871,CHINA ORIENTED
1872,GUAN CHAO HLDGS
1873,VIVA BIOTECH
1875,BIODLINK-B
1876,BUD APAC
1877,JUNSHI BIO
1878,SOUTHGOBI
1879,XIZHI TECH-P
1880,CTG DUTY-FREE
1881,REGAL REIT
1882,HAITIAN INT'L
1883,CITIC TELECOM
1884,EPRINT GROUP
1888,KB LAMINATES
1889,SANAI HEALTH GP
1890,CHINA KEPEI
1891,HENG HUP
1894,HANG YICK HLDGS
1895,XINYUAN PM
1896,MAOYAN ENT
1897,MILLIONHOPE IND
1898,CHINA COAL
1899,XINGDA INT'L
1900,CHINA ITS
1901,FEIYANG GROUP
1903,JBB BUILDERS
1905,HAITONG UT
1906,BONNY HLDG
1907,CHINA RISUN GP
1908,C&D INTL GROUP
1909,FIRE ROCK
1910,SAMSONITE
1911,CR HOLDINGS
1912,CONTEL
1913,PRADA
1915,TAIHE M-FIN
1916,JIANGXI BANK
1917,DOUMOB
1918,SUNAC
1919,COSCO SHIP HOLD
1920,JUNWEA GROUP
1921,DALIPAL HLDG
1925,KWUNGS AROMA
1927,JIUJIUWANG
1928,SANDS CHINA LTD
1929,CHOW TAI FOOK
1930,SHINELONG
1931,ETHK LABS INC.
1932,CPM GROUP
1933,ONEFORCE HLDGS
1935,JH EDUCATION
1936,RITAMIX
1937,JIACHEN HOLDING
1938,CHU KONG PIPE
1939,SHANGSHAN GOLD
1940,CGII HLDGS
1941,YE XING GROUP
1942,MOG DIGITECH
1943,KING'S STONE
1945,ZERO2IPO
1947,MEIHAO GROUP
1948,UJU HOLDING
1949,PLATT NERA
1950,DIWANG IND H
1951,JXR
1952,EVEREST MED
1953,SFQ GLOBAL
1955,JOHNSON HLDGS
1956,WENGE AI
1957,MBV INTL
1958,BAIC MOTOR
1959,ZHONG JU INVEST
1960,TBKS HLDGS
1961,INFINITIES TECH
1962,EVERGREEN PG
1963,BCQ
1965,LANDSEA LIFE
1966,CHINA SCE GROUP
1967,CONFIDENCE IN
1968,HINGTEX HLDGS
1969,CHINA CHUNLAI
1970,IMAX CHINA
1971,RSUN SER
1972,SWIREPROPERTIES
1973,TIAN TU CAPITAL
1975,SUN HING PRINT
1977,ANALOGUE HLDGS
1978,LH GROUP
1979,TEN PAO GROUP
1980,TIANGE
1981,CATHAY GP HLDGS
1982,NAMESON HLDGS
1983,LUZHOU BANK
1985,MICROWARE
1986,TSAKER NE
1987,BENG SOON MACH
1988,MINSHENG BANK
1989,DELTON
1991,TA YANG GROUP
1993,ASIARAY
1995,ES SERVICES
1996,RSUN PPT
1997,WHARF REIC
1999,MAN WAH HLDGS
2000,SIM TECH
2001,NEW HIGHER EDU
2002,SUNSHINE PAPER
2003,VCREDIT
2005,SSY GROUP
2007,COUNTRY GARDEN
2008,PHOENIX TV
2009,BBMG
2011,GILSTON GROUP
2012,SUNSHINE OIL
2013,WEIMOB INC
2015,LI AUTO-W
2016,CZBANK
2017,CHANHIGH
2018,AAC TECH
2020,ANTA SPORTS
2022,DIGIT HOLLYWOOD
2023,CHINA LUDAO
2025,RUIFENG POWER
2026,PONY-W
2028,JOLIMARK
2030,CABBEEN
2031,AUSUPREME
2033,TIME WATCH
2038,FIH
2039,CIMC
2041,MEDCAPTAIN
2048,E-HOUSE ENT
2050,SANHUA
2051,VALA
2057,ZTO EXPRESS-W
2068,CHALIECO
2076,BOSS ZHIPIN-W
2078,PANASIALUM
2080,AUX INTL
2086,LEADWAY TECH
2088,XIWANG PROPERTY
2096,SIMCERE PHARMA
2097,MIXUE GROUP
2098,ZALL SMARTCOM
2099,CHINAGOLDINTL
2100,BAIOO
2101,FULU HOLDINGS
2102,TAK LEE MACH
2105,LAEKNA-B
2107,FIRST SERVICE
2108,K2 F&B
2110,TIAN CHENG-NEW
2111,BEST PACIFIC
2112,GRACE LIFE-TECH
2113,CENTURY GP INTL
2116,JS INNOV
2119,TSIT WING INTL
2120,KN HOSPITAL
2121,AINNOVATION
2122,KIDSLAND INTL
2125,STRAWBEAR ENT
2126,JW THERAP-B
2127,HUISEN SHARES
2128,CHINA LESSO
2129,LEGION CONSO
2130,CN LOGISTICS
2131,NETJOY
2132,LANDRICH HLDG
2135,RAILY AESMED
2136,LIFESTYLE CHI
2137,BRII-B
2138,EC HEALTHCARE
2139,BANK OF GANSU
2142,HBM HOLDINGS-B
2145,CHICMAX
2146,ROISERV
2147,ZHENGWEI GROUP
2149,BATELAB
2150,NAYUKI
2152,SUXIN SERVICES
2153,TAT HONG EQUIP
2155,MORIMATSU INTL
2156,C&D PROPERTY
2157,LEPU BIO
2158,YIDU TECH
2159,MEDIWELCOME
2160,MP CARDIOFLOW-B
2161,JBM HEALTHCARE
2162,KEYMED BIO-B
2163,BROAD HOMES
2165,LING YUE SER GP
2166,SMART-CORE
2167,TI CLOUD
2168,KAISA PROSPER
2169,CANGGANGRAILWAY
2170,BASECARE-B
2171,CARSGEN-B
2172,MICROPORT NEURO
2175,CH GENERAL EDU
2176,CCID CONSULTING
2177,UNQ HOLDINGS
2178,PETRO-KING
2179,RECBIO-B
2180,MANPOWER GRC
2181,MABPHARM-B
2182,TIAN CHANG GP
2185,BIOHEART-B
2186,LUYE PHARMA
2187,ZHIXIN GP HLDG
2188,TITANS ENERGY
2189,KATO (HK) HLDGS
2190,ZYLOXTB
2191,SF REIT
2192,MEDLIVE
2193,MAN KING HOLD
2195,UNITY ENT
2196,FOSUN PHARMA
2197,CLOVER BIO-B
2198,CHINA SANJIANG
2199,REGINA MIRACLE
2202,CHINA VANKE
2203,BRAINHOLE TECH
2205,KANGQIAO SER
2208,GOLDWIND
2209,YESASIA HLDGS
2210,BEIJING JIAYE
2211,UNI HEALTH
2212,FB MINING
2215,DEXIN SER GROUP
2216,BRONCUS-B
2218,ANDRE JUICE
2219,CHAOJU EYE CARE
2221,NEW CONCEPTS
2222,NVC INTL
2223,CASABLANCA
2225,JINHAI MED TECH
2226,HONWORLD GP
2227,SOLIS HOLDINGS
2228,XTALPI
2230,MEDIALINK GROUP
2231,JY GRANDMARK
2232,CRYSTAL INTL
2233,WESTCHINACEMENT
2235,MICROTECH MED-B
2236,WISON ENGRG
2237,CHINA GRAPHITE
2238,GAC GROUP
2239,SMIT
2245,LYGEND RESOURCE
2246,GOGOX
2249,NEXCHIP
2250,B.DUCK SEMK
2251,AIRDOC-B
2252,MEDBOT-B
2255,HAICHANG HLDG
2256,ABBISKO-B
2257,SIRNAOMICS-B
2258,WATTS INT'L
2259,ZIJIN GOLD INTL
2260,VANOV HOLDINGS
2261,NASN TECH
2262,SLD GROUP
2263,FU SHEK FIN
2265,HC ENV TECH
2266,LAI SI ENT
2268,WUXI XDC
2269,WUXI BIO
2270,DESUN SERVICES
2271,ZHONGAN SERVICE
2272,KEYTOP PARKING
2273,GUSHENGTANG
2276,CONANT OPTICAL
2279,YONGHE MEDICAL
2280,HC GROUP
2281,XINGLU WATER
2282,MGM CHINA
2283,TK GROUP HLDG
2285,CHERVON
2286,CHEN XING
2288,RYKADAN CAPITAL
2289,CHARMACY PHAR
2290,LUNG FUNG GROUP
2291,SCIENTECH
2293,BAMBOOSHEALTH
2295,MAXICITY
2297,RAINMED-B
2298,COSMO LADY
2299,BILLION IND
2302,CNNC INT'L
2306,YH ENT
2307,KAM HING INT'L
2309,ZO FUTURE GROUP
2310,TIMES UNI GP
2312,LONG INV CORP
2313,SHENZHOU INTL
2314,LEE & MAN PAPER
2315,BIOCYTOGEN-B
2317,VEDAN INT'L
2318,PING AN
2319,MENGNIU DAIRY
2320,HOP FUNG GROUP
2321,SWANGCHAICHUAN
2322,MODERN INNO DT
2324,CAPITAL VC
2325,YUNKANG GROUP
2326,NPE HOLDINGS
2327,MEILLEUREHEALTH
2328,PICC P&C
2329,GLORY HEALTH
2330,CHINA UPTOWN
2331,LI NING
2333,GWMOTOR
2335,MICOT PHARMA-B
2336,SHUOAO INTL
2337,UNITED STRENGTH
2338,WEICHAI POWER
2339,BWI INT'L
2340,ISP HOLDINGS
2342,COMBA
2343,PACIFIC BASIN
2347,YOHO GROUP
2348,DAWNRAYS PHARMA
2349,CHINA AI INFRA
2350,MTT GROUP
2352,DOWELL SERVICE
2355,BAOYE GROUP
2356,DAHSING BANKING
2357,AVICHINA
2358,JIU RONG HOLD
2359,WUXI APPTEC
2360,BEST MART 360
2361,SINOHEALTH TECH
2362,JINCHUAN INTL
2363,TONGDA HONG TAI
2367,GIANT BIOGENE
2368,EAGLE NICE
2369,COOLPAD GROUP
2370,REDCO HEALTHY
2371,CHUANGLIAN HOLD
2372,WEILI HOLDINGS
2373,BEAUTYFARM MED
2376,LUSHANGSERVICES
2377,BOQI ENV
2378,PRU
2380,CHINA POWER
2381,SMC ELECTRIC
2382,SUNNY OPTICAL
2383,TOM GROUP
2385,READBOY
2386,SINOPEC SEG
2388,BOC HONG KONG
2389,BJ HEALTH
2390,ZHIHU-W
2391,TUYA-W
2392,XUANWU CLOUD
2393,YESTAR HEALTH
2396,B&K CORP-B
2399,CN ANCHU ENERGY
2400,XD INC
2402,SINOHYTEC
2405,POWERWIN TECH
2407,GAUSH MEDITECH
2408,XIAO NOODLES
2409,SEACON
2410,TYK MEDICINES-B
2411,PAGODA GP
2415,MEDSCI
2416,EDIANYUN
2418,DEEWIN
2419,DEKON AGR
2420,ZIBUYU
2421,KRP DEVELOPMENT
2422,REGO INTERACT
2423,BEKE-W
2425,AUSTASIA GROUP
2427,GUANZE MEDICAL
2429,UBOX ONLINE
2431,MINIEYE
2432,DOBOT
2433,ZT HN GROUP
2436,LX TECHNOLOGY
2438,MOBVOI
2439,CH TREASURES NM
2440,MEMESTRATEGY
2442,EASY SMART GP
2443,AUTOSTREETS
2450,HUAIBEI GD CO
2451,LUYUAN GP HLDG
2453,CONCORD HC GP
2455,RUNHUA SERVICE
2457,BUYANG INTL
2458,GALA TECH HOLD
2459,SANERGY GROUP
2460,CR BEVERAGE
2461,SYNAGISTICS W29
2465,LOPAL TECH
2469,FENBI
2473,XXF
2475,LUXSHARE ICT
2476,VGT
2477,WELLCELL HOLD
2478,APAC RES W2712
2479,TIANJUDIHE
2480,LUZHU BIOTECH-B
2481,SL GEMINI
2482,LOGORY
2483,K CASH
2486,PLUS GP HOLDING
2487,CUTIA-B
2488,LAUNCH TECH
2489,PERSISTENCEGOLD
2490,LC HOLDING
2493,MABWELL-B
2495,VOICECOMM
2496,YZYBIO-B
2497,FUJING HOLDINGS
2498,ROBOSENSE
2499,FOLANGSI
2500,VENUS MEDTECH-B
2501,MAIYUE TECH
2502,JINYUAN HCHEM
2503,ZHONGSHENJIANYE
2505,EDA GROUP HLDGS
2506,XUNFEIHEALTH
2507,CIRRUS
2508,SAINT BELLA GP
2509,QYUNS-B
2510,TS LINES
2511,HIGHTIDE-B
2512,CLOUD FACTORY
2513,Z.AI
2515,TJCD
2516,FAR INTL
2517,GUOQUAN
2518,AUTOHOME-S
2519,AUGROUP
2520,SHANXI INSTALL
2521,SHENGHUI CLEAN
2522,RIMAG GROUP
2525,HESAI-W
2526,DIAGENS-B
2527,PTT N3508
2528,FW FASHION INT
2529,HOLLWIN URBAN
2530,NUMANS
2531,CARLINK TECH
2533,BLACK SESAME
2535,WK GROUP
2536,PALASINO
2539,LEMO SERVICES
2540,LESI GROUP
2543,DAHON TECH
2545,ZHONGGAN COMM
2546,ZHIHUI MINING
2549,CAROTE LTD
2550,EASOU TECH
2551,APT ELECTRONICS
2552,HUA MEDICINE-B
2553,SHOUGANG LANZA
2555,CHABAIDAO
2556,MARKETINGFORCE
2558,JINSHANG BANK
2559,DIDA INC-PF
2560,CONCH MAT TECH
2561,VISEN PHARMA-B
2562,SYNAGISTICS
2563,BIOSTAR PHARM-B
2565,PEGBIO CO-B
2566,JIUYUAN GENE
2567,QINIU
2568,CNOOC F03 N3305
2569,SOFT INTL
2570,REFIRE
2571,SAIMO
2572,ZG GROUP W30
2573,NEWTREND GROUP
2575,XUANZHUBIO-B
2576,TAIMEI TECH
2577,INNOSCIENCE
2579,CNGR
2580,AUX ELECTRIC
2581,BENQ HOLDING
2582,GUOFUHEE
2583,HIPINE
2585,MOKINGRAN
2586,DMALL
2587,HEALTHYWAY INC
2588,BOC AVIATION
2589,AUNTEA JENNY
2590,GEEKPLUS-W
2591,INNOGEN-B
2592,CLOUDBREAK-B
2593,HERBS GROUP
2595,GENFLEET-B
2596,YIBIN BANK
2597,XUNZHONG
2598,LIANLIAN
2600,CHALCO
2601,CPIC
2602,ONEWO
2603,JIHONG CO
2605,METALIGHT
2607,SH PHARMA
2608,SUNSHINE 100
2609,BAYZED HEALTH
2610,NANSHAN AL INTL
2611,GTHT
2612,CSI PPT W2704
2613,CONTIOCEAN
2616,CSTONE PHARMA-B
2617,TRANSTHERA-B
2618,JD LOGISTICS
2619,XJ ELECTRICS
2621,SHOUHUI GROUP
2623,HK GOLD IND GP
2625,JIANGSU HORIZON
2627,AB&B BIO-TECH-B
2628,CHINA LIFE
2629,MIRXES-B
2630,VIGONVITA-B
2631,SICC
2632,NEW VISION CO
2633,JACOBSON PHARMA
2635,NUOBIKAN
2637,HAIXI PHARMA
2638,HKELECTRIC-SS
2643,CAOCAO INC
2648,ANJOY FOOD
2649,ALSCO POOLING
2650,ZHIDA TECH
2651,DAZHONG DENTAL
2652,CF PHARMTECH
2655,GUOXIA TECH
2656,160 HEALTH
2657,FOREST CABIN
2658,TIANYU SEMI
2659,BAO PHARMA-B
2660,ZENGAME
2661,QINGSONG HEALTH
2663,KPA-BM HLDGS
2665,SEYOND
2666,UNI MEDICAL
2667,TONGRENTANGCARE
2668,PAK TAK INT'L
2669,CHINA OVS PPT
2670,YUNJI
2671,USAS BUILDING
2672,BAIGE DIGITAL
2673,SEYOND W30
2675,EDGE MEDICAL-B
2676,NOVOSENSE
2677,DISTINCT HEALTH
2678,TEXHONG INTL GP
2680,AUSTRAX HLDGS
2682,YUN LEE MARINE
2683,WAHSUN HANDBAGS
2685,QUANTGROUP
2687,ABLE DIGITAL
2688,ENN ENERGY
2689,ND PAPER
2691,NANHUA FUTURES
2692,ZHAOWEI
2693,JINYAN KAOLIN
2695,IMPRESSION DHP
2696,HENLIUS
2697,TH MEDICAL-B
2698,SOFTCARE
2699,XINMING CHINA
2700,GREEN INTL HLDG
2701,NSING TECH
2706,HAIZHI TECH GP
2714,MUYUAN
2715,ESTUN
2718,MININGLAMP-W
2720,RIDGE OUTDOOR
2722,CHONGQING M&E
2723,DEEPZERO
2726,EPIWORLD
2727,SH ELECTRIC
2728,JINTAI ENERGY H
2729,GALAXIS TECH
2738,HUAJIN INTL
2768,GON TECHNOLOGY
2772,ZHONGLIANG HLDG
2777,R&F PROPERTIES
2778,CHAMPION REIT
2779,CH XINHUA EDU
2788,CHUANGXIN IND
2789,YUANDA CHINA
2797,QIYUNSHAN FOOD
2798,PER ENERGY
2799,CITIC FAMC
2800,TRACKER FUND
2801,ISHARES CHINA
2802,A CSOP HSCEICC
2803,PP BEDROCK
2804,PREMIA VIET
2805,CG BS CNASEAN
2806,GX CN CONSUME
2807,GX CN ROBO&AI
2809,GX CN CLN EN
2810,PREMIAEMASEAN
2812,SAMSUNGCDGN
2814,SAMSUNG FANG
2815,GX CN LIL GIANT
2817,PP CGBOND
2818,PANDO BITCOIN
2819,ABF HK IDX ETF
2820,GX CN BIOTECH
2821,ABF PAIF
2822,CSOP A50 ETF
2823,ISHARES A50
2824,EFUND GOLD MI
2825,WISECSIHK100ETF
2826,GX CN CLOUD
2827,WISE CSI300 ETF
2828,HSCEI ETF
2829,ISHARESCGB
2830,CSOP SAUDI
2832,BOSERA STAR50
2834,ISHARESND100
2835,PHILLIP HKNEWEQ
2836,ISHARES INDIA
2837,GX HS TECH
2838,HS FCI50 ETF
2839,CAM MSCI A50
2840,SPDR GOLD TRT
2841,GX CN MEDTECH
2843,AMUNDI A50
2845,GX CN EV BATT
2846,ISHARESCSI300
2848,TRMSCIKOREA
2858,YIXIN
2863,GOLDEN FAITH GP
2865,DRINDA
2866,COSCO SHIP DEV
2869,GREENTOWN SER
2877,SHINEWAY PHARM
2878,SOLOMON SYSTECH
2880,LIAONING PORT
2881,WUHAN YOUJI
2882,3DG HOLDINGS
2883,CHINA OILFIELD
2885,PEIPORT HOLD
2886,BINHAI INV
2888,STANCHART
2889,PATEO
2892,MILLION CITIES
2898,SUNHO BIO-B
2899,ZIJIN MINING
2901,FANTASIA-OLD
2908,BJ SPORTS&E-OLD
2912,EASYKNIT-OLD
2913,TIAN CHENG-OLD
2914,ALPHA PRO H-20K
2918,AI ENERGY E-10K
2919,GBA AI COMP-2K
2920,BONJOUR HOLD
2921,CAPITAL IND FIN
2922,REALORD TECH
2923,CENTURY GP INTL
2925,JINTAI ENERGY H
2928,HK ROBOTICS RTS
2929,TSINGTAO BR-2K
3001,PP CNUSDPROP
3002,A MBC BTCGOLD
3003,CSOP MSCI A 50
3004,CSOP VIETNAM30
3005,X CSOPCSI500
3006,A GX AI TECH
3007,TR MSCI CHINA A
3008,BOS HSK BTC
3009,BOS HSK ETH
3010,ISHARES AXJ
3011,A CICC USD
3012,AMUNDI HK35
3014,GXCOPPERMINER
3015,X TRNIFTY50
3020,X TRMSCIUSA
3024,WISE SSE50ETF
3029,GX HS ESG
3030,CSOP GOLD
3031,FG HS HIGHDIV
3032,HSTECH ETF
3033,CSOP HS TECH
3034,CSOP NASDAQ100
3036,TRMSCITAIWAN
3037,CSOP HSI ETF
3038,HS ALOWCARBON
3039,EFUNDHSIESG
3040,GX MSCI CHINA
3041,GX CN PB BOND
3042,CAM BTC
3046,CAM ETH
3047,F SSIFIRONORE
3050,GX CN GL LEADER
3053,A CSOP HKD MM
3056,A PANDO INNO
3059,GX AGREENBOND
3064,GX APAC
3066,FA CSOP BTC
3067,ISHARESHSTECH
3068,FA CSOP ETH
3069,CAM HSBIOTECH
3070,PING AN HKDIV
3071,A CICC HKD
3074,ISHARESMSCITW
3075,GX ASUSD BOND
3076,FB TW SEMICON
3077,PREMIA UST
3081,VALUEGOLD ETF
3084,A GX INDIA
3085,PANDO ETH
3086,CAM NASDAQ100
3087,X TRVIET
3088,CAM HS TECH
3096,A CSOP USD MM
3097,F GX OIL
3101,CSOP A500
3102,ICBCU KS KWEB
3104,A GX EM ASIA
3108,HGI ESGLEADER
3109,CSOP STAR 50
3110,GX HS HIGHDIV
3111,EFUNDMSCIA50
3112,A PANDO BLKC
3115,ISHARESHSI
3116,GX AP HIGH DIV
3118,HGI MSCI CN A
3119,GX ASIA SEMICON
3121,CSOP KOSPI
3122,A CSOP RMB MM
3128,HS AINDTOPETF
3129,BOCGBACLIMATE
3132,SAMSUNG SEMICON
3133,CSOP CSI300
3134,CSOP CSI PV
3135,FA SAMSUNG BTC
3136,HSI ESG ETF
3137,A GX USD MM
3139,A GX EV ROBOT
3140,CAM HKUS AI
3141,CAM ASIA IGB
3145,CAM ASIA HIGHDV
3146,CAM 20 UST
3147,X CSOPCHINEXT
3150,GX JP GL LEADER
3151,PREMIA STAR50
3152,A BOS HKD MM
3153,CSOP NIKKEI225
3156,BOS 20 UST
3158,GX KPOP CULTURE
3160,CAM JAPAN HDG
3161,A CAM RMB MM
3165,CAM EU QLTY HDG
3167,ICBCCSOPCHINA
3169,HGI G2 TECH 50
3170,HS GOLD ETF
3171,A SS BLOCKCHAIN
3173,PP CN NEWECON
3174,CSOP HSBIOTECH
3175,F SAMSUNG OIL
3176,A TK USD MM
3179,HGI ETH
3181,PREMIAASIATEC
3182,WISE NEWECONESG
3184,GX INDIA TOP 10
3185,GX INNOVAFIN
3186,EFUND BIOPHAR
3187,SAMSUNG REITS
3188,CAM CSI300
3189,EFUND LIQUOR
3190,FB SSH HIGH DIV
3191,GX CN SEMICON
3192,A BOS RMB MM
3193,CSOP CSI 5G
3195,HS S&P500
3196,A BOS USD MM
3199,ICBCCSOP CGPB
3200,HANS CNC
3223,INGENIC
3231,EXCELLAND ROBOT
3268,MEIG
3277,GPIXEL
3288,HAITIAN FLAV
3296,HUAQIN
3300,CHINA GLASS
3301,RONSHINECHINA
3302,KINERGY
3303,JUTAL OIL SER
3306,JNBY
3308,ZJ INNOLIGHT
3309,C-MER MEDICAL
3310,VIEWTRIX TECH
3311,CHINA STATE CON
3313,ARTGO HOLDINGS
3315,GOLDPAC GROUP
3316,BINJIANG SER
3317,XUNCE
3318,CHINA BOTON
3319,A-LIVING
3320,CHINARES PHARMA
3321,ZHONGKE GROUP
3322,WIN HANVERKY
3323,CNBM
3328,BANKCOMM
3329,BOCOM INTL
3330,LINGBAO GOLD
3332,SINOLIFE UTD
3336,JU TENG INTL
3337,ANTON OILFIELD
3339,LONKING
3347,TIGERMED
3348,CHINA PENGFEI
3355,FS.COM
3360,FE HORIZON
3363,ZHENGYE INT'L
3366,OCT (ASIA)
3368,PARKSON GROUP
3369,QHD PORT
3377,SINO-OCEAN GP
3378,HANXBIO-B
3380,LOGAN GROUP
3382,TIANJINPORT DEV
3383,AGILE GROUP
3388,CREALITY
3389,HENGDELI
3390,TYCOON GROUP
3393,WASION HOLDINGS
3395,JX ENERGY
3396,LEGENDHOLDING
3398,CHINA TING
3399,YUEYUN TRANS
3401,GX AI INFRA
3402,GX G2TECH
3403,CAM HSI ESG
3404,CAM MSCIINDIA
3406,PA TECHSELECT
3408,GX KOSPI 200
3410,HS JAPAN TPX100
3411,PP ASIA IGUSD
3412,A DOO PAYMENTS
3413,A DOO AI
3415,A GXS&P500CC
3416,A GX HSCEICC
3417,A GX HSTCC
3418,CAM DIGI GOLD
3419,A GX HSICC
3420,A VP RMB MM
3421,A VP HKD MM
3422,GX INNO TOP 10
3423,CMS HS TECH
3425,MBC ETH
3426,A DOO WEB3
3427,FB MULTIASSET
3428,GX CL HK-US
3430,MBC BTC
3431,CSOP HKKRTECH
3432,CSOP HKCNCON
3433,CSOP UST20
3434,EFUND DIGITAL
3435,HSCMS 7-10Y UST
3436,HSCMS 1-3Y UST
3437,BOS CSOE HIDV
3439,HGI BTC
3440,GX 0-3M UST
3441,CSOP EWSELECT
3442,CSOP HKUSTECH
3443,CSOP HK EQUITY
3444,HS HK EQUITY
3447,CSOP AP REITS
3448,GX CHINA TECH
3450,GX 3-5Y UST
3451,A GXNASDAQCC
3453,PREMIA TW50
3454,CSOP MAG7
3455,INVESCO QQQ
3456,EFUND HKEX TECH
3457,A TK HKD MM
3460,CAM SOL
3461,A CAM RMBTMMF
3466,HS HIGH DIV
3469,CSOP SCHIGHDIV
3470,GX GREATERCHINA
3471,A CAM HKDTMMF
3472,A CAM USDTMMF
3473,CSOP ASIA TECH
3476,A HSJPUSINCOME
3477,PA EW SELECT
3478,PPKSA G SUKUK
3480,A VP USD MM
3483,EFUND APAC HD
3486,EFUND A SEMICON
3488,VP DIV LO VOL
3489,EFUND AI
3499,CSOP AI BOTTLNK
3509,EFUND MPF CN A
3519,A HSCEICC
3533,XA GX GOLD CC
3535,CSOP HKJPCF
3537,A CSOP KOSPICC
3555,AGX HSDIV ENH
3579,EFUND MPF HK
3589,A HSTECHCC
3600,MODERN DENTAL
3601,LUDASHI
3603,XINJI SHAXI
3606,FUYAO GLASS
3613,TONGRENTANGCM
3616,EVER REACH GP
3618,CQRC BANK
3623,C SUCCESS FIN
3625,FOURSEMI
3626,EAST NOVA HLDGS
3628,RENHENG ENT
3633,ZHONGYU ENERGY
3636,JINXUN RESOURCE
3638,HUNLICAR GROUP
3639,YIDA CHINA
3650,KEEP
3658,NEW HOPE SERV
3660,QFIN-S
3661,SG MICRO
3662,STARJOY W&T
3666,SHANGHAI XNG
3668,YANCOAL AUS
3669,YONGDA AUTO
3677,ZENERGY
3678,HOLLY FUTURES
3680,RUIHE DATA
3681,SINOMAB BIO-B
3683,GREAT HARVEST
3686,CLIFFORDML
3688,TOP SPRING
3689,KANGHUA HEALTH
3690,MEITUAN-W
3692,HANSOH PHARMA
3696,INSILICO
3698,HUISHANG BANK
3699,EB GRAND CHINA
3700,INKEVERSE
3708,WORLD DIGI ECON
3709,EEKA FASHION
3718,BJ ENT URBAN
3728,CHING LEE
3737,ZHONGZHIPHARM
3738,VOBILE GROUP
3750,CATL
3752,ROKAE ROBOTICS
3759,PHARMARON
3768,DCWT
3773,YS DIGIFAVOR
3774,FAMEGLOW
3778,CHINA WEAVING
3788,HANKING GOLD
3789,ROYAL DELUXE
3798,HOMELAND ITL
3800,GCL TECH
3808,SINOTRUK
3813,POU SHENG INT'L
3816,KFM KINGDOM
3818,CHINA DONGXIANG
3822,SAM WOO CONS
3828,MING FAI INT'L
3830,KIDDIELAND
3833,XINXIN MINING
3836,HARMONY AUTO
3838,CHINA STARCH
3839,CPBIO
3848,HAOSEN FINTECH
3858,JIAXIN INTL RES
3860,EPS HEALTH TECH
3866,BQD
3868,XINYI ENERGY
3869,HOSPITAL CORP
3877,CSSC SHIPPING
3878,VICON HOLDINGS
3880,MEDTIDE
3881,CIDI
3882,SKYLIGHT HLDG
3883,CHINA AOYUAN
3886,TOWN HEALTH
3887,HASHKEY HLDGS
3888,KINGSOFT
3889,GLOBAL CORN GP
3893,CROSSTEC
3896,KINGSOFT CLOUD
3898,TIMES ELECTRIC
3899,CIMC ENRIC
3900,GREENTOWN CHINA
3903,HANHUA HOLDING
3908,CICC
3913,KWG LIVING
3918,NAGACORP
3919,GOLDENPOWER
3928,CHINA NEXT-GEN
3931,CALB
3933,UNITED LAB
3938,LFG INV HLDGS
3939,WANGUO GOLD GP
3952,LAIFUAL
3958,DFZQ
3963,RONGZHONG FIN
3968,CM BANK
3969,CHINA CRSC
3978,BESTSTUDY EDU
3983,CHINA BLUECHEM
3986,GIGADEVICE
3988,BANK OF CHINA
3989,CAPITAL ENV
3990,MIDEA REAL EST
3991,CHANGHONG JH
3993,CMOC
3996,CH ENERGY ENG
3997,TSO
3998,BOSIDENG
3999,DACHAN FOOD
4024,EFN 1.51 2702
4030,EFN 0.80 2708
4036,EFN 1.49 2802
4042,EFN 2.49 2808
4048,EFN 2.48 2902
4054,EFN 2.24 2908
4101,EFN 3.19 2611
4104,EFN 3.34 2702
4105,EFN 2.16 2705
4106,EFN 1.85 2708
4107,EFN 2.40 2711
4108,EFN 2.23 2802
4111,EFN 2.52 2805
4112,EFN 3.00 2808
4200,HKGB FRN 2702
4201,HKGB 2.91 3302
4202,HKGB FRN 2705
4203,HKGB GR 5605
4204,HKGB GR 3405
4205,HKGB GR 3105
4206,HKGB 2.96 3106
4207,HKGB FRN 2708
4227,HKGB 2.13 3007
4232,HKGB 1.89 3203
4233,HKGB SUKUK 2702
4235,HKGB 1.25 2706
4236,HKGB 1.97 2901
4237,HKGB 2.02 3403
4242,HKGB GREEN 3102
4243,HKGB GREEN 5102
4244,HKGB 1.59 3603
4248,HKGB GREEN 3111
4249,HKGB GREEN 2611
4250,HKGB GREEN 4111
4255,HKGB 3.30 4205
4258,HKGB 3.74 3801
4260,HKGB GREEN 2801
4261,HKGB GREEN 3301
4262,HKGB GREEN 5301
4264,HKGB GREEN 3001
4268,HKGB GREEN 2806
4269,HKGB GREEN 3306
4270,HKGB GREEN 2706
4271,HKGB GREEN 3206
4273,HKGB RGB 2610
4280,HKGB GR 2707
4281,HKGB GR 3107
4283,HKGB 2.89 2710
4284,HKGB 3.23 2912
4286,HKGB RIB 2712
4287,HKGB 3.75 3912
4288,HKGB 3.84 3501
4290,HKGB 3.99 4503
4291,HKGB 2.76 2804
4293,HKGB 2.70 3005
4294,HKGB 3.17 3507
4296,HKGB FRN 2611
4297,HKGB GR 2811
4298,HKGB GR 2911
4299,HKGB GR 2711
4304,ZJ XC INV B2701
4305,JIAN CHG N2701
4309,CICCMTN N2701
4310,CICCMTN N2701B
4314,CITIC LTD N3109
4316,AIR AUTH N3201
4317,CITIC LTD N4609
4318,AIR AUTH N5201
4319,CCBL1CORP N2905
4320,AIR AUTH N6201
4321,MTRC N3401
4322,AGRBK N2701B
4324,ZJ CB B2701
4325,AIR AUTH N2701
4326,HN SFIC B2701
4329,DY SOAI B2701
4332,AMGEN-T
4333,CISCO-T
4335,INTEL-T
4336,APPL MATERIAL-T
4337,STARBUCKS-T
4338,MICROSOFT-T
4406,AZORB IV N2801
4407,GZ DDH B2701
4408,LINK FIN N3201
4411,CCTHK N2701
4413,AGRBK N2701
4418,RUDONGJX B2701C
4423,CINDA FIN N2802
4424,CINDA FIN N4802
4427,GRNL GLB N2902
4432,CCB B3201
4438,CHINA OVS N2907
4439,SXSY CIO N2701
4441,BOCL N2803
4442,XIN YUE B2701
4446,CITIC LTD N3803
4457,AIA GROUP N2804
4466,CITIC LTD N4804
4467,ICBCIL FN N2701
4469,CINDA20 N2701
4472,JOY TREA N2702
4476,CHINA OVS N2804
4478,CNOOCF15U N2805
4482,STATEGRI N2805
4488,CDB N2702
4492,CITIC LT N2702B
4493,CITIC LTD N3202
4497,CHALCO CH B2702
4498,HKMC N2702
4501,MIDEA INV N2702
4502,SINOCHEM N4011
4504,BOCL N2702
4505,SUN EXP N2703
4507,CNOOC F11 N4101
4508,CISI FIN B2702
4512,HAICHUAN B2702
4514,CNPC OVS N4104
4515,STATEGRID N2705
4516,STATEGRID N4705
4517,JIAN CHG N2702
4518,CDBL FND2 N2703
4523,CLP-PF N2610
4525,SINOPEC N2609
4526,NWD (MTN) N2905
4528,RONGSHI N2905
4529,HKMC N2902
4530,HKMC N3402
4531,ANJI QCLF B2702
4532,AGRBK N2703
4534,MTRC N3403
4535,NANCHANG B2703
4542,SX FIN B2703
4543,YCP B2703
4545,SOAR WISE N2703
4546,SHUIFA B2703
4547,CNOOC F12 N4205
4551,CFAMC IV N2905
4552,CX URBAN B2703
4554,DEQING B2703
4555,SINOPEC N4205
4557,HAIXI OSI B2703
4561,SPD BK N2703
4566,AIA GRP SDS3404
4567,GZ JK B2704
4568,ZJ CB B2703
4569,CTNA INV B2704
4571,FE HORI N2704
4575,CDB N2704
4576,CLP-PF N2710
4577,CDB N2704B
4578,NN CIG N2704
4580,CHINA OVS N4211
4581,ZOOMWE B2703
4582,CEBHK N2705
4583,ICBC N2705
4584,ICBC N2705B
4585,CINDA20 N2905
4586,GZ JK B2705
4588,GZ JK B2705B
4591,SHA PG B2906
4594,CSCIFHK N2705
4596,ZHENROPPT SPCS
4598,CSGIF BVI N2705
4621,CINDA 21USDPREF
5001,CMB ILM N2706
5002,CFAMC III N2711
5003,CFAMC III N4711
5005,JZBD B2706
5006,VKEREHK N2711
5009,NANCHANG B2705
5013,JOY TREA N2906
5014,BOCL N2706
5015,ICBCIL FN N2711
5021,ZY ZHICH B2706
5024,YB INTL B2706
5025,RUDONGJX B2706
5026,RUDONGJX B2706B
5029,RUDONGJX B2706C
5031,WUHAN UC B2706
5032,JICZHIXIN B2711
5033,CLP-PF N2911
5034,GPCCL B2906
5036,MGM CHINA N3106
5038,CSCFIN II N2711
5041,GTJA HOLD N2706
5042,CHANG DEV B2706
5046,HEN RAIL B2703
5047,BOCL N2706C
5048,BOCL N2706B
5050,FWDGHL SDCS3107
5053,BOCOM LM N2706B
5054,NJ YANGZI B2712
5055,CINDA FIN N3712
5058,BOCOM LM N2706
5059,CGNPC INT B2711
5062,CDCCIC B2712
5067,WXC INV B2706
5069,BEA N3406
5075,CHARM LGT N2712
5079,CGWIH VI B2801
5080,CGWIH VI UGPS
5082,SP MTN FN N2801
5084,CITIC LTD N2801
5085,WHARFREIC N2801
5088,SPAC MTN N2907
5089,CHGHK TM SGPS
5090,CM BANK N2707
5093,TENCENT N2801
5094,TENCENT N3801
5107,TZ URBAN B2707
5109,CHIYUBANK B3204
5121,STGRD N2704
5122,CITBK N2707
5125,DEQING B2707
5126,CM BANK N2707B
5128,ZJ BARON B2707
5129,CCB N2707
5131,PING AN B2907
5132,CINDA20 N2707
5133,CINDA20 N3001
5135,CMHI FIN N2808
5137,YINCHENG B2707
5138,ZS GROUP B2801
5139,BOCOM N2708
5142,SANDS N2808
5144,DJ HAIYU SGPSB
5145,DX VOYAGE B2708
5147,NANYANG N3408
5149,NWD (MTN) N2802
5150,YCHITEC B2708
5151,YCHITEC B2708B
5152,CHALCO CH B2802
5154,CGNPC INT B4809
5155,INDSTRLBK N2708
5156,ZHUJI DEV B2708
5157,C INT DEV B2708
5158,CEL DYNAS N2808
5161,SINOPEC N2809
5162,SINOPEC N4809
5165,BOCOM LM N2708
5167,CSGIF BVI N2809
5168,BOCOM LM N2708B
5169,URA N2708
5170,URA N2908
5171,URA N3408
5172,BOCL N2708
5173,YB EIIG B2708
5174,SOAR WISE N2708
5175,SIHAI INT B2708
5176,WEIFANG B2708
5178,QUANCHENG B2708
5180,JZ UDH B2708
5181,GZ URBAN N2709
5184,BEA N3204
5185,FE HORI N2803
5186,WEIMOB B2904
5187,BHN2 N4410S
5188,BHN2 N4410A
5189,BHN2 N4410B
5190,CNCB INTL UCS D
5192,BHN2 N4410C
5193,BHN2 N4410D
5196,HLP FIN N2909
5197,DJ HAIYU B2709
5198,JS ZY B2709
5200,TCCL FIN B2704
5201,HAIXI OSI B2709
5203,GF FH B2709
5204,CMBC N2709
5206,CQILHP N2709
5207,NANYANG NCSCS B
5208,WH METRO N2709
5211,MTRC(CI) N3205
5213,MINGHU B2709
5214,PJ SOCIG B2709
5217,CQ SNCI B2709
5218,ZJ XC INV B2709
5220,AIA GRP SDS3503
5223,AIA GRP SDS5409
5227,MTR CORP N4706
5230,MEITUAN N2804
5232,MEITUAN N2910
5233,CSCEC II N2707
5235,ENNENERGY N2705
5236,HAICHUAN B2709
5238,YANKUANG B2910
5239,JINAN HT B2710
5242,TAIZHOU B2710
5244,HKMC N2710
5245,CAPCO FC N2707
5249,HKMC N2610
5250,HKMC N2910
5252,MTR CORP N4707
5254,ZQGL INV B2710
5255,CSI MTN N2804
5256,CSI MTN N2710
5258,SEPCO V SGPS
5262,PHX LEAD GPCS
5266,CGWIH III N2708
5267,NB HSDC B2710
5269,WH METRO N2710
5270,HZMGS HT B2710
5272,HING YIP B2710
5273,SINOPEC N2709
5274,SINOPEC N4709
5275,CMHI FIN N2706
5278,ZZ TDIG B2710
5280,WYNN MAC N2710
5281,WUHAN FIN N2711
5282,JN UC B2711
5283,CD ESOI B2711
5285,MTR CORP N4709
5296,CDBL FND1 N2710
5297,CDCCIC B2805
5298,CDCCIC B2911
5300,YC HT INV B2711
5301,TS FIN B2611
5303,NANXUN B2711
5307,CEBHK N2711
5308,CFAMC II N2611
5309,GRNL GLB N2806
5311,SKYFAME B3311
5312,NWD FIN GSPCSE
5313,CD ESOI B2711B
5314,QDBLTT B2711
5316,ZJCX B2711
5321,NWD (MTN) N2706
5323,FUYUAN W B2711
5324,YUANZHOU B2711
5325,SPIC2016 B2612
5327,SY CSC B2712
5333,CHARM LGT N2612
5337,BEA N2807
5338,C RAILWAY B2707
5340,QZ QT B2712
5341,CIXI SO B2712
5342,BOCOM N2712
5343,NWCL N2701
5347,ZZ URBAN N2712
5349,QD PD B2712
5351,ANXH B2712
5352,GOHL CAP N2701
5354,ZIBO HT B2712
5355,YCHITEC B2712
5356,CDB N2701
5357,CDB N3701
5361,CDAPXC B2712
5364,BL SKYVIEW SPS
5369,JZBD B2712
5374,HUANGYAN B2801
5375,HEN RAIL B2801
5377,QZ SOCO B2801
5378,PROVENGLY N2702
5379,SKYFAME B3311B
5381,AIR AUTH N2801B
5382,LENOVO N3207
5383,AIR AUTH N3001B
5384,CITIC LTD N2702
5385,AIR AUTH N3501
5386,LENOVO N2801
5388,AIR AUTH N5501
5390,CZ INTL B2801
5394,AIR AUTH N2807
5396,AIR AUTH N3007
5398,CINDA FIN N2703
5399,AIR AUTH N3501B
5400,CLP PHKF PSGCSC
5403,YANKUANG B2801
5404,BOCOM N2801
5406,LS ETD B2801
5407,AZURE NVA N2703
5410,LT OVS B2801
5411,H&H INTL N2807
5413,SANDS N2703A
5414,SANDS N2903A
5415,SANDS N3108A
5416,HANRUI OS B2801
5418,NWD (MTN) N2907
5421,PHX CHARM B2801
5422,SINOPEC N2704
5423,SINOPEC N4704
5425,RH INT FN GSPS
5427,YUEYANG B3002
5431,PX CCI B2801
5433,BOCL N2704
5437,FUGAO WT B2802
5438,DQCT CTD N2702
5440,LENOVO B2908
5441,GREENTOWN N2802
5442,HB UN DEV B2802
5443,CFAMC III N2704
5444,CFAMC III N4704
5446,CDJJ INV B2803
5447,FRANSHION N2907
5448,ZHOUKOU B2803
5449,RONGSHI N2705
5450,QDJZ UDI B2803
5452,CDJJ INV B2803B
5455,BOCOM LM N2803
5457,BOCOM LM N3003
5460,SWHY INTL B2803
5462,ZJCX B2803
5464,EL GLO SGPCSB
5465,KNWL CTY B2803
5466,QD PD B2803
5467,GF FH B2803
5469,CDAPXC B2803
5470,FJ SHISHI B2803
5471,DZKS B2803
5472,YZ ETDZ B2803
5473,SZ COMMUN B2803
5474,GZ DIH B2803
5477,ZHUZHOU C B2803
5479,HN AIG B2803
5480,FSGAOMING B2803
5481,CHANG DEV B2803
5484,QZNY B2803
5486,XIANGYU B2803
5487,CHQ B3003
5488,TZHY TTI B2803
5489,ZZJS B2803
5490,SOAR WISE N2803
5491,FE HORI N2810
5492,MTRC N3004
5493,MTRC N3504
5494,MTRC N5504
5495,SOAR WISE N3003
5496,JZBD B2803
5497,PETRONAS N3101
5498,PETRONAS N3504
5502,SINOPEC N4504
5503,PETRONAS N5504
5504,CGWIH VI B2804
5507,CNOOCF15A N4505
5512,RUYI B3004
5513,AGRBK N2804
5518,SIHAI INT B2804
5533,ZY AM N2805
5534,SIHAI INT B2805
5542,TENCENT N3507
5560,AIA GROUP N2710
5563,ICBC N2805
5564,CHIYU BNK USCS
5567,SKYFAME B3111B
5569,ICBC N2805B
5570,DEEP DEV B3205
5573,SDG FIN B2805
5575,CEBHK N2805
5578,CDBL F1 N3005
5582,CDBL F1 N3005B
5584,HUAIAN TH B2805
5585,CCB N2805
5588,CDB N2901
5591,CCB N3005
5593,BABA N3411B
5594,CEL DYNAS N2906
5598,TOP LUX B4012
5599,NEW TOWN B2805
5602,SKYFAME B3211
5603,YONGA INV B2806
5606,KFDIG B2806
5608,SDG FIN GSPCS
5609,CGXCIG B2806
5611,CITIC LTD N3602
5612,CITIC LTD N4102
5615,CMB ILM N2806
5618,AIA GROUP N4603
5622,CMB ILM N3006
5625,KYRGYZ N3006
5630,CITIC LTD N3604
5631,CITIC LTD N4604
5632,SINOPEC N2908
5634,MYS SGB C4604
5635,SINOPEC N4908
5638,SINOPEC N4605
5642,HKGB GR 3006
5646,HKGB GR 3306
5651,HKGB GR 5506
5657,AIA GRP SDS3506
5658,DJY MJ B2806
5662,LINK CB B2712
5666,AIR AUTH N2801
5667,MTRC(CI) N4606
5669,AIR AUTH N3001
5670,MTR CORP N4606
5671,FJJSHG B2806
5673,AIR AUTH N3301
5674,MTRC(CI) N4606B
5684,HENGJIAN B2806
5686,TFBANK NCCB
5687,MTRC(CI) SPGCS
5688,MTRC(CI) SPGCSB
5693,MTR CORP N4607
5694,ZZ URBAN N2806
5696,CDB N2807
5700,CDB N2807B
5704,CTFJ B3006
5705,JSJURONG B2807
5707,JINAN HT B2807
5708,AIA GROUP N4403
5709,LNTDIG B2806
5711,HS TOUR B2807
5713,SHACOMBNK N3302
5714,ICIL AT N2807
5716,GDDIG B2807
5720,HYSAN MTN N2909
5722,ZZ JLJ GP B2807
5725,CHMOD DA B3007
5730,MY INV B2807
5731,GUOTAI JA N2807
5733,SANDS N2808B
5736,CSI MTN N2807
5737,ZJ TRANS B2807
5739,CNOOC F14 N4404
5741,SHA PG B2909
5743,STATEGRID N4405
5744,PHX CHARM B2807
5751,SUZHOU CT B2807
5752,NANYANG NCSCS C
5753,TJLG INV B2807
5754,WYNN MAC B2903
5756,C TAIPING PSCSB
5760,CHINA OVS N3406
5761,AIR AUTH N2902
5762,WEIFANG B2807
5764,GUOTAIJA N2807B
5766,20191WST N5008
5769,GRNL GLB B3007
5770,CSCIFHK N2807
5773,TJBHNA B2807
5778,AIA GROUP N3304
5781,FEC FIN PERP
5783,CINDA FIN N2902
5786,CR LAND N2902
5790,BAUHINIA N4410A
5791,BAUHINIA N4410B
5792,BAUHINIA N4410C
5795,BAUHINIA N4410D
5797,BAUHINIA N4410S
5807,SHKP(CM)L N2902
5809,DZKS B2807
5813,HLAND MTN N2903
5817,LUSO BANK B3306
5819,CR LAND N2910
5826,CINDA20 N2702
5832,CLIO HK B3308
5834,JLMAG B3008
5840,CDXS B2808
5843,CITBK N2808
5845,BABA N3411
5846,LEAD AFFL N2911
5851,LICHENG B2808
5853,ZZ UDG B2808
5855,SKYFAME B3111
5856,NWD FIN GSPCSA
5857,HKMC N2809
5858,AIA GROUP RSPSC
5865,CALC BD B2808
5867,BOCL N2609
5870,CEBSYD N2609
5872,JINSHINE B2609
5877,WYNN MAC N3402
5880,HN WCI B2808
5881,MTRC(CI) N2611
5883,ORNTL CAP B2808
5885,LEGEND FT N2808
5887,PETRONAS N4503
5888,LEGEND FT N3008
5889,TONGLING B2808
5891,CITIC LTD N3504
5892,CDUCI B2610
5893,SR CITY B2610
5895,MYS SSB C4504
5896,BOCL N2610
5898,GZ URBAN N2808
5899,SPAC MTN N3208
5902,CCB N2809
5903,JOY TREA B2903
5906,CCB N3009
5907,SXSY CIO N2809
5910,SR CITY B2610B
5911,TR SOCO B2610
5912,CCB SAA N2809
5915,ICBC N2610B
5918,ICBC N2610C
5919,ICBC N2610D
5920,CPIC B3009
5921,XIAN PORT B2610
5922,HUBEI S&T B2809
5927,PION REW N2809
5928,JN LIXIA B2610
5930,SINO CAP N4304
5932,CDWJ B2610
5934,JN HTIC B2610
5935,FWDGHL SDCS3009
5937,FWDGHL SDCS3509
5942,CNOOC F13 N4305
5943,PION REW N2809B
5944,AIA GROUP N2904
5946,CZ INTL B2809
5947,LIYUAN B2809
5951,CMBC N2809
5952,SINO TREN B2709
5953,ORIENT ZS B2809
5955,STATEGRID N4305
5958,MTR CORP N4306
5959,MMG B3010
5962,TENCENT N2904
5963,TENCENT N4904
5964,XCTRSPRT B2810
5967,BHN3 N4510S
5968,BHN3 N4510A
5969,DAHSING B N3311
5971,CMB ILM N2907
5973,RZ XLS B2611
5978,BOCL N2611
5980,SINOPEC N4310
5982,BOCL N2904
5985,BHN3 N4510B
5987,BHN3 N4510C
5989,CHINA OVS N4310
5990,BHN3 N4510D
5992,JN HTIC B2810
5993,SHENGZHOU B2810
5995,CN EOI SGPSB
5996,CN EOI N2810
5997,AGRBK N2611
5998,FE HORI N2810B
5999,TH GOR I N2810
6000,IFC DEV N2904
6001,DEYANG N2810
6002,SR INVT B2810
6003,XIANPORT B2610B
6004,PION REW N2611
6005,GLP HLD N2904
6006,MEITUAN N3105
6007,LUSO BANK B3405
6009,MEITUAN N3211
6010,MEITUAN N3511
6012,PEAK RE PSGCSB
6013,GTJAHLD B3211
6014,BOCL N3011
6016,CDB LEAS B3511
6017,GAOXIN B2811
6018,CINDA20 N2811
6024,CCB N2611
6025,MTRC(CI) N2902
6029,CCB N2611B
6030,CITIC SEC
6031,SANY HEAVY IND
6033,TELECOM DIGIT
6036,APEX ACE HLDG
6038,G & M HLDGS
6049,POLY PPT SER
6051,YOUZAN
6055,CTIHK
6058,CISI FIN
6060,ZA ONLINE
6063,LOTUS HORIZON
6066,CSC
6067,SENIOR MATERIAL
6068,WISDOM EDU INTL
6069,SY HOLDINGS
6078,HYGEIA HEALTH
6080,WING CHI HLDGS
6082,BIREN TECH
6083,WORLD-LINK LOG
6086,FANGZHOU JIANKE
6088,FIT HON TENG
6090,BUTONG GROUP
6093,HEVOL SERVICES
6098,CG SERVICES
6099,CMSC
6100,TONGDAO LIEPIN
6106,SEER TECH
6108,NEW RAY MEDIC
6110,TOPSPORTS
6113,BITSTRAT HLDGS
6117,RIZHAO PORT JR
6118,AUSTAR
6119,TIAN YUAN GP
6123,YTO INTL EXP
6127,JOINN
6128,GRAPHEX GROUP
6132,HJ SCIENCE-B
6133,VITAL INNO
6136,KANGDA ENV
6138,HARBIN BANK
6158,ZHENRO PPT
6160,BEONE MEDICINES
6162,TR INTERIORS
6163,GEMILANG INTL
6166,CIG
6168,ZHOU LIU FU
6169,YUHUA EDU
6178,EB SECURITIES
6181,LAOPU GOLD
6182,TWINTEK
6185,CANSINOBIO
6186,CHINA FEIHE
6188,BJ DIGITAL
6189,ADWAY
6190,BANKOFJIUJIANG
6193,TAILAM TECHCON
6196,BANKOFZHENGZHOU
6198,QINGDAO PORT
6199,BANK OF GUIZHOU
6228,MERDEKAGOLD-DRS
6288,FAST RETAIL-DRS
6600,ONEROBOTICS
6601,CHEERWIN GP
6603,IFBH
6608,BAIRONG AI-W
6609,HEARTCARE-B
6610,FLOWING CLOUD
6611,SANXUN GROUP
6613,LENS
6616,GLOBAL NEW MAT
6618,JD HEALTH
6622,ZHAOKE OPHTH-B
6623,LUFAX
6626,YUEXIU SERVICES
6628,TRANSCENTA-B
6633,QINGCI GAMES
6636,EXTREME VISION
6639,ARRAIL GROUP
6651,51WORLD
6655,HX BLDG MAT
6656,SIGENERGY
6657,BAIWANG CO
6658,LIULIUMEI
6660,AIM VACCINE
6661,HUZHOU GAS
6663,IWS GROUP
6666,EVERG SERVICES
6667,MEGA GENOMICS
6668,E-STAR CM
6669,ACOTEC-B
6675,SENASIC
6676,ZG GROUP-W
6677,SINO-OCEAN SERV
6680,JLMAG
6681,BRAINAURORA-B
6682,PHANCY
6683,STARPLUS LEGEND
6686,NOAH HOLDINGS
6687,JST GROUP
6690,HAIER SMARTHOME
6693,CHIFENG GOLD
6696,MANY IDEA CLOUD
6698,STAR CM
6699,ANGELALIGN
6715,XUNLONG SCITECH
6745,BEFAR GROUP
6751,PRC B2711
6753,PRC B2810
6754,PRC B4810
6757,PRC B2912
6758,PRC B3912
6761,PRC B3010
6762,PRC B5010
6764,PRC B3011
6765,PRC B3511B
6767,PRC B2610
6768,PRC B3110
6769,PRC B5110
6771,PRC B2811
6772,PRC B3311
6773,PRC B2710B
6774,PRC B3110B
6775,PRC B2711B
6776,PRC B2911
6777,PRC B2811B
6778,PRC B3011B
6779,PRC B2911B
6780,PRC B3211
6781,PRC B3107
6782,PRC B3407
6783,PRC B3807
6805,KIMOU ENVIRON
6806,SWHY
6808,SUNART RETAIL
6809,MONTAGE TECH
6810,SUNMI TECH-W
6811,TAI HING GROUP
6812,WINSON HLDGS HK
6816,PROSPER CONS
6818,CEB BANK
6820,FRIENDTIMES
6821,ASYMCHEM
6822,KING'S FLAIR
6823,HKT-SS
6826,HAOHAI BIOTEC
6828,BG BLUE SKY
6829,DRAGON RISE GP
6830,HUAZHONG IN-V
6831,GREEN TEA GROUP
6833,SINCO PHARMA
6838,WINOX
6839,YUNNAN WATER
6855,ASCENTAGE
6858,HONMAGOLF
6860,FINGERTANGO
6862,HAIDILAO
6865,FLAT GLASS
6866,ZUOLI KECHUANG
6868,TENFU
6869,YOFC
6871,ROBOTPHOENIX
6872,TENNOR THERAP-B
6877,TE HEALTHCARE
6878,DIFFER GP AUTO
6880,MOMENTA-W
6881,CGS
6882,EGL HOLDINGS
6883,ETERNAL BEAUTY
6885,JINMA ENERGY
6886,HTSC
6887,SUNSHINE PHARMA
6888,FREETECH
6889,DYNAM JAPAN
6890,KANGLI INT HLDG
6893,HINSANG GROUP
6896,GOLDEN THROAT
6898,CHINA ALUMCAN
6899,OURGAME
6908,HG SEMI
6909,BETTERLIFE HLDG
6911,LANCANG TEA
6913,SCVE GROUP
6915,JIANGXI BIO
6918,JIUTAI DIGITAL
6919,RENRUI HR
6922,CRYOFOCUS-B
6928,TOMO HOLDINGS
6929,ORBUSNEICH
6933,SINO-ENTERTAIN
6936,SF HOLDING
6938,RIBOLIFE-B
6939,MEGAIN
6951,CCTC
6955,BOAN BIOTECH
6958,ZHENRO SERVICES
6959,CHANGJIU HLDGS
6960,SHUANGDENG
6963,SUNSHINE INS
6966,C WAN TONG YUAN
6968,GANGLONG CHINA
6969,SMOORE INTL
6978,IMMUNOTECH-B
6979,ZJLD
6980,BAMA TEA
6988,JOY SPREADER
6989,EXCELLENCE CM
6990,SKB BIO
6993,BLUE MOON GROUP
6996,ANTENGENE-B
6998,EDDING GENOR
6999,LEADING HLDGS
7200,FL2 CSOP HSI
7226,XL2CSOPHSTECH
7233,XL2CSOPCSI300
7234,XL2 BOS CHINEXT
7261,FL2CAMNDQ100
7262,FL2 CSOP NIKKEI
7266,FL2CSOPNASDAQ
7288,FL2 CSOP HSCEI
7299,FL2CSOPGOLD
7300,FI CSOP HSI
7311,XI2CSOPCOIN
7347,XI2CSOPSMSN
7366,XI2CSOPTSLA
7376,FI CSOP BTC
7388,XI2CSOPNVDA
7399,XI2CSOPMSTR
7489,VOYAH AUTO
7500,FI2 CSOP HSI
7515,FI2 CSOP NIKKEI
7522,FI2CAMNDQ100
7552,XI2CSOPHSTECH
7568,FI2CSOPNASDAQ
7588,FI2 CSOP HSCEI
7618,JD INDUSTRIALS
7630,IMPACT THERAP-B
7656,RECONOVA
7666,METIS TECHBIO-P
7687,EACON
7688,TOPNC
7709,XL2CSOPHYNIX
7711,XL2CSOPCOIN
7747,XL2CSOPSMSN
7766,XL2CSOPTSLA
7777,XL2CSOPBRKB
7788,XL2CSOPNVDA
7799,XL2CSOPMSTR
8003,GREAT WORLD
8005,YUXING INFOTECH
8006,SINO SPLENDID
8007,GLOBALSTRAT
8013,ECI TECH
8017,TRADEGO
8018,FINSOFT FIN
8019,HAO WEN HLDGS
8020,UNITAS HOLD
8021,WLS HOLDINGS
8023,KWONG MAN KEE
8026,CB GLOBAL
8027,KPM HOLDING
8028,TIMELESS
8029,CI FIN TECH GP
8030,FENGYINHE
8031,ETS GROUP
8033,VODATEL NETWORK
8035,JANCO HOLDINGS
8036,EBROKER GROUP
8037,CH BIOTECH SER
8039,CHINA COME RIDE
8040,COOLPOINT INNO
8041,INTELLIMARK AI
8042,KOS TALENT GP
8043,ATLINKS
8047,CHINA OCEAN GP
8049,JILIN CHANGLONG
8050,CITY COOLXUAN
8051,CIRCUTECH
8052,LUK HING ENT
8056,LIFE CONCEPTS
8057,MADISON HLDG
8059,GLORY FLAME
8060,GLOBAL LINK
8062,EFT SOLUTIONS
8065,KML TECH
8066,PHOENITRON HOLD
8067,OUC HOLDINGS
8069,FLYDOO TECH
8070,KEEN OCEAN
8071,CH NETCOMTECH
8072,LANGU CO
8073,SFSY NEW MAT
8076,SING LEE
8079,LIT LIFE
8080,NAS HOLDINGS
8081,BAIJUYI HOLD
8082,QINGHUA HOLD
8087,CHINA 33 GROUP
8090,BAOGAI
8091,OOH HOLDINGS
8092,ITE HOLDINGS
8093,WEB3 META
8095,BEIDA JADE BIRD
8096,TASTY CONCEPTS
8098,CL GROUP
8100,FAMOUS TECH INT
8103,HMVOD
8106,XINHUA LANDE
8107,FICUS TECH
8111,CT IND GROUP
8112,CORNERSTONE FIN
8113,V&V TECH
8115,QINGDA ORIENTAL
8117,CHI P ENERGY
8118,ZHONGZI INTL H
8120,CH DEMETER FIN
8121,GUOEN HOLDINGS
8123,SINOFORTUNE FIN
8125,RJVAN
8128,SINO ENGY CONS
8130,DADI INTL GROUP
8131,NOVATECH INTEL
8132,CENTURY EN INTL
8133,JISHENG GP HLDG
8136,IMS GROUP
8137,HONBRIDGE
8139,CHANGAN RH
8140,BOSATECH
8143,GF HEALTHCARE
8146,GRACEWINE
8147,YUNJING DIGITEC
8148,WUXI LIFE
8149,ALTUS HLDGS
8152,M&L HOLDINGS
8153,JIADING INTL GP
8156,SINOPHARM TECH
8158,CRMI
8159,CU VENTURE INV
8160,GOLDWAY EDU
8161,MEDINET GROUP
8162,LOCO HK
8163,NOIZ GROUP
8168,AMASSE CAPITAL
8169,ECO-TEK HLDGS
8172,LAJIN ENT
8173,HEPHAESTUS HLDG
8176,SUPERROBOTICS
8178,CHINA INFO TECH
8179,PALINDA GROUP
8181,KS SMART MGMT
8186,HONOR MATRIX
8187,JIMU GROUP
8188,GME GROUP
8189,TEDA BIOMEDICAL
8191,HONG WEI ASIA
8193,ASIAPAC FIN INV
8195,LEGENDARY EDU
8196,FUTIAN HOLDINGS
8198,CRYPTO FLOW
8200,SAU SAN TONG
8201,PPS INT'L
8203,KAISUN HOLDINGS
8205,JIAODA WITHUB
8206,S ROBOT EDU
8208,RADIANCE GLO GP
8210,DLC ASIA
8213,STARGLORY HLDGS
8217,JU FU TANG BIOT
8218,ECHO INT HOLD
8219,HANVEY GROUP
8220,BINGO GROUP
8221,GAOYU FINANCE
8222,E LIGHTING
8223,ZYY
8225,C HEALTH GP
8226,KOALA FIN GP
8227,HAITIAN ANTENNA
8229,FUTURE DATA
8232,THAC GROUP
8237,LINK HOLDINGS
8238,JIUFANG DIGITAL
8239,CAPITAL FIN
8241,YING KEE TEA
8245,CANOPY SKYFIRE
8246,ZHONGHUA GAS
8247,BIOSINO BIO-TEC
8249,RUIYUAN IC TECH
8250,DU DU HLDGS
8262,SUPER STRONG
8267,LINEKONG
8268,SMART CITY DEV
8269,GO UP EDU TECH
8270,CHINA CBM
8271,GDC
8275,CHINA NEW CONS
8277,STEEDORIENTAL
8279,AGTECH HOLDINGS
8280,CDV HOLDINGS
8281,CH GOLD CLASSIC
8282,GAMEONE
8283,ZHONGSHI MINAN
8285,SLING GROUP
8286,CCOE
8290,AHSAY BACKUP
8291,HK ENT INTL
8292,VSING
8293,SINGASIA HLDG
8295,KINGWISOFT TECH
8296,SINO-LIFE GROUP
8297,OCEAN STAR TECH
8299,GT GOLD
8300,JIN MI FANG GP
8305,ST HLDGS
8307,MEDICSKIN
8308,GUDOU HLDGS
8309,MANSHING GLOBAL
8310,YANCHENG PORT
8311,PERFECT OPT
8313,ZACD
8315,CEN PLAZA HOTEL
8316,CHINA HONGBAO
8317,FINET GROUP
8319,EXPERT SYS
8320,AEC GROUP
8321,TAI KAM HLDGS
8326,TK NEW ENERGY
8328,XY ELEC STORAGE
8329,NEP INTERLONG
8331,P.B. GROUP
8333,ASTRUM FIN
8337,DIRECTEL
8340,ZIJING INTL FIN
8341,AESO HOLDING
8347,F8 ENT
8348,BINHAI TEDA
8349,GUIXIN GROUP
8350,WELL LINK SEC
8356,TSUN YIP HLDGS
8357,REPUBLIC HC
8360,BASIC H NEWLIFE
8362,WINNING TOWER
8365,HATCHER GROUP
8366,ZJ UNITED INV
8367,SIMPLICITY HLDG
8368,CREATIVE CHINA
8370,ZHI SHENG GP
8371,TASTEGOURMET GP
8372,GBG HOLDINGS
8373,INDIGO STAR
8375,DATA UNION CAP
8377,HARBOUR EQUINE
8379,PRIME INTEL
8385,PROSPEROUSPRINT
8391,CORNERSTONE TEC
8392,SATU HOLDINGS
8395,ZXZN QI-HOUSE
8400,ASIA PIONEER
8401,HUA XIA WATER
8402,PLATEAU TL
8403,DEFENG SOLIFE
8406,CHINA ORAL IND
8411,K W NELSON GP
8412,NEW AMANTE
8413,ASIA GROCERY
8416,HM INTL HLDGS
8417,DADI EDU
8418,OPTIMA AUTO
8419,AV PROMOTIONS
8420,NEXION TECH
8422,WT GROUP
8423,CHI HO DEV
8425,HING MING HLDGS
8426,MODERN LIVING
8427,WS-SK TARGET
8428,CBK HOLDINGS
8429,SV VISION
8430,C&N HOLDINGS
8431,HAO BAI INTL
8432,BAR PACIFIC
8436,TAKBO GROUP
8437,RMH HOLDINGS
8439,SOMERLEY CAP
8445,NOBLE ENG GP
8446,BRIGHTSTAR TECH
8447,MS CONCEPT
8448,UNI PRINTSHOP
8450,EDICO HOLDINGS
8451,SUNLIGHT HLDGS
8452,FY FINANCIAL
8455,LAI GROUP
8456,MANSION INTL
8460,BASETROPHY GP
8462,OMNIBRIDGE HLDG
8471,REACH NEW HLDGS
8472,LAPCO HOLDINGS
8473,MI MING MART
8475,E-STATION GTECH
8480,FURNIWEB
8481,SHENGLONG INTL
8482,WAN LEADER
8483,MAX SIGHT GROUP
8487,ISP GLOBAL
8489,GP LOGISTICS
8490,NICHE-TECH SEMI
8491,COOL LINK
8493,S. DRAGON
8495,1957 & CO.
8496,GLOBAL UIN
8500,ICONCULTURE
8501,SANBASE CORP
8502,OCEAN LINE PORT
8507,I.CENTURY HLDG
8509,WINE'S LINK
8510,TOPSTANDARDCORP
8511,MIN FU INTL
8512,HYFUSIN GROUP
8513,MAXWIN INT HLDG
8516,ZY INTL
8519,XINXIANG ERA
8521,WEBX INTL HLDGS
8525,BAIYING HOLDING
8526,WING FUNG GROUP
8527,JLOGO HLDGS
8529,UBOT HOLDING
8532,POLYFAIR HLDGS
8535,VISTAR HOLDINGS
8536,TL NATURAL GAS
8537,CHONG FAI JEWEL
8540,VICTORY SEC
8545,AMUSE GROUP
8547,PACIFIC LEGEND
8549,GOLDEN LEAF INT
8581,HK ENT INTL RTS
8601,BOLTEK
8606,KINETIX SYSTEMS
8610,BBSB INTL
8611,JUFEEL
8612,WORLD SUPER
8613,ORIENTAL PAY
8616,SUNRAY ENG GP
8619,NIU HOLDINGS
8620,AE LOGISTICS
8621,METROPOLIS CAP
8622,JOYZYME GROUP
8623,CHINA SAFTOWER
8627,ORANGE TOUR
8629,SYNTRUST GK
8631,SUN KONG HLDGS
8635,ELEPHANT HLDGS
8637,METASURFACE
8645,BYTE META
8646,CHINA HONGGUANG
8657,TRUE PARTNER
8659,YIK WO INTL
8661,INTELLIMARK W27
8668,YING HAI GROUP
9001,PP CNUSDPROP-U
9002,A MBC BTCGOLD-U
9008,BOS HSK BTC-U
9009,BOS HSK ETH-U
9010,ISHARES AXJ-U
9011,A CICC USD-U
9014,GXCOPPERMINER-U
9031,FG HS HIGHDIV-U
9040,GX MSCI CHINA-U
9042,CAM BTC-U
9046,CAM ETH-U
9047,F SSIFIRONORE-U
9064,GX APAC-U
9067,ISHARESHSTECH-U
9069,CAM HSBIOTECH-U
9070,PING AN HKDIV-U
9074,ISHARESMSCITW-U
9075,GX ASUSD BOND-U
9077,PREMIA UST-U
9078,PREMIA UST A-U
9081,VALUEGOLD ETF-U
9084,A GX INDIA-U
9086,CAM NASDAQ100-U
9088,CAM HS TECH-U
9096,A CSOP USD MM-U
9102,ICBCU KS KWEB-U
9104,A GX EM ASIA-U
9107,BOS 20 UST A-U
9115,ISHARESHSI-U
9140,CAM HKUS AI-U
9141,CAM ASIA IGB-U
9146,CAM 20 UST-U
9151,PREMIA STAR50-U
9156,BOS 20 UST-U
9159,PREMIA TW50A-U
9167,ICBCCSOPCHINA-U
9173,PP CN NEWECON-U
9176,A TK USD MM-U
9177,PP CGBOND HDG-U
9179,HGI ETH-U
9181,PREMIAASIATEC-U
9187,SAMSUNG REITS-U
9188,CAM CSI300-U
9191,GX CN SEMICON-U
9195,HS S&P500-U
9196,A BOS USD MM-U
9311,XI2CSOPCOIN-U
9366,XI2CSOPTSLA-U
9388,XI2CSOPNVDA-U
9399,XI2CSOPMSTR-U
9403,CAM HSI ESG-U
9404,CAM MSCIINDIA-U
9406,PA TECHSELECT-U
9408,GX KOSPI 200-U
9411,PP ASIA IGUSD-U
9415,A GXS&P500CC-U
9416,A GX HSCEICC-U
9418,CAM DIGI GOLD-U
9425,MBC ETH-U
9428,GX CL HK-US-U
9430,MBC BTC-U
9434,EFUND DIGITAL-U
9437,BOS CSOE HIDV-U
9439,HGI BTC-U
9440,GX 0-3M UST-U
9446,CAM 20 UST A-U
9450,GX 3-5Y UST-U
9451,A GXNASDAQCC-U
9455,INVESCO QQQ-U
9460,CAM SOL-U
9472,A CAM USDTMMF-U
9477,PA EW SELECT-U
9478,PPKSA G SUKUK-U
9480,A VP USD MM-U
9483,EFUND APAC HD-U
9489,EFUND AI-U
9600,NEWLINK TECH
9606,DUALITYBIO-B
9608,SUNDY SERVICE
9609,HAIWEI ELEC
9611,LONGCHEER
9615,MECH-MIND ROBOT
9616,NEUTECH GROUP
9618,JD-SW
9626,BILIBILI-W
9630,CFMEE
9633,NONGFU SPRING
9636,JF SMARTINVEST
9637,ALEBUND-B
9638,FERRETTI
9639,WING LEE DEV
9658,SUPER HI
9660,HORIZONROBOT-W
9663,SINOSYNERGY
9668,CBHB
9669,BEISEN HOLDING
9676,SHIYUE DAOTIAN
9677,WEIHAI BANK
9678,UNISOUND
9680,CHENQI TECH
9686,XIKANG CLOUD
9688,ZAI LAB
9689,JTF INTL
9690,TUHU-W
9696,TIANQI LITHIUM
9698,GDS-SW
9699,SF INTRA-CITY
9711,XL2CSOPCOIN-U
9747,XL2CSOPSMSN-U
9766,XL2CSOPTSLA-U
9777,XL2CSOPBRKB-U
9788,XL2CSOPNVDA-U
9799,XL2CSOPMSTR-U
9801,ISHARES CHINA-U
9803,PP BEDROCK-U
9804,PREMIA VIET-U
9805,CG BS CNASEAN-U
9806,GX CN CONSUME-U
9807,GX CN ROBO&AI-U
9809,GX CN CLN EN-U
9810,PREMIAEMASEAN-U
9812,SAMSUNGCDGN-U
9814,SAMSUNG FANG-U
9817,PP CGBOND-U
9820,GX CN BIOTECH-U
9824,EFUND GOLD MI-U
9826,GX CN CLOUD-U
9829,ISHARESCGB-U
9834,ISHARESND100-U
9836,ISHARES INDIA-U
9839,CAM MSCI A50-U
9840,SPDR GOLD TRT-U
9845,GX CN EV BATT-U
9846,ISHARESCSI300-U
9857,LINMON MEDIA
9858,YOURAN DAIRY
9860,ADICON HOLDINGS
9863,LEAPMOTOR
9866,NIO-SW
9868,XPENG-W
9869,HELENS
9876,OCEAN ONE HLDG
9877,JENSCARE-B
9878,HUITONGDA NET
9879,MIGAO GROUP
9880,UBTECH ROBOTICS
9881,RONGTA TECH
9882,BEST LINKING
9885,YSB
9886,DINGDANG HEALTH
9887,LEADS BIOLABS-B
9888,BIDU-W
9889,DRCB
9890,TANWAN
9893,PIZU GROUP
9896,MNSO
9898,WB-SW
9899,NETEASE MUSIC
9900,ZCLOUD TECH CON
9901,NEW ORIENTAL-S
9903,ILUVATAR COREX
9906,HONLIV HEALTH
9908,JIAXING GAS
9909,POWERLONG CM
9911,NEWBORNTOWN
9913,CHI KAN HLDGS
9916,XINGYE WULIAN
9918,WISE ALLY INTL
9919,ACTIVATION GP
9922,JIUMAOJIU
9923,YEAHKA
9926,AKESO
9927,SERES
9928,TIMES NEIGHBOR
9929,SEM HLDGS
9930,HORIZON CD
9933,GHW INTL
9936,XIMEI RESOURCES
9938,WAH WO HOLDINGS
9939,KINTOR PHARMA-B
9955,CLOUDR
9958,LITIAN PICTURES
9959,LINKLOGIS-W
9960,KINDSTAR GLOBAL
9961,TRIP.COM-S
9963,TRANSTECH OPTEL
9966,ALPHAMAB-B
9968,HUIJING HLDGS
9969,INNOCARE
9971,BASICSEMI
9973,CHERY AUTO
9976,LONGSYS
9978,FINELAND LIVING
9979,GREENTOWN MGMT
9980,EASTROC
9981,WOER
9982,CENTRALCHINA MT
9983,CC NEW LIFE
9985,WL DELICIOUS
9986,DASHAN EDU
9987,YUM CHINA
9988,BABA-W
9989,HEPALINK
9990,ARCHOSAUR GAMES
9991,BAOZUN-W
9992,POP MART
9993,RADIANCE HLDGS
9995,REMEGEN
9996,PEIJIA-B
9998,KWAN YONG
9999,NTES
10088,SG-NFLX@RC2609A
10901,SGTSLA@RP2612A$
10903,SGNVDA@RP2612A$
11049,JPYENHK@EC2609A
11052,JPYENHK@EP2609A
11063,SGAPPLE@RP2609A
11064,SG-MSFT@RP2609A
11065,JPAUDHK@EC2609A
11085,UBNQ100@EP2609A
11086,UBNQ100@EP2609B
11088,UB-DJIA@EP2609A
11089,UB-DJIA@EP2609B
11090,SG-NVDA@RP2612A
11095,BP-OIL @EP2609A
11096,BP-OIL @EC2609A
11097,JPNQ100@EC2609A
11099,SG-GOLD@EC2609A
11100,SG-GOLD@EP2609A
11101,MS-DJIA@EC2609A
11103,SG-DJIA@EC2609A
11104,SGNQ100@EC2609A
11105,JP-S&P @EP2609A
11106,JPUSCNH@EP2612A
11107,JPUSCNH@EC2612A
11108,JPNQ100@EP2609A
11109,JP-DJIA@EP2609A
11111,JPNQ100@EP2609B
11112,JP-DJIA@EP2609B
11113,SG-GOLD@EC2609B
11114,SG-MCRN@RP2612A
11115,SG-MCRN@RC2611A
11116,SGNQ100@EP2609A
11118,MS-S&P @EP2609A
11119,MS-DJIA@EP2609A
11120,MSNQ100@EP2609A
11122,SG-S&P @EP2609A
11123,SG-DJIA@EP2609A
11124,SG-GOLD@EC2609C
11125,SGSILVR@EC2609A
11126,SGSILVR@EP2609A
11127,SGSILVR@EC2612A
11128,SG-BDCM@RC2612A
11129,SG-BDCM@RP2612A
11130,SG-PLTR@RC2610A
11131,SG-PLTR@RP2612A
11132,SGAPPLE@RC2610A
11133,BP-GOLD@EP2610A
11134,SG-TSLA@RC2610A
11135,SG-TSLA@RP2612A
11136,SG-MSFT@RC2610A
11137,SG-AMZN@RP2612A
11138,SG-META@RP2612A
11140,UBNQ100@EP2609C
11141,JPUSYEN@EP2610A
11142,JPUSYEN@EC2610A
11143,BPUSYEN@EP2610A
11144,BPUSYEN@EC2610A
11145,SGSILVR@EC2610A
11146,UBNQ100@EP2612A
11147,UBNQ100@EC2612A
11148,JP-S&P @EP2612A
11149,JPNQ100@EP2612A
11151,JPYENHK@EC2611A
11152,JPYENHK@EP2611A
11153,JPAUDHK@EC2611A
11154,UBNQ100@EP2612B
11155,JPGBPHK@EC2612A
11156,JPGBPHK@EP2612A
11157,JPEURHK@EC2612A
11158,JPEURHK@EP2612A
11159,JPNQ100@EP2612B
11160,JPNQ100@EC2612A
11161,JPCNHHK@EP2703A
11162,JPCNHHK@EC2703A
11163,JPGBPUS@EC2612A
11164,JPEURUS@EC2612A
11165,JPGBPUS@EP2612A
11166,JPEURUS@EP2612A
11167,SG-N225@EC2612A
11168,SG-N225@EP2612A
11169,SG-DJIA@EP2612A
11170,SGNQ100@EP2612A
11171,SG-S&P @EP2612A
11172,UB-N225@EC2612A
11173,UB-N225@EC2612B
11174,UB-N225@EP2612A
11175,UB-N225@EP2612B
11176,UB-N225@EP2612C
11177,UB-N225@EP2612D
11178,UB-DJIA@EC2612A
11179,UB-DJIA@EP2612A
11180,UBNQ100@EC2612B
11181,UBNQ100@EP2612C
11182,JPUSYEN@EP2703A
11183,JPUSYEN@EC2703A
11184,SGALPBE@RC2612A
11185,SG-NVDA@RC2612A
11186,JP-N225@EC2612B
11187,JP-N225@EC2612C
11188,JP-N225@EP2612A
11189,JP-N225@EC2612D
11190,MS-N225@EP2612A
11191,MS-N225@EP2612B
11192,JP-N225@EP2612B
11193,JP-N225@EP2612C
11194,JP-N225@EP2612D
11195,MS-N225@EC2612A
11196,MS-N225@EC2612B
11197,JP-DJIA@EP2612A
11198,MS-S&P @EP2612A
11199,MS-DJIA@EP2612A
11200,MS-S&P @EC2612A
11201,MS-DJIA@EC2612A
11202,MSNQ100@EC2612A
11203,JP-DJIA@EP2612B
11204,JPNQ100@EP2612C
11205,JP-DJIA@EP2612C
11206,JP-S&P @EC2612A
11207,JP-DJIA@EC2612A
11208,JPNQ100@EC2612B
11209,BP-N225@EC2703A
11210,BP-N225@EP2703A
11211,BP-GOLD@EC2612A
11212,BPYENHK@EC2612A
11213,SG-MCRN@RC2612A
11214,SG-AMD @RC2612A
11215,MSNQ100@EP2612A
11216,JPYENHK@EP2703A
11217,JPYENHK@EC2703A
11218,BP-GOLD@EP2701A
11219,BP-GOLD@EC2701A
11220,BP-OIL @EP2702A
11221,BP-OIL @EC2702A
11222,SG-GOLD@EC2701A
11223,SG-GOLD@EC2703A
11224,SG-GOLD@EP2703A
11225,SGSILVR@EP2703A
11226,JPNQ100@EC2703A
11227,JPYENHK@EC2706A
11228,JPYENHK@EP2706A
11229,UB-DJIA@EP2703A
11230,UB-N225@EC2703A
11231,UB-N225@EC2703B
11232,UB-N225@EP2703A
11233,UB-N225@EP2703B
11234,SGNQ100@EC2703A
11237,JP-N225@EP2703A
11238,JP-N225@EP2703B
11239,SG-N225@EP2703A
11240,SG-N225@EP2703B
11241,MS-N225@EP2703A
11242,MS-N225@EC2703A
11243,JPUSYEN@EC2706A
11244,JPUSYEN@EP2706A
11245,JP-N225@EC2703C
11246,JP-N225@EC2703D
13000,BI-HSI @EC2612D
13001,BICP&CC@EC2707A
13002,BIMTUAN@EC2701A
13004,BIINBIO@EC2612A
13005,SGTENCT@EC2703A
13006,SG-ICBC@EC2702A
13007,CIMTUAN@EC2612D
13010,CIHUAHO@EC2612B
13011,CIXIAMI@EP2702A
13012,MBLININ@EC2702A
13013,MB-CSPC@EC2612A
13014,MBZIJIN@EC2612A
13015,MB-GDS @EC2612A
13016,MB-KBLH@EP2612A
13017,MBBLKSM@EC2612A
13018,MB-SANY@EC2612A
13019,MSALIBA@EP2611B
13020,CITENCT@EC2707B
13022,SGALIBA@EC2609A
13023,CIMTUAN@EC2712A
13024,MSTENCT@EC2612A
13025,MSMTUAN@EC2612A
13027,MSXIAMI@EC2612C
13028,MSGUMIN@EC2612A
13030,MSMTUAN@EP2612A
13031,MSXIAMI@EP2612A
13032,MS-CRL @EC2612A
13033,JP-HKEX@EC2612A
13035,JPALIBA@EC2612C
13037,JPBSSCG@EC2612A
13038,JP-CSC @EC2612A
13039,JPXIAMI@EC2612A
13040,JPTENCT@EP2612B
13044,JPHUAHO@EP2612B
13045,GJ-HSI @EC2612B
13046,GJMTUAN@EC2612D
13048,GJXIAMI@EP2612A
13049,GJ-BYD @EC2612C
13052,GJTENCT@EP2611A
13053,UBZIJIN@EC2612B
13054,UB-HSI @EP2611B
13057,UB-HSI @EP2611C
13058,SG-HSI @EC2612C
13059,SGMTUAN@EC2612B
13060,SGMTUAN@EC2704A
13062,BIXIAMI@EC2612H
13063,BIXIAMI@EP2702A
13065,MB-AIA @EC2705A
13066,JPSMORE@EC2612A
13067,CTINOSC@EC2612A
13068,CTMTUAN@EC2708A
13071,CTHUAHO@EP2612B
13072,CT-HSI @EC2703A
13074,CTMTUAN@EC2612B
13075,CTCFJLG@EC2703A
13076,CT-HKEX@EC2612A
13077,CTHZROB@EC2706A
13079,CT-SUNY@EC2612A
13083,BPXIAMI@EC2612C
13084,BPMTUAN@EC2703A
13085,BPTENCT@EC2612F
13086,BPALIBA@EC2612C
13087,HSPINAN@EC2612B
13089,HSXIAMI@EC2612D
13090,HSMTUAN@EC2612D
13091,HSTENCT@EC2612C
13092,HS-BYD @EC2612B
13093,HS-ZAI @EC2612A
13095,MSXIAMI@EC2612A
13096,HS-DGL @EC2612A
13097,HSPETCH@EC2609A
13098,HSHUAHO@EC2612A
13101,HSKINGB@EC2612A
13102,HSZIJIN@EC2612B
13103,CIZJSHI@EC2701A
13104,CILAOPU@EC2702A
13105,CILENOV@EC2612A
13107,MB-CTEL@EC2701A
13110,MBHUAHO@EC2612A
13112,JP-CATL@EP2612A
13114,JPLENOV@EP2612B
13115,JP-DGL @EC2612A
13116,MB-TCL @EC2612A
13117,MB-DGL @EC2612A
13118,MB-SFMG@EC2701A
13119,MBZJSHI@EC2705A
13120,MB-SUNY@EC2612A
13121,GJALIBA@EC2612B
13122,GJALIBA@EC2703A
13124,GJHUAHO@EC2612B
13125,GJ-YOFC@EC2701A
13127,CT-KBLH@EC2612B
13128,CT-DGL @EC2612A
13129,GJHZROB@EC2702A
13130,CTBYDEI@EC2611A
13131,CTBIREN@EC2612A
13132,BP-SMIC@EC2703A
13133,BPHUAHO@EC2702A
13134,BPTENCT@EC2707A
13135,UBXIAMI@EC2612A
13136,JP-GIGA@EC2611B
13137,BPXIAMI@EC2711A
13138,CT-CTWR@EC2609A
13139,MSCLIFE@EP2612A
13141,MSTENCT@EP2612B
13144,MSALIBA@EC2612C
13147,CTXIAMI@EC2612A
13149,CTBYDEI@EC2609A
13150,MSKINGB@EC2612A
13151,MSINBIO@EC2612A
13152,SGXIAMI@EC2612E
13153,SGPOMRT@EP2612A
13154,SG-ZAI @EC2610D
13155,SG-HSI @EP2611B
13157,BIHZROB@EC2702A
13158,BIHZROB@EC2612A
13159,BIHUAHO@EC2612B
13160,BITENCT@EC2612B
13161,UBTENCT@EP2612B
13162,UBTENCT@EC2612C
13163,UB-BYD @EC2612B
13164,UBXIAMI@EC2611B
13165,JPTSUGA@EC2701A
13167,JPCFJLG@EC2702A
13169,JPPOMRT@EC2612B
13170,JPLIAUT@EC2612B
13171,HSTENCT@EP2612B
13173,HSPOMRT@EP2612A
13174,HSLENOV@EP2703A
13175,HSPOMRT@EC2612A
13176,HS-SUNY@EC2612A
13177,HSLENOV@EC2706A
13179,JPALIBA@EC2611E
13180,JPLAOPU@EP2612A
13181,BP-PAHT@EC2612A
13182,BPLENOV@EC2612C
13183,BPCSHIP@EC2612A
13184,BP-DGL @EC2612A
13185,MBCSHIP@EC2612A
13186,BIXIAMI@EC2612A
13187,MB-CATL@EC2703A
13189,MBRMGEN@EC2612A
13190,CI-KBLH@EC2701A
13191,CIAMCS3@EC2612A
13192,CILENOV@EP2612A
13195,DS-KBLH@EC2702A
13196,SG-SMIC@EP2609A
13197,CT-ICBC@EP2612A
13198,JPBIREN@EC2612A
13199,JP-CHQG@EC2612A
13201,HU-SUNY@EC2701A
13203,HU-DGL @EC2612A
13204,BPXIAMI@EC2612A
13205,HULENOV@EC2612A
13206,HUCP&CC@EC2704A
13207,GJPOMRT@EC2612B
13208,UBALIBA@EC2609A
13209,GJPOMRT@EP2612A
13213,GJTENCT@EC2612E
13214,GJ-HKEX@EC2612A
13215,GJXIAMI@EC2612C
13216,MB-DATP@EC2701A
13217,JP-SUNY@EC2612B
13219,JPLENOV@EC2703A
13220,GJXIAMI@EC2612A
13221,JPMTUAN@EP2612B
13224,CTHAITN@EC2707A
13225,CTMOBVI@EC2708A
13226,BILENOV@EC2706A
13227,BI-NIO @EC2612A
13228,BI-DGL @EC2612A
13229,BI-CATL@EC2609A
13230,BIBIREN@EC2612A
13231,BIALIBA@EC2701A
13232,BIALIBA@EC2703B
13234,BI-HSI @EP2612A
13237,UB-SUNY@EC2612A
13238,UBKINGB@EC2612A
13239,UBLIAUT@EC2612B
13240,UB-CATL@EP2612A
13241,UB-TRIP@EC2612B
13242,UBLAOPU@EC2612A
13243,UBLENOV@EC2612A
13245,BITENCT@EC2703A
13246,BI-HSI @EP2612B
13249,BITENCT@EC2707B
13251,MSLENOV@EP2612A
13252,MSLENOV@EC2612A
13254,MS-KBLH@EP2612A
13255,HS-YOFC@EC2612A
13256,HSSENTM@EC2612B
13258,HS-HKEX@EC2612A
13260,SGLENOV@EC2703A
13261,SG-SUNY@EC2612B
13262,SGLENOV@EP2703A
13263,JPALIBA@EP2611B
13265,JP-BILI@EP2611A
13267,JPCLIFE@EC2612A
13268,CITENCT@EP2701A
13270,CIPOMRT@EP2612A
13271,CTCRPOW@EC2612A
13272,CT-YOFC@EP2612A
13274,CTLAOPU@EC2612A
13275,HU-CRBH@EC2612A
13276,HUBUDWS@EC2702A
13278,HU-LENS@EC2612B
13279,HUTBREW@EC2704A
13281,MBZJGLD@EC2612A
13282,MB-TRIP@EC2612A
13283,BP-HSI @EP2612A
13285,BPTENCT@EP2706A
13286,JPTENCT@EP2701A
13290,JPRMGEN@EC2612A
13291,GJALIBA@EP2612A
13292,GJTENCT@EP2703A
13295,GJ-SUNY@EC2612A
13297,UB-SMIC@EP2609A
13298,GJ-CATL@EC2701B
13299,GJTENCT@EC2612F
13302,MSTENCT@EC2611F
13305,MSKSOFT@EC2612A
13307,CI-ZTE @EC2612A
13308,CIHSTEC@EC2701A
13309,CITCTRA@EC2701A
13310,CIMTUAN@EP2701A
13311,HSMTUAN@EP2612B
13312,HSALIBA@EP2612A
13314,HSTENCT@EP2612C
13316,MBUBTEC@EC2612A
13317,CI-SMIC@EP2609A
13318,SGTENCT@EP2704A
13319,SGMTUAN@EP2612B
13320,SGAKESO@EC2612A
13321,SGALIBA@EP2703A
13322,UBTENCT@EP2612C
13323,UBLENOV@EP2612A
13325,UB-BYD @EP2612A
13327,CT-ZTE @EC2610A
13328,UB-ICBC@EP2612A
13329,UBXIAMI@EP2612B
13330,UBPINAN@EC2612B
13331,UBCLIFE@EC2612A
13332,UBAKESO@EC2612A
13333,DS-CATL@EC2609A
13334,UB-HSI @EP2612A
13335,UB-HSI @EP2612B
13336,UB-HSI @EP2612C
13337,MS-CATL@EC2609A
13338,UBBAIDU@EC2612A
13341,UB-HKEX@EP2612A
13342,UBALIBA@EC2612D
13343,UBALIBA@EP2612B
13347,UBALIBA@EP2612C
13351,BIBYDEI@EC2609A
13352,UBALIBA@EC2611E
13353,UBMTUAN@EP2703A
13354,BI-ZTE @EC2612A
13355,HSLININ@EC2612A
13356,BI-SMIC@EP2609A
13357,HSSPDRG@EP2612A
13358,HSSPDRG@EC2612A
13359,HSANTAS@EC2701A
13361,HSTENCT@EC2612D
13362,MBLENOV@EC2706B
13363,MB-CICC@EC2612A
13364,MBFTA50@EC2704A
13365,CIPOMRT@EC2701A
13366,CIALUCO@EC2702A
13368,CITENCT@EC2702A
13371,CIAKESO@EC2701A
13372,CI-KBLH@EP2612A
13373,CILININ@EC2701A
13374,CI-KBLH@EC2612A
13375,MB-GIGA@EC2612A
13376,MBSENTM@EC2612B
13378,DS-CHQG@EC2612A
13379,CI-YOFC@EC2701A
13380,BP-AAC @EC2612A
13381,JPLININ@EC2612B
13382,JPAKESO@EC2612A
13383,JP-GAC @EC2612A
13384,JPGUMIN@EC2612A
13385,CTKINGD@EC2702A
13386,JPYUXIU@EC2612A
13387,CTPHANC@EC2701A
13388,CTKSOFT@EC2612A
13389,JPCITIC@EC2612A
13390,HS-SMIC@EP2609A
13391,MBCITBK@EC2708A
13392,BPMTUAN@EC2702A
13393,BP-SUNY@EC2701A
13394,JPTRSKY@EC2612A
13395,GJMTUAN@EC2701A
13397,GJ-YOFC@EC2612A
13398,HU-CSPC@EC2701A
13399,HULFGHL@EC2703A
13400,HU-CCB @EC2612A
13401,MBCSHCL@EC2611A
13402,BPALIBA@EC2609A
13403,MB-HSPG@EC2708A
13404,MBCFJLG@EC2703A
13405,BIMIMAX@EC2703A
13406,BIBEONE@EC2703A
13408,BIALIBA@EP2612A
13409,BICSHIP@EC2612A
13412,CTLENOV@EC2703A
13413,MBBUDWS@EC2706A
13415,HU-CTFJ@EC2703A
13416,UB-HKEX@EC2612A
13417,UB-TRIP@EC2706A
13418,UBTENCT@EC2612D
13419,UBTENCT@EC2703A
13420,UB-CATL@EC2612C
13424,UBKSOFT@EC2612A
13426,UBKUASO@EC2612C
13427,UBMTUAN@EC2612E
13428,UBMTUAN@EC2701A
13429,UBJDCOM@EC2612B
13430,UB-NIO @EC2612A
13431,UBXPENG@EC2612A
13432,UBGEELY@EC2612B
13433,BPHUAHO@EP2612A
13436,UBHSTEC@EC2612B
13437,UBTENCT@EC2612E
13438,UB-HSI @EC2612C
13439,CI-CNBM@EC2702A
13440,UB-HSI @EC2612D
13441,UB-HSI @EC2612E
13443,JPTENCT@EC2612D
13446,JPGEELY@EC2612A
13447,HSLENOV@EC2703B
13448,JPTENCT@EC2703B
13449,JPTCTRA@EC2612A
13450,MBGFTCH@EC2612A
13451,HSXIAMI@EP2612A
13452,SG-KBLH@EP2612A
13454,MBFUYAO@EC2609A
13455,SGCLIFE@EC2612A
13456,MB-GWMC@EC2609A
13457,SG-HSI @EC2612D
13459,HSALIBA@EC2612C
13462,SGTENCT@EC2702A
13464,SGALIBA@EC2612D
13465,SG-CATL@EC2701A
13466,SG-SHKP@EC2703A
13467,SG-TRIP@EC2706A
13468,CTPOMRT@EC2612A
13469,CIXTAPI@EC2701A
13471,CIBIREN@EC2701A
13473,CIMIDEA@EC2702A
13474,JPCP&CC@EC2701A
13475,JP-CICC@EC2612A
13477,JP-KBLH@EP2612A
13478,CI-BYD @EC2703A
13479,JPLENOV@EC2612A
13482,JP-DATP@EC2701A
13484,GJ-KBLH@EC2612A
13485,GJGANFE@EC2702A
13486,BI-CATL@EC2612D
13487,CT-CATL@EC2612E
13488,BIHUAHO@EC2612C
13489,BIGEELY@EC2612A
13490,BICLIFE@EC2612B
13491,UBPOMRT@EP2612B
13492,UBXIAMI@EC2612E
13494,UBZIJIN@EC2706A
13498,UBGANFE@EC2612A
13500,UB-BYD @EC2702A
13503,UBPOMRT@EC2612A
13504,UBCNOOC@EP2612B
13505,UBGEELY@EP2612A
13507,UBLENOV@EP2703A
13508,JP-HSI @EC2612C
13509,BP-CATL@EC2701A
13511,BP-KBLH@EC2701A
13512,BP-AIA @EC2703A
13514,BPKINGB@EC2612B
13515,HS-CCB @EC2612B
13516,HSTENCT@EC2612E
13517,HS-CATL@EC2701A
13518,SG-HKEX@EC2612A
13519,SGLIAUT@EC2701A
13521,SGTENCT@EC2612A
13522,MBFEIHE@EC2612A
13523,SG-HSBC@EP2702A
13524,UBCP&CC@EC2701A
13526,UBLENOV@EC2703A
13528,CTLENOV@EP2703A
13529,CTAKESO@EC2612A
13530,CT-CMOB@EC2702A
13532,JPPOMRT@EP2612A
13533,JPZIJIN@EC2706A
13534,JPWASON@EC2612A
13535,JP-HKEX@EC2612B
13536,JPXTAPI@EC2612A
13537,MSAKESO@EC2612A
13538,MS-CATL@EP2612A
13539,MBHK&CG@EC2701A
13540,MBCKINF@EC2612A
13542,MBSDGLD@EC2612A
13544,MB-KBLH@EC2612A
13545,CI-CHQG@EC2701A
13546,CIHZROB@EC2701A
13547,CI-KBLH@EC2702A
13548,CILENOV@EC2702A
13549,HU-JELE@EC2705A
13552,HU-KBLH@EC2702A
13554,CT-PAHT@EC2609A
13555,HUTENCT@EC2704A
13556,HS-SMIC@EC2612B
13557,GJ-AIA @EC2612B
13558,GJPINAN@EP2612A
13559,GJLENOV@EC2612B
13560,GJALIBA@EC2701B
13561,GJALIBA@EC2703B
13562,JPKINGB@EC2612A
13563,MB-JELE@EC2704A
13564,MBPHANC@EC2612A
13565,SGKINGB@EC2612C
13566,SG-KBLH@EC2701A
13567,MBKSOFT@EC2702A
13568,HUXJGST@EC2612A
13570,HU-SFMG@EC2705A
13571,HUCSOFT@EC2703A
13572,HU-KBLH@EP2612A
13574,HUSPDRG@EC2612A
13575,HU-CICC@EC2612A
13576,JPCMOLY@EC2612A
13577,BPBIREN@EC2702A
13578,CTCSOFT@EC2704A
13580,BI-KBLH@EC2702B
13581,BI-HKEX@EC2702A
13582,MSKINGB@EC2612B
13583,MSLENOV@EC2612B
13585,MSZHIST@EC2612A
13586,MSZIJIN@EC2612B
13587,MS-TRIP@EC2612A
13589,UB-COVS@EC2612B
13590,UB-CRL @EC2612A
13591,JP-ZTE @EC2611A
13592,CT-MGMC@EC2705A
13594,CTZHJIN@EC2612A
13595,CTCSHIP@EC2612A
13596,CTZJGLD@EC2703A
13597,SGCMOLY@EC2612A
13598,JPXIAMI@EC2612B
13599,SG-ZTE @EC2703A
13600,SGMIMAX@EC2612A
13601,SGLAOPU@EC2701A
13603,JPHUAHO@EC2611B
13604,HUGRPHA@EC2609A
13605,JPMIMAX@EC2611A
13606,JP-HSI @EC2612D
13608,JPZJGLD@EC2612A
13609,HSMTUAN@EC2612E
13610,HSKSCLD@EC2612A
13611,HS-HKEX@EC2612B
13612,HU-GBHC@EC2612A
13613,HSKINGB@EC2612B
13614,JPZHJIN@EC2612A
13616,JPXJGST@EC2612A
13617,JPSPDRG@EC2612A
13618,HUKINGB@EC2612A
13619,MSLAOPU@EC2612B
13620,MS-KBLH@EC2612A
13621,MSKINGB@EC2612C
13624,GJTENCT@EC2612G
13625,GJTENCT@EC2701A
13626,GJ-WUXI@EC2709A
13627,GJTENCT@EC2611C
13628,GJMIMAX@EC2610B
13630,UBXIAMI@EC2612B
13631,GJHUAHO@EC2611A
13632,UB-HSI @EC2612F
13634,UBTENCT@EC2703B
13635,BIXIAMI@EC2701A
13636,BIXIAMI@EC2701B
13637,BITENCT@EC2701A
13638,BITENCT@EP2701A
13639,BI-KBLH@EC2706A
13640,BIKSOFT@EC2612A
13642,CI-KBLH@EP2704A
13646,CI-KBLH@EC2701B
13648,CIKINGB@EC2612A
13649,CT-AIA @EC2705A
13650,MSJIANC@EC2612A
13652,CTRMGEN@EC2612A
13653,CTKINGB@EC2612A
13654,CTKINGB@EP2704A
13655,HU-CHQG@EC2612A
13656,BP-HKEX@EC2701A
13658,HSMIMAX@EC2611A
13659,HS-KBLH@EC2612A
13660,SGKINGB@EC2701B
13661,SG-KBLH@EP2612B
13662,MB-CUNI@EC2609A
13666,SG-KBLH@EC2701B
13667,SGKINGB@EP2612A
13668,HSKSOFT@EC2612A
13669,DS-AIA @EC2701A
13670,JPKINGB@EP2612A
13671,JPXIAMI@EC2612E
13673,GJXIAMI@EC2612D
13674,GJCLIFE@EP2612A
13676,GJ-HSBC@EC2612A
13677,GJALIBA@EC2701C
13680,JP-BYD @EC2612A
13681,JPKINGB@EC2612B
13682,CTCFJLG@EC2705A
13683,CTFITHT@EC2612A
13686,CT-HSI @EC2612B
13688,CTXIAMI@EC2612D
13690,CTMIMAX@EC2612A
13691,BPLAOPU@EC2701A
13692,HUMIMAX@EC2611A
13693,HUZIJIN@EC2612A
13694,SGLENOV@EC2701A
13695,HUXIAMI@EC2612C
13696,HUALIBA@EC2702A
13697,BP-HSBC@EC2701A
13698,BPKINGB@EC2612C
13700,MSTENCT@EP2612C
13701,MSALUCO@EC2612A
13702,MSXIAMI@EC2612D
13703,MS-HKEX@EC2612A
13706,MSALIBA@EC2612D
13707,MSALIBA@EC2612E
13709,CI-BYD @EC2701A
13710,CI-HSBC@EC2702A
13711,BILENOV@EP2612A
13712,HU-CLPG@EC2609A
13713,BI-CMOB@EC2702A
13714,BI-KBLH@EP2704A
13715,BITENCT@EC2701B
13716,BIPINAN@EC2701A
13717,BIKINGB@EC2702A
13718,HU-WPC @EC2609A
13719,BIXIAMI@EC2701C
13720,BIXIAMI@EP2702B
13721,BI-BYD @EC2612A
13722,UB-HKEX@EC2612B
13723,UBCNOOC@EC2703A
13724,UB-LINK@EC2703A
13725,UB-CHQG@EC2612A
13726,UBSPDRG@EC2612A
13727,UB-CMOB@EC2612A
13728,UB-CTEL@EC2612A
13729,UB-HSBC@EP2703A
13730,UBALIBA@EP2703A
13731,UBHUAHO@EC2611A
13732,HSCPAIR@EC2612A
13733,HS-NIO @EC2612A
13734,HSXIAMI@EC2612E
13736,HS-ICBC@EC2701A
13738,HS-CTEL@EC2612A
13739,HSLIAUT@EC2612B
13740,JP-HSI @EC2612E
13741,JP-KBLH@EC2701A
13742,JP-KBLH@EP2612B
13744,JP-TQL @EC2612A
13745,JPALIBA@EP2701A
13746,HUALUCO@EC2611A
13747,MBALUCO@EC2612A
13749,MBALIBA@EC2706A
13750,MBALIBA@EC2612A
13751,MBLIAUT@EC2703A
13752,DSALIBA@EC2704A
13754,DSXIAMI@EC2612C
13756,DSALIBA@EC2612A
13757,JP-SANY@EC2612A
13758,JP-BOCL@EC2612A
13759,JPALIBA@EC2612D
13761,JP-CTEL@EC2706A
13762,JPHZROB@EC2612A
13763,MBNBTWN@EC2612A
13764,MB-HKEX@EC2701A
13765,MB-WUXI@EC2612A
13767,JPLENOV@EC2612B
13768,MBHESAI@EC2703A
13769,MBSANDS@EC2612A
13770,MB-CRRC@EC2703A
13771,MBKINGB@EC2612A
13772,MBBYDEI@EC2701A
13773,MB-GCL @EC2707A
13774,DS-BYD @EC2705A
13775,MBBSSCG@EC2702A
13776,MBXTAPI@EC2703A
13777,MBXJGST@EC2702A
13779,GJTENCT@EC2703B
13780,GJ-HKEX@EC2701A
13782,GJALIBA@EP2702A
13783,GJALIBA@EP2612B
13784,GJ-BYD @EP2701A
13785,GJ-KBLH@EC2702A
13786,MB-WYNN@EC2705A
13787,HUKINGB@EP2701A
13788,HUALIBA@EP2703A
13790,CTALIBA@EC2612B
13791,CTSPDRG@EC2612A
13793,UBXIAMI@EC2612F
13794,UB-CCB @EC2706A
13795,UBALIBA@EC2612E
13797,UBALIBA@EP2701B
13799,CIALIBA@EC2612C
13802,CIXPENG@EC2612A
13803,CIKSCLD@EC2701A
13807,HUAMCS3@EC2609A
13808,BPALIBA@EC2701C
13809,HSXPENG@EC2612A
13810,HSALIBA@EC2612D
13811,HS-DFEC@EC2702A
13812,HSSPDRG@EC2612B
13813,SG-HKEX@EC2612B
13814,SGALIBA@EC2612E
13815,BIALIBA@EC2612D
13816,BIALIBA@EC2701B
13817,BIALIBA@EC2612E
13818,BILIAUT@EC2701A
13820,BI-HSBC@EC2701A
13821,BIPINAN@EC2705A
13822,BI-AIA @EC2701A
13823,MSBEONE@EC2612A
13824,HSALIBA@EP2612B
13825,MSCSOFT@EC2612B
13826,MSLAOPU@EP2612A
13827,MS-HKEX@EP2612A
13832,HU-BOCL@EC2610A
13835,MB-MRES@EC2701A
13837,MBZHJIN@EC2705A
13838,CIAMCS3@EP2701A
13839,CIHSTEC@EP2703A
13842,SG-HSI @EP2612A
13843,SG-KBLH@EC2612B
13844,SGHSTEC@EP2612A
13845,SG-YOFC@EC2701A
13847,JPMIMAX@EC2612A
13848,JP-HSI @EP2612A
13849,JP-HSI @EP2612B
13850,JP-HSI @EP2612C
13851,JP-HSI @EP2612D
13852,UBKINGB@EC2612B
13854,UB-HSI @EP2612D
13857,UBZJGLD@EC2612A
13858,UB-KBLH@EC2612A
13859,HS-HSI @EP2612A
13860,HSCLIFE@EP2612A
13862,HU-ZAI @EC2610C
13864,HUALIBA@EC2612A
13865,HU-GCL @EC2702A
13866,JPZJGLD@EP2612A
13867,JPALUCO@EC2612A
13869,BI-KBLH@EC2702C
13870,BI-KBLH@EC2702D
13871,HU-KBLH@EC2701A
13872,BP-BYD @EC2701A
13873,BPXIAMI@EC2701A
13876,MBBAIDU@EC2701A
13877,MB-ZTO @EC2612A
13878,MB-ENN @EC2706A
13880,MBCNOOC@EC2703A
13881,JPLENOV@EP2612C
13882,MBWEIMO@EC2612A
13883,MSKINGB@EC2612D
13884,MSCMOLY@EC2612A
13885,MS-KBLH@EC2612B
13886,MSZJGLD@EC2612A
13888,CI-KBLH@EC2702B
13893,CIFITHT@EC2701A
13894,HUHUAHO@EC2611B
13895,HUASMPT@EC2611B
13896,HUHUAHO@EP2612B
13897,HS-HKEX@EP2612A
13898,HSCNOOC@EC2612B
13899,HSKINGB@EC2612C
13900,HSCMOLY@EC2612A
13901,HS-KBLH@EC2612B
13902,SGKINGB@EP2612B
13903,SG-KBLH@EC2612C
13905,SGKINGB@EC2612D
13906,SG-KBLH@EP2612C
13907,SGPOMRT@EC2612B
13909,DSCNOOC@EC2701A
13910,DSYKENR@EC2701A
13911,JPTENCT@EP2612A
13912,JPPINAN@EC2810A
13913,JPKINGB@EC2612C
13914,JP-KBLH@EC2612A
13915,BPTENCT@EC2704A
13917,BPTENCT@EC2701B
13918,BPPINAN@EC2701A
13921,BPMTUAN@EC2701A
13922,HU-KBLH@EC2701B
13925,HUKINGB@EC2612B
13926,HU-KBLH@EP2612B
13927,MBPETCH@EC2707A
13929,MB-KBLH@EC2612B
13933,MBMIMAX@EC2612A
13934,MB-CLIT@EC2612B
13936,MBPINAN@EC2701A
13937,MB-CHQG@EC2612A
13938,GJ-CATL@EP2701B
13939,GJ-KBLH@EC2701A
13940,HUMTUAN@EC2612C
13941,HU-TIME@EC2706A
13942,MS-SANY@EC2612A
13943,MS-DGL @EC2612A
13944,UB-AIA @EC2703A
13945,SG-KBLH@EC2612D
13946,SGKINGB@EC2612E
13948,CTCSHIP@EC2701A
13949,CT-CHQG@EC2612A
13950,CT-DGL @EC2612B
13952,CIKINGB@EC2701A
13953,CIAIRCN@EC2702A
13954,CI-LEAP@EC2704A
13956,CI-GEG @EC2701A
13957,CICXLXF@EC2701A
13958,CTPINAN@EC2705A
13959,CTTSUGA@EC2701A
13960,HSCLIFE@EC2612A
13961,HSLAOPU@EC2702A
13963,HS-DGL @EC2612B
13964,JPTENCT@EC2611F
13965,DS-YOFC@EC2701A
13968,JPJIANC@EC2612A
13969,BI-CATL@EP2702A
13975,BI-BYD @EP2701A
13977,HSTENCT@EC2612F
13978,HS-BYD @EC2612C
13979,MSXIAMI@EC2612B
13980,HS-HSI @EC2612C
13982,MBKINGB@EP2612A
13983,MBMIXUE@EC2709A
13985,MB-JXR @EC2612A
13986,JPCSHEN@EC2612A
13989,JPKINGB@EP2612B
13990,JPKINGB@EC2612D
13992,MBTSUGA@EC2701A
13993,CI-CNBM@EP2701A
13994,CT-SUNY@EP2703A
13995,CT-MRES@EC2612A
13996,CT-BYD @EC2702A
13997,CTZJSHI@EC2705A
13998,CTALUCO@EC2703A
14000,MSALIBA@EC2612F
14001,CIXIAMI@EC2609A
14002,CT-CNBM@EC2612A
14003,JPCNOOC@EC2612A
14004,JP-DGL @EC2706A
14005,SG-YOFC@EC2702A
14006,SGKINGB@EC2612F
14007,SG-KBLH@EC2612E
14008,SGHUAHO@EC2612A
14009,HUWRIDE@EC2612A
14010,HU-DGL @EC2612B
14011,HUPONAI@EC2702A
14012,HU-BYD @EC2701B
14014,HUALIBA@EC2702B
14016,HU-HSI @EC2612A
14017,HU-HSI @EP2612A
14019,BP-CMOB@EC2701A
14020,HS-HSI @EP2612B
14023,HSPINAN@EC2707A
14024,MS-CNBM@EC2612B
14025,MSZHJIN@EC2612A
14026,JP-CATL@EC2609A
14030,MBKINGD@EC2612A
14033,MBSMORE@EC2612A
14037,MBHLAND@EC2702A
14038,MBCCOAL@EC2612A
14039,BPPOMRT@EC2701A
14041,BPXIAMI@EC2612D
14043,BP-HKEX@EC2612A
14044,UBXIAMI@EC2612G
14045,UBALIBA@EC2703A
14048,UBPOMRT@EC2612B
14049,UB-HSI @EC2612G
14050,UB-HSI @EC2612H
14052,UB-CNBM@EC2703A
14054,UBSANDS@EC2612B
14055,GJTENCT@EC2704A
14056,CI-GBHC@EC2609A
14057,GJALIBA@EC2701D
14058,GJPINAN@EC2612B
14059,GJXIAMI@EC2612E
14060,GJMTUAN@EP2701A
14061,GJ-HSBC@EP2701A
14062,GJ-CMOB@EC2701A
14063,GJ-HKEX@EC2612B
14065,UBPINAN@EC2703A
14066,UB-GEG @EC2612A
14068,UBALIBA@EC2612F
14069,JPPINAN@EC2612B
14070,JPALIBA@EC2612E
14071,JPTENCT@EC2703C
14072,JPXIAMI@EC2612F
14073,JPSANDS@EC2612B
14074,JPFOPHA@EC2612A
14075,CT-GEG @EC2612A
14076,CT-CNBM@EC2701A
14078,SG-CNBM@EC2701A
14079,SGCFJLG@EC2702A
14080,SGCLIFE@EC2612B
14081,CT-LENS@EC2612A
14082,JP-KBLH@EC2612B
14083,JP-COVS@EC2612A
14085,JPMTUAN@EC2612C
14086,BPALIBA@EC2612D
14088,DSALIBA@EP2703A
14089,JP-HSI @EC2612F
14091,JPHSTEC@EC2612B
14092,JPHSCEI@EC2612A
14093,HS-CNBM@EC2612B
14094,HS-CMOB@EC2702A
14095,HSALIBA@EC2612E
14096,CIMINTH@EC2705A
14097,CIMIXUE@EC2706A
14098,CIALIBA@EP2701A
14102,CIALIBA@EC2702A
14104,HS-CSPC@EC2612B
14105,JPPOMRT@EC2612C
14106,JP-CNBM@EC2702B
14109,HUALIBA@EC2703A
14110,HUPINAN@EC2701A
14111,HUKINGB@EP2612A
14113,HUGFSEC@EC2701A
14115,CI-DGL @EC2701A
14116,GJLIAUT@EC2701A
14117,GJCNOOC@EC2701A
14118,GJ-BYD @EC2701A
14119,GJGEELY@EC2701A
14120,GJ-TRIP@EC2612A
14122,GJXPENG@EC2702A
14124,GJKUASO@EC2702A
14128,HU-GIGA@EC2612A
14129,BP-BYD @EC2702A
14132,BPGEELY@EC2701B
14133,BIXIAMI@EC2612I
14134,BIXIAMI@EC2702A
14136,SGTENCT@EP2612A
14137,BI-BYD @EC2701A
14139,BIXIAMI@EP2704A
14141,BI-BYD @EP2702B
14142,BISENTM@EC2703A
14143,JPHUAHO@EC2612A
14144,JP-CMB @EC2612A
14145,JPALIBA@EC2612F
14146,UBZHJIN@EC2612A
14147,UBTENCT@EC2706B
14149,HSXIAMI@EC2609A
14150,UBTENCT@EC2612F
14152,UB-HKEX@EC2612C
14153,UBLAOPU@EC2702A
14155,UB-BYD @EC2612C
14156,UB-HSI @EP2612E
14157,MS-KBLH@EC2612C
14158,MBGEELY@EC2612A
14159,MBKSCLD@EC2612A
14163,MB-BILI@EC2702A
14166,MB-BYD @EC2706A
14168,JPCPAIR@EC2612A
14170,CTCMOLY@EP2612A
14171,CTKINGD@EC2612A
14172,HSGEELY@EC2612A
14173,HSXIAMI@EC2612F
14174,HSALIBA@EC2702A
14175,HSTENCT@EC2703B
14179,SG-HSI @EC2612E
14183,SGGEELY@EC2612A
14184,SG-GIGA@EC2612A
14185,CT-YOFC@EC2612A
14186,HSTENCT@EP2612A
14187,SG-YOFC@EC2612B
14188,JPTENCT@EC2612E
14190,CIALIBA@EC2701A
14191,CIMTUAN@EC2701A
14192,CICLIFE@EC2701A
14193,UB-HSI @EC2701A
14194,UB-HSI @EC2701B
14196,UB-HSI @EC2701C
14197,UBMTUAN@EC2612F
14198,MBNDPHL@EC2612A
14199,MB-JDL @EC2612A
14201,UBTENCT@EP2612A
14203,MBTRAHK@EC2705A
14204,MBHZROB@EC2706A
14205,HUHAITN@EC2701A
14206,HU-SMIC@EC2701A
14207,HUXIAMI@EC2701A
14210,CTTENCT@EP2612A
14211,HUTENCT@EC2706A
14212,HUCXLXF@EC2702A
14213,MSXIAMI@EC2612E
14215,MSHUAHO@EC2612A
14216,BIALIBA@EC2701C
14218,BI-CMOB@EC2705A
14223,BIXIAMI@EC2702B
14225,BIXIAMI@EC2612J
14226,BI-YOFC@EC2612B
14227,BI-CHQG@EC2612A
14229,BIALIBA@EP2701B
14233,BITENCT@EC2612C
14236,BI-GEG @EC2612A
14237,BIAKESO@EC2612A
14238,BIALIHI@EC2703A
14239,CT-KBLH@EC2612C
14240,CTKINGB@EC2612B
14241,CTALIBA@EC2702A
14244,CT-KBLH@EP2612A
14245,CTKINGB@EP2612A
14246,CT-HSI @EC2702A
14247,CTCOOPT@EC2704A
14249,CTTENCT@EC2703B
14251,BP-KBLH@EC2612A
14253,BPALIBA@EC2612E
14254,BPTENCT@EC2612G
14255,SGALUCO@EC2702A
14258,SGALIBA@EC2701B
14259,SGXIAMI@EC2612F
14261,HS-AIA @EC2612B
14262,HS-HKEX@EC2612C
14263,HS-BYD @EC2612D
14264,HSTENCT@EC2612G
14265,JP-HSI @EC2612G
14266,JP-BYD @EC2612B
14267,JP-CATL@EC2701B
14269,JPLIAUT@EC2701A
14270,SGSANDS@EC2701A
14271,JP-GEG @EC2612A
14272,JPXIAMI@EC2612G
14273,JPXIAMI@EP2612B
14275,HUXPENG@EC2702A
14277,HUHZROB@EC2705A
14279,HUINBIO@EC2702A
14280,HUKSCLD@EC2702A
14281,GJHUAHO@EC2612C
14284,CIHUAHO@EP2612B
14285,CIINOSC@EC2701A
14289,CI-SMIC@EC2703A
14290,MBMEITU@EC2703A
14291,MBKINGB@EC2612B
14292,BIMTUAN@EC2612E
14293,BIMTUAN@EC2702A
14294,BIHZROB@EC2704A
14295,BIMTUAN@EP2612D
14296,BIHUAHO@EC2612D
14297,SG-WUXI@EC2612A
14298,BIHUAHO@EC2701A
14299,BIHUAHO@EP2612D
14300,BIHUAHO@EP2701A
14301,BITENCT@EC2703B
14302,BI-HSBC@EP2701A
14303,BIXPENG@EC2701A
14305,CT-CTEL@EC2609A
14306,BI-CCB @EC2703A
14307,BIKUASO@EC2705A
14308,JP-HSI @EP2612E
14310,JPALIBA@EP2612B
14311,UBTENCT@EP2612D
14312,UBXIAMI@EP2612C
14314,UBXIAMI@EC2612H
14315,UB-HSI @EC2612I
14316,UB-HSI @EC2612J
14317,UBMTUAN@EP2612C
14318,UBALIBA@EP2612D
14324,UBLIAUT@EC2701A
14326,UB-HSI @EP2612F
14327,UB-HSI @EP2612G
14328,CT-CPWR@EC2609A
14329,CTKSCLD@EC2706A
14330,CT-CUNI@EC2612A
14331,CTHUAHO@EC2612A
14332,HSHUAHO@EP2612B
14336,HSXIAMI@EP2701A
14337,HS-WXAT@EC2612A
14339,BPTENCT@EC2611F
14340,BPALIBA@EC2702A
14341,JP-HSI @EC2612H
14342,JP-HSI @EC2701A
14343,JP-HSI @EC2701B
14344,JPLAOPU@EC2703A
14347,JPALIBA@EC2612G
14349,JPSPDRG@EC2612B
14350,DSALIBA@EC2702A
14351,BP-HSI @EC2701A
14352,BP-TRIP@EC2707A
14353,GJALIBA@EC2612C
14354,GJTENCT@EC2703C
14355,GJMTUAN@EC2612E
14356,GJALIBA@EP2701B
14357,GJZIJIN@EC2612A
14358,GJHZROB@EC2704A
14359,GJ-KBLH@EC2612B
14360,HU-AGBK@EC2703A
14361,HULININ@EC2703A
14363,HU-TRIP@EC2701A
14365,HUAIRCN@EC2704A
14367,HUALIBA@EP2701B
14368,HUKINGD@EC2703A
14369,HUXIAMI@EC2701B
14371,HUXIAMI@EP2702A
14372,BI-TRIP@EC2701A
14373,BI-HSI @EC2612E
14376,BI-HSI @EC2612F
14377,BIXIAMI@EP2612D
14378,BIXIAMI@EP2701A
14379,BI-KBLH@EC2612A
14380,BI-KBLH@EC2612B
14384,BP-SHEC@EC2610A
14386,JP-HSI @EP2612F
14388,CTLAOPU@EC2704A
14389,CT-SUNY@EC2702A
14390,CTALIBA@EC2612C
14391,CTINOSC@EC2612B
14392,CT-HSI @EC2612C
14393,CTMTUAN@EC2612C
14395,CT-KBLH@EC2612D
14396,CI-TRIP@EC2706A
14397,CI-BOCL@EC2712A
14399,UBALIBA@EC2612G
14400,UBXIAMI@EC2612I
14402,UBBAIDU@EC2701A
14403,UB-SMIC@EC2701A
14405,MS-HSI @EC2612B
14408,MS-HSI @EP2612A
14409,MS-HSI @EP2612B
14410,MS-HSI @EP2612C
14412,MSCSHIP@EC2612A
14413,MBBLKSM@EC2701A
14414,BP-CCB @EC2612A
14416,HS-HSI @EC2612D
14417,HS-TRIP@EC2612B
14418,HSINOSC@EC2612A
14419,HSALIBA@EC2612F
14420,HSXIAMI@EC2612G
14421,HS-YOFC@EC2612B
14424,HS-KBLH@EC2612C
14427,HSXPENG@EC2701A
14428,CT-BOCL@EC2706A
14429,CTZIJIN@EC2707A
14430,CT-HSI @EP2612A
14431,CTBAIDU@EC2612A
14432,CT-TRIP@EC2706A
14433,DSTRAHK@EC2701A
14434,DSTRAHK@EC2703A
14435,JP-SUNY@EC2701A
14436,JP-AIA @EC2701A
14438,DSTENCT@EC2609A
14439,JPINOSC@EC2701A
14440,JPPINAN@EP2701A
14441,GJXIAMI@EP2701A
14444,GJTENCT@EP2701A
14447,HS-WUXI@EC2612A
14448,GJXIAMI@EC2701A
14449,GJALIBA@EC2701E
14450,JPHUAHO@EC2612B
14451,UB-HSI @EC2701D
14452,UB-HSI @EC2701E
14453,UB-HSI @EC2701F
14455,UBXIAMI@EC2701A
14456,UBKUASO@EC2702B
14457,UB-BYD @EC2701A
14458,UBALIBA@EC2701B
14460,HUINOSC@EC2701A
14461,HUALIBA@EC2701C
14462,HUZIJIN@EP2701A
14465,HU-KBLH@EC2612C
14466,BI-TMEG@EC2703A
14467,BIMTUAN@EC2701B
14468,BI-CTWR@EC2704A
14470,BIBAIDU@EC2702A
14471,BP-CNBM@EC2702A
14472,BPALIBA@EC2701D
14473,BPXIAMI@EC2612E
14474,BPXIAMI@EC2701B
14479,JPHSTEC@EC2701A
14481,JP-HSI @EC2701C
14482,JPBAIDU@EC2701A
14483,JPZJGLD@EC2701A
14484,SGALIBA@EC2701C
14486,SG-HSI @EC2701B
14487,MSALIBA@EC2701A
14488,MS-SUNY@EC2701A
14492,MSMTUAN@EP2701A
14493,MSALIBA@EP2701A
14494,MSXIAMI@EP2701A
14495,MBXIAMI@EC2701A
14499,MBCLIFE@EC2701A
14500,MBSDGLD@EC2701A
14502,CI-NTES@EC2701A
14503,HSGANFE@EC2701A
14504,HSAMCS3@EC2701A
14505,HS-SUNY@EC2702A
14506,CTGANFE@EC2706A
14507,CT-TIME@EC2705A
14509,CTSANDS@EC2701A
14510,CT-HKEX@EC2701B
14511,CTPINAN@EC2701A
14512,CTXIAMI@EC2701A
14514,CTHRPHA@EC2705A
14515,CT-ZTE @EC2706A
14517,CI-BYD @EP2705A
14518,DSXIAMI@EP2702A
14519,CIMTUAN@EP2702A
14520,CIALIBA@EP2702B
14522,JP-HSI @EP2701B
14523,JPHSTEC@EP2701A
14526,JPHSTEC@EP2701B
14531,JP-HSI @EP2701C
14532,JPKSCLD@EC2702A
14534,CT-LINK@EC2704A
14535,HUTENCT@EC2701B
14536,HU-PAHT@EC2706A
14537,HUBAIDU@EP2702A
14539,HUTENCT@EP2612B
14543,HUHUAHO@EC2612B
14544,BP-HSI @EP2701A
14545,BPTENCT@EP2701A
14546,BP-HSI @EC2612B
14547,BP-HSI @EP2612B
14548,CTMTUAN@EP2701B
14549,CTALIBA@EP2701A
14550,UBPINAN@EP2701A
14552,UB-SUNY@EC2701A
14553,UBLENOV@EC2704A
14554,UBXIAMI@EP2701A
14555,UBMTUAN@EP2701A
14557,UBJDCOM@EP2701A
14559,UBALIBA@EP2701C
14561,UB-HSI @EP2612H
14564,UB-HSI @EP2612I
14565,UB-AIA @EC2701A
14566,UBBAIDU@EP2701A
14567,GJ-SMIC@EC2704A
14569,BIMIMAX@EC2701A
14571,BIZJSHI@EC2706A
14572,JPALIHI@EC2703A
14573,JP-HSI @EP2701D
14574,HSPINAN@EP2701A
14576,HSMTUAN@EP2701A
14579,HSALIBA@EP2701B
14581,DS-CHQG@EC2701A
14583,MBMIDEA@EC2702A
14585,MB-NTES@EC2701A
14586,CT-SMIC@EP2701A
14587,CI-NWD @EC2705A
14588,CTCCOAL@EC2705A
14589,JPJDCOM@EP2701A
14595,BP-ZAI @EC2701A
14596,BPHUAHO@EC2701A
14597,BPXIAMI@EP2701A
14598,BP-HKEX@EC2701B
14600,GJPINAN@EC2701B
14601,GJALIBA@EC2703C
14602,MBWASON@EC2701A
14603,MB-ZAI @EC2701A
14607,MB-HPE @EC2701A
14608,CTASMPT@EC2701A
14610,CTKINGB@EC2701B
14614,CT-GIGA@EC2701A
14618,CT-ZAI @EC2701A
14622,JP-ICBC@EC2701A
14623,JPKINGB@EC2701A
14625,JP-ZAI @EC2701A
14626,JPASMPT@EC2701A
14627,JP-KBLH@EC2701B
14628,JPMONTA@EC2701A
14629,JP-GIGA@EC2701A
14631,JP-LENS@EC2701A
14633,JPLENOV@EC2701A
14634,JPHUAHO@EC2701A
14635,DS-BYD @EC2611A
14636,JP-BOCL@EC2701A
14637,JPALUCO@EC2702A
14638,SG-HKEX@EC2706A
14641,UB-HKEX@EP2701A
14642,UBSPDRG@EC2701A
14643,UBTENCT@EC2701A
14644,UBCLIFE@EC2701A
14645,UB-ICBC@EC2703A
14646,UBXIAMI@EP2701B
14649,UB-CMB @EC2701A
14650,UBTENCT@EP2701A
14651,MSKINGB@EC2701A
14654,MSLENOV@EC2701A
14655,JP-WUXI@EC2612A
14656,MSMIMAX@EC2701A
14658,SGXIAMI@EC2612A
14659,MS-ZAI @EC2701A
14660,CITENCT@EP2612A
14662,CI-CKH @EP2612A
14665,MS-YOFC@EC2703A
14667,MS-AIA @EC2701A
14668,MSALIBA@EC2701B
14669,MS-ZTE @EC2701A
14670,MSTENCT@EC2701A
14671,MSBOCHK@EC2701A
14672,MS-KBLH@EC2701A
14673,MSCLIFE@EC2701A
14674,MSKUASO@EC2701B
14676,MSKUASO@EC2701C
14677,MS-NCI @EC2701A
14684,MSPOMRT@EC2701A
14685,MSALIBA@EC2701C
14689,MS-CNBM@EC2702A
14690,HSTENCT@EP2701A
14693,HS-ZAI @EC2701A
14694,HSASMPT@EC2701A
14696,HS-BYD @EP2701A
14697,HS-KBLH@EC2701A
14699,HS-YOFC@EC2701A
14701,HSTENCT@EC2701A
14703,HS-HKEX@EC2703A
14704,HSZIJIN@EC2701A
14706,HSHZROB@EC2702A
14707,MSTENCT@EP2612A
14708,JP-BYD @EP2701A
14709,JP-ZTE @EC2701A
14710,JPMIMAX@EC2701A
14711,CTJIANC@EC2612A
14712,MS-KBLH@EC2701B
14713,JPSPDRG@EP2701A
14714,MSUBTEC@EC2701A
14716,MSHUAHO@EC2702A
14717,SGKINGB@EC2701C
14718,SG-KBLH@EC2701C
14719,SG-HSI @EP2701A
14720,SGTENCT@EC2701A
14721,CI-ZAI @EC2701A
14722,CI-GIGA@EC2701A
14726,CIUBTEC@EC2701A
14727,CIHUAHO@EC2704A
14728,CI-SMIC@EC2701A
14730,CIMONTA@EC2701A
14734,CI-HKEX@EC2701A
14735,CI3SBIO@EC2701A
14736,CIXIAMI@EC2702A
14737,CIPINAN@EC2702A
14738,CTHUAHO@EC2701A
14739,HU-HKEX@EC2702A
14740,HUSDGLD@EC2701A
14741,HUZJSHI@EC2702A
14742,HUMOBVI@EC2703A
14745,HULIAUT@EC2703A
14746,BPPINAN@EC2702A
14749,BPMIDEA@EC2702A
14750,JPZIJIN@EP2701A
14751,JPTENCT@EP2701B
14752,JPPOMRT@EC2701A
14753,JPLENOV@EP2701A
14755,JPBAIDU@EP2701A
14756,JP-SMIC@EC2701B
14757,CT-AAC @EP2609A
14758,JP-CCB @EP2701A
14759,JPCEAIR@EC2701A
14760,CTPINAN@EC2701B
14763,CTTENCT@EC2701B
14764,BIXIAMI@EC2701D
14765,BIXIAMI@EP2701B
14767,BITENCT@EC2702B
14768,CTKUASO@EC2701A
14770,CILENOV@EC2701B
14772,CIZJGLD@EP2701A
14773,CISPDRG@EP2701A
14775,CIKINGB@EC2701B
14776,CIZJGLD@EC2701A
14777,CISPDRG@EC2701A
14779,CIASMPT@EC2701B
14780,CIUBTEC@EC2702A
14781,CIMEDBT@EC2701A
14782,CISCHLD@EC2704A
14785,GJHUAHO@EC2701A
14787,GJCLIFE@EC2701A
14788,GJ-ZAI @EC2701A
14789,GJALIBA@EC2703D
14790,GJHUAHO@EP2701A
14791,GJMIMAX@EC2701A
14795,MS-GEG @EC2706A
14796,MSMONTA@EC2701A
14799,HSTENCT@EC2703A
14800,MSFOPHA@EC2703A
14801,MSGANFE@EC2703A
14804,MSZIJIN@EC2701A
14805,MS-TRIP@EC2704A
14806,HSXIAMI@EC2612A
14807,MS-WXAT@EC2701A
14808,MS-BYD @EC2702A
14809,MSYKENR@EC2701A
14811,MS-CPWR@EC2706A
14812,UBZIJIN@EP2701A
14813,UB-BYD @EP2701A
14816,UBLENOV@EC2701A
14821,UBKUASO@EC2701B
14823,SGHUAHO@EP2701A
14824,SGPINAN@EC2701A
14825,JPLAOPU@EP2703A
14827,JP-CKA @EC2701A
14828,JPMOBVI@EC2701A
14829,JPPINAN@EC2701A
14830,JP-CCB @EC2701A
14831,JP-AGBK@EC2701A
14832,JPTENCT@EC2701A
14834,JP-CUNI@EC2701A
14835,HSHUAHO@EC2701A
14836,JPLININ@EC2701A
14837,HSSPDRG@EP2701A
14839,HSLENOV@EC2701A
14840,HS-SMIC@EC2701A
14841,HSUBTEC@EC2702A
14842,HS-GIGA@EC2701A
14844,HSKINGB@EC2701A
14845,HSSPDRG@EC2701A
14846,SGHUAHO@EC2701A
14847,HU-ZAI @EC2701A
14848,HUROBSN@EC2701A
14850,HUJIANC@EC2701A
14851,HU-ZLAB@EC2704A
14854,HUCSAIR@EC2702A
14855,JPSCHLD@EC2701A
14857,JP-YOFC@EC2701A
14858,JP-LINK@EC2701A
14860,HU-HPE @EC2701A
14861,HUMONTA@EC2701A
14865,HU-DFEC@EC2701A
14866,HUCGIRC@EC2703A
14868,HUWEIMO@EC2702A
14869,HUFEIHE@EC2702A
14870,HUUBTEC@EC2703A
14871,BPUBTEC@EC2702A
14872,BP-CCB @EC2701A
14874,BPZIJIN@EC2701A
14875,BPZJGLD@EC2701A
14876,BPLENOV@EC2702A
14877,GJ-SMIC@EC2701A
14878,GJ-YOFC@EC2701B
14881,GJ-KBLH@EC2701B
14883,UB-TRIP@EC2704A
14886,UB-CCB @EC2703A
14887,UB-CCB @EP2706A
14888,BPHZROB@EC2702A
14889,BIUBTEC@EC2701A
14890,BI-ZTE @EC2701A
14893,BIBYDEI@EC2702A
14894,JPUBTEC@EC2701A
14895,JPBOCHK@EC2701A
14898,CT-YOFC@EC2701A
14900,CTUBTEC@EC2701A
14905,CTPOMRT@EC2701A
14906,MBROBSN@EC2701A
14907,MB-CCB @EC2701A
14909,HS-AAC @EC2701A
14913,HS-YOFC@EC2701B
14914,CI-KBLH@EC2703A
14921,CI-YOFC@EC2702A
14922,CIFITHT@EC2703A
14923,CIKSOFT@EC2701A
14925,CI-HPE @EC2701A
14926,SG-YOFC@EC2701B
14927,SGMONTA@EC2701A
14928,SG-ZAI @EC2701A
14929,SG-KBLH@EC2701D
14932,SGUBTEC@EC2701A
14933,MS-AIA @EP2708A
14934,MSTENCT@EP2701A
14935,MSALIBA@EP2701B
14936,MSASMPT@EC2701A
14943,MS-BYD @EP2701A
14945,MSXIAMI@EP2701B
14950,MB-SUNY@EC2702A
14952,CTLUXSH@EC2701A
14953,CTLUXSH@EC2701B
14954,BILUXSH@EC2701A
14956,BILUXSH@EC2701B
14957,CTDOBOT@EC2705A
14959,BPLUXSH@EC2701A
14961,BPLUXSH@EC2701B
14963,SGLUXSH@EC2701A
14964,SGLUXSH@EC2701B
14965,MSLUXSH@EC2701A
14966,MBLUXSH@EC2701A
14967,JP-TTI @EC2610A
14971,MBLUXSH@EC2701B
14972,JPKUASO@EC2701B
14973,JP-CHQG@EC2701A
14974,JPZIJIN@EC2701A
14977,JP3SBIO@EC2701A
14978,JPTSUGA@EC2701B
14981,JP-HPE @EC2701A
14982,CTKUASO@EC2703A
14983,JPPICCG@EC2701A
14984,JPAIRCN@EC2701A
14985,JPSDGLD@EC2701A
14986,HUBLKSM@EC2701A
14987,HULAOPU@EC2703A
14988,HUSENTM@EC2702A
14991,HUKUASO@EC2701A
14993,JP-ZLAB@EC2701A
14994,JPYKENR@EC2701A
14995,CT-CLPG@EC2705A
14999,UBPOMRT@EC2701A
15000,UBPOMRT@EP2701A
15003,UBTENCT@EP2701B
15007,UBMTUAN@EP2701B
15008,UBPINAN@EC2701A
15011,UBPETCH@EC2701B
15012,UBTENCT@EC2701B
15013,CICPAIR@EC2611A
15014,UBBOCHK@EC2701A
15015,UBKUASO@EC2701C
15016,UB-CMOB@EC2701A
15017,BPMIMAX@EC2702A
15018,BITENCT@EC2702C
15020,BIMEITU@EC2705A
15022,BI-CMOB@EC2702B
15023,BI-ICBC@EC2704A
15024,BI-GWMC@EC2702A
15025,BI-CKH @EC2702A
15028,BIGEELY@EC2702A
15029,HSKUASO@EC2701A
15031,HS-KBLH@EC2702A
15032,HSMONTA@EC2701A
15033,HS-YOFC@EC2701C
15035,MBNFSPR@EC2701A
15038,MBKEYMB@EC2701A
15039,MB-GWMC@EC2703A
15041,MBCP&CC@EC2705A
15042,MB-XYS @EC2703A
15043,MB-HUAP@EC2706A
15045,MB-TIME@EC2702A
15046,MBHUAHO@EC2701A
15047,MB-CMOB@EC2708A
15048,MB-CGNP@EC2708A
15049,SGKINGB@EC2701D
15050,SGZIJIN@EC2701A
15051,CI-CTWR@EC2702A
15052,CI-JELE@EC2701A
15053,CICP&CC@EC2704A
15056,CI-CMOB@EC2702A
15057,MSNDPHL@EC2701A
15058,MS-YOFC@EC2701A
15059,MSTENCT@EC2701B
15061,CTXJGST@EC2705A
15062,MSCSHIP@EC2702A
15064,MB-XD  @EC2701A
15066,MB-WHG @EC2701A
15069,MBJIANC@EC2701A
15070,BP-YOFC@EC2703A
15071,BP-HSBC@EC2702A
15073,CTXTAPI@EC2701A
15074,CTMONTA@EC2701A
15077,JPSTANC@EC2701A
15078,CICOOPT@EC2701A
15079,JPXIAMI@EC2612C
15080,DSTENCT@EC2703A
15081,CI-SBPH@EC2701A
15082,CI-PAHT@EC2702A
15083,CTXIAMI@EP2704A
15084,MS-LENS@EC2706A
15085,MS-LINK@EC2701A
15086,MSALIBA@EC2701D
15088,MSTENCT@EC2701C
15092,CI-LEAP@EC2612A
15093,MB-CLPG@EC2705A
15094,MBMTUAN@EP2704A
15096,MBXIAMI@EP2704A
15098,MB-SZIG@EC2702A
15107,MB-GIGA@EC2701A
15108,CI-ICBC@EC2702A
15112,MSBAIDU@EC2701A
15113,GJ-HSI @EP2701A
15115,GJTENCT@EC2701B
15117,GJ-SUNY@EC2702A
15118,BIHUAHO@EP2706A
15119,JPPOMRT@EP2701A
15120,JP-HSI @EP2701E
15121,JPHSTEC@EP2701C
15122,UBKUASO@EP2703A
15123,BI-TTI @EC2610A
15124,UBLENOV@EP2701A
15127,UBXIAMI@EP2701C
15132,UB-HSI @EP2701A
15133,UB-HSI @EP2701B
15134,UBALIBA@EP2701D
15135,MBINOSC@EC2701A
15137,MB-DFEC@EC2709A
15138,CIXIAMI@EC2701A
15139,MB-CHQG@EC2701A
15140,HUTENCT@EC2703B
15141,HUMTUAN@EC2702A
15142,HUKUASO@EP2702A
15143,HUBAIDU@EC2703A
15144,HUGANFE@EC2703A
15148,HUGANFE@EP2701A
15150,HULUXSH@EC2701A
15151,HULUXSH@EC2701B
15152,HSTENCT@EP2701B
15153,HSKINGB@EC2701B
15154,HSTENCT@EC2702A
15155,HS-CCB @EC2701A
15156,HS-CUNI@EC2701A
15157,CI-MGP @EC2702A
15158,CISMORE@EC2701A
15159,CI-CHQG@EC2704A
15160,MBLFGHL@EC2701A
15162,MBKUASO@EC2701A
15163,MB-LEAP@EC2609A
15164,MB-COVS@EC2703A
15165,MBSENTM@EC2703A
15166,MB-CGS @EC2705A
15167,MB-CUNI@EC2703A
15168,MS-SBPH@EC2610A
15170,MB-CTIH@EC2703A
15171,MB-CRBH@EC2703A
15172,BPALIBA@EC2701E
15173,BPMTUAN@EC2702B
15175,BP-CKH @EC2702A
15177,BPTENCT@EC2701C
15178,BPCLIFE@EC2701A
15179,CTCMOLY@EC2703A
15181,MS-CHQG@EC2703A
15182,MSPINAN@EC2701A
15183,MS-CMB @EC2701A
15187,MSMIMAX@EC2701B
15188,CTGEELY@EC2704A
15190,CTSDGLD@EC2702A
15191,SGMIMAX@EC2701A
15192,SG-GIGA@EC2701A
15194,SGBIREN@EC2701A
15196,MS-CCB @EC2706A
15197,UB-SMIC@EP2701A
15200,UB-GEG @EC2703A
15201,UBLAOPU@EC2703A
15206,GJGANFE@EC2702B
15208,GJPOMRT@EP2702A
15209,GJMIMAX@EC2703A
15210,MB-CTWR@EC2701A
15212,MS-HKEX@EC2706A
15215,HS-WUXI@EC2701A
15216,HSCLIFE@EC2701A
15217,HS-CATL@EC2702A
15218,JPSPDRG@EC2701A
15219,JPTENCT@EC2701B
15220,HUZJGLD@EC2702A
15222,HU-GWMC@EC2703A
15223,SG-CTEL@EC2609B
15224,HU-ICBC@EC2703A
15225,HU-CMB @EC2701A
15226,HUHUAHO@EC2701A
15227,HUFOPHA@EC2703A
15228,MB-CCVH@EC2701A
15229,MBGANFE@EC2703A
15230,MB-BYD @EP2703A
15231,MBALIBA@EP2703A
15232,MB-CATL@EC2701A
15234,MB-CNBM@EC2703A
15235,MS-CATL@EC2701A
15236,MSMIMAX@EC2703A
15237,JPMIMAX@EC2701B
15238,JPKUASO@EP2701A
15240,JP-ZAI @EC2701B
15241,JPCSHIP@EC2701A
15242,GJ-CATL@EC2702A
15243,BILUXSH@EC2703A
15244,CI-WUXI@EC2702A
15245,CI-AAC @EC2701A
15246,CI-ZAI @EC2701B
15247,CI-CATL@EC2702A
15248,HUALIBA@EC2703B
15251,HU-SMIC@EC2703A
15252,HUXIAMI@EC2702A
15253,UB-CATL@EC2701A
15254,CTMIMAX@EC2701A
15256,CT-CATL@EC2702A
15258,HUMIMAX@EC2701A
15259,CTHUAHO@EC2703A
15260,JPHUAHO@EC2703A
15261,JP-CMOB@EC2701A
15262,MBSIMCE@EC2701A
15263,CI-HSBC@EP2609A
15265,SGYKENR@EC2707A
15266,SGSDGLD@EC2707A
15269,SGZHJIN@EC2706A
15271,SG-HSI @EP2701B
15272,HS-CKH @EC2701A
15278,SG-CATL@EC2701B
15285,HSPINAN@EC2702A
15287,SG-AAC @EC2704A
15289,SGALIBA@EP2701A
15290,SGGANFE@EC2705A
15291,SGCMOLY@EC2707B
15293,MB-CSC @EC2701A
15294,MBMOBVI@EC2701A
15296,MBCSHIP@EC2701A
15297,MB-CGNM@EC2701A
15298,MS-CSPC@EC2703A
15299,MS-CKH @EC2701A
15301,MS-AIA @EC2706A
15302,GJ-YOFC@EC2702A
15303,GJ-HSI @EC2701A
15308,CI-GIGA@EC2702A
15311,BPMIMAX@EC2703A
15313,MSMIMAX@EC2702A
15315,CT-YOFC@EC2702A
15316,CT-LENS@EC2701A
15317,HUMIMAX@EC2703A
15320,HUKINGB@EC2702B
15321,HUSERES@EC2702A
15322,HU-YOFC@EC2701A
15323,JP-KBLH@EC2701C
15324,JPLUXSH@EC2701A
15325,JPKINGD@EC2701A
15327,JPCLIFE@EC2701A
15328,JP-JELE@EC2701A
15330,BIXIAMI@EC2702C
15332,BIXIAMI@EP2704B
15334,BIMIMAX@EC2701B
15335,CTSENTM@EC2703A
15336,JP-TCL @EC2701A
15337,JPBYDEI@EC2702A
15339,JPCOOPT@EC2704A
15340,HSMIMAX@EC2701A
15341,HS-YOFC@EC2701D
15342,HS-KBLH@EC2701B
15344,HSKINGB@EC2702A
15345,SG-GIGA@EC2701B
15346,SGXIAMI@EP2701A
15347,SG-YOFC@EC2703C
15348,SGKINGB@EC2702A
15349,SG-KBLH@EC2703A
15351,SGMIMAX@EC2701B
15352,SGCLIFE@EC2701A
15354,SGCP&CC@EC2709A
15358,SG-AGBK@EC2707A
15359,MSKSCLD@EC2703A
15362,CI-WXAT@EC2702A
15363,CT-YOFC@EP2701A
15364,HUKINGB@EP2702A
15368,HUCPAIR@EP2706A
15370,HUCITSE@EC2703A
15371,HUAMCS3@EC2701A
15372,GJALIBA@EC2701F
15375,DS-HKEX@EC2701A
15378,BIBAIDU@EP2704A
15379,JPFITHT@EC2701A
15383,SG-CMOB@EC2701A
15384,SGCSHIP@EC2702A
15385,SGTENCT@EC2701B
15386,SGXTAPI@EC2702A
15387,UBCNOOC@EC2701A
15388,UBBAIDU@EC2702A
15389,SGBAIDU@EC2702A
15390,BP-CHQG@EC2702A
15392,BPGANFE@EC2703A
15393,HSTENCT@EC2701B
15394,HS-GIGA@EC2703A
15395,HS-CHQG@EC2701A
15396,HS-SMIC@EC2701B
15397,HSPOMRT@EC2702A
15398,MBZCRRC@EC2701A
15399,MB-LINK@EC2703A
15402,MB-PAHT@EC2701A
15404,MB-ZAOL@EC2701A
15405,MB-TMEG@EC2703A
15406,MB-CPWR@EC2702A
15407,MB-ACMT@EC2703A
15408,MB-ZTE @EC2701A
15409,BIMTUAN@EP2612A
15410,CI-CNBM@EC2706A
15412,CICMOLY@EC2705A
15414,CT-CNBM@EC2703A
15415,UBTENCT@EP2701C
15416,UBMTUAN@EP2701C
15417,MS-HSBC@EP2609A
15418,SGKINGD@EC2706A
15419,SG-HSBC@EP2702B
15421,SGTENCT@EP2702A
15422,SG-CNBM@EC2706A
15423,BPSANDS@EC2702A
15425,BPAMCS3@EC2701A
15426,MBFEIHE@EC2701A
15427,MBMEDBT@EC2706A
15428,MBMIMAX@EC2701A
15429,BITENCT@EP2702A
15430,BITENCT@EC2701C
15431,BIXIAMI@EP2704C
15432,JP-HSI @EP2701F
15434,JP-WUXI@EC2701A
15435,JP-WXAT@EC2701A
15436,MB-XYS @EC2609A
15437,MSMTUAN@EP2701B
15438,MB-MIXC@EC2609A
15441,MBCCCCL@EC2609A
15442,HUSANDS@EC2702A
15443,HULONKI@EC2705A
15444,HUZIJIN@EC2701A
15445,HS-SBPH@EC2702A
15446,HSINBIO@EC2701A
15447,HSASMPT@EC2701B
15448,HS-HSI @EP2701A
15449,HS-HSI @EC2701A
15450,CTTENCT@EP2704A
15451,CI-GDS @EC2704A
15452,CIBOCHK@EC2703A
15453,HUXIAMI@EC2704A
15454,HU-MPSC@EC2707A
15455,HUJIANC@EP2703A
15456,GJ-HSBC@EC2702A
15457,BIPOMRT@EP2609A
15460,HUBAIDU@EC2701B
15461,CT-DGL @EC2704A
15462,CTPOMRT@EP2705A
15463,CT-HSBC@EP2609A
15464,BIXIAMI@EC2703A
15465,BIMTUAN@EC2704A
15466,BI-HSI @EC2701A
15467,BI-HSI @EC2701B
15468,UB-HSBC@EP2609A
15469,CTAMCS3@EC2704A
15470,MBKINGB@EC2701A
15471,MBCOOPT@EC2706A
15472,UB-HSI @EP2701C
15473,MBZHIST@EC2708A
15474,MB-WPC @EC2701A
15475,JPMTUAN@EP2701A
15476,JPXIAMI@EP2701A
15477,HSKUASO@EP2701A
15478,MB-CRCC@EC2609A
15481,SGTENCT@EP2701A
15482,SGMONTA@EC2701B
15483,SGASMPT@EC2701A
15484,SGMTUAN@EP2702A
15485,MBMONTA@EC2701A
15486,MBFITHT@EC2702A
15487,MB-LENS@EC2701A
15488,MSLAOPU@EC2706A
15489,MSALIBA@EC2701E
15490,MSCMOLY@EC2702A
15491,MSCLIFE@EC2701B
15492,MS-HSBC@EC2701A
15493,MB-CNBM@EC2609A
15494,MS-ZAI @EC2703A
15495,MSHUAHO@EC2701A
15496,CIXTAPI@EC2702A
15498,BPALIBA@EC2703B
15499,BPTENCT@EC2702A
15500,CTINOSC@EC2702A
15501,CTZHJIN@EC2706A
15502,BPAKESO@EC2612A
15503,BIMTUAN@EP2702A
15506,CTHUAHO@EC2701B
15510,HUASMPT@EC2701A
15512,MBUBTEC@EC2701A
15513,CTMEITU@EC2704A
15514,CT-HSBC@EP2701A
15515,JPKUASO@EC2701C
15517,JPTENCT@EC2701C
15518,JP-ZAI @EC2701C
15520,JP-KBLH@EC2701D
15521,JPKINGB@EC2701B
15522,JPMIMAX@EC2701C
15524,CTMTUAN@EC2703A
15525,CT-WXDC@EC2704A
15526,CTALIBA@EC2703A
15527,UB-BILI@EC2701A
15529,UB-AAC @EC2703B
15530,UB-HSI @EC2701G
15531,UBMTUAN@EC2701B
15533,BICCCCL@EC2609A
15534,BIXIAMI@EC2609A
15536,CIMEITU@EC2706A
15538,CI-HSBC@EC2703A
15540,HS-ZAI @EC2701B
15541,HS-ZTE @EC2709A
15542,HSTENCT@EC2701C
15543,CT-ZAI @EC2702B
15544,CT-GIGA@EC2701C
15545,JP-HSI @EC2701D
15547,JPMTUAN@EC2701A
15550,SG-GIGA@EC2702A
15551,SG-ZAI @EC2701B
15552,SG-HSI @EC2701C
15553,CT-WUXI@EC2612A
15554,SGHZROB@EC2706A
15555,SG-KBLH@EC2701E
15556,SGALIBA@EC2702A
15557,SGTENCT@EC2702B
15558,SGXIAMI@EC2701A
15559,SGAKESO@EC2706A
15561,SGPOMRT@EC2704B
15562,MSMIMAX@EC2701C
15563,CICLIFE@EC2704A
15565,CIALUCO@EC2702B
15566,CI-SKBB@EC2702A
15567,CTBIREN@EC2704A
15568,CT-ZAI @EC2704A
15569,CTMIMAX@EC2704A
15570,CIGANFE@EC2702A
15571,JPTENCT@EP2701C
15572,JPHUAHO@EP2701A
15573,JPHUAHO@EC2701B
15574,JP-ICBC@EP2701A
15576,JPALIBA@EC2702A
15577,JP-YOFC@EP2701A
15578,JP-GIGA@EC2701B
15579,HUINOSC@EC2704A
15580,HU-HSCI@EC2706A
15581,HUMIMAX@EC2701B
15582,HU-ZTE @EC2701A
15583,UBCNOOC@EP2703A
15584,UB-HSI @EP2701D
15585,UBCLIFE@EP2703A
15586,UB-WUXI@EC2612A
15587,UB-HSBC@EP2702A
15588,UB-HSBC@EC2701A
15591,UBTENCT@EC2701C
15592,HSALIBA@EC2703A
15594,HSHUAHO@EC2701B
15595,JPLUXSH@EC2701B
15597,JPINOSC@EC2701B
15598,BPSENTM@EC2704A
15599,MBHRPHA@EC2706A
15601,MBLONKI@EC2701A
15602,MBINBIO@EC2701A
15604,HU-AIA @EC2703A
15605,HU-ZAI @EC2703A
15607,CT-AGBK@EC2707A
15608,MB-TRIP@EP2701A
15609,JPKINGB@EP2701A
15610,JP-TRIP@EP2701A
15611,MSSTANC@EC2703A
15612,SG-BOCL@EC2702A
15613,SG-ICBC@EC2707A
15617,SG-HSBC@EC2705A
15618,SG-CMB @EC2702A
15620,MB-LEAP@EC2701A
15622,MB-SHEC@EC2701A
15623,BITENCT@EC2706B
15625,MBXINYI@EC2705A
15626,MB-CKA @EC2702A
15627,MBANTAS@EC2701A
15628,MB-ZAI @EC2701B
15629,JP-NTES@EC2701A
15630,JPBIREN@EC2701A
15631,CTTENCT@EC2712A
15632,GJALIBA@EC2702A
15633,GJTENCT@EC2702A
15634,GJ-KBLH@EC2701C
15635,MSTENCT@EC2702A
15636,BPALIBA@EC2702B
15638,BP-SMIC@EC2702A
15639,HSKUASO@EC2702B
15640,HS-GEG @EC2703A
15641,JPBLKSM@EC2701A
15642,BPTENCT@EC2705A
15643,BP-CATL@EC2702A
15645,BPBAIDU@EC2702A
15649,MB-YOFC@EC2706A
15650,HS-KBLH@EC2701C
15651,CIXTAPI@EP2712A
15653,UBTENCT@EC2701D
15655,UBSTANC@EC2701A
15657,HUCSHST@EC2704A
15658,HU-KBLH@EC2703B
15659,HUHUAHO@EC2702A
15660,CT-CNBM@EC2609A
15661,HU-KBLH@EP2701A
15663,JPTENCT@EC2701D
15666,SGXIAMI@EC2703A
15667,SGTENCT@EC2701C
15668,SG-NTES@EC2706A
15670,HS-SMIC@EP2701A
15672,JP-HSI @EC2701E
15674,JP-HSI @EC2701F
15675,JP-HKEX@EP2702A
15676,JPXIAMI@EC2701A
15677,JPMIMAX@EC2703A
15678,JPMONTA@EC2701B
15679,MBHUAHO@EC2701B
15680,MBLENOV@EC2701B
15681,MBCEAIR@EC2701A
15682,CTMTUAN@EP2704A
15683,JP-HSBC@EP2701A
15684,JP-HSBC@EC2702A
15686,DSSPDRG@EC2702A
15687,MS-HSI @EP2701A
15688,MS-HSI @EP2701B
15689,MS-HSI @EP2701C
15690,MS-HSBC@EC2703A
15692,CI-CTEL@EC2609A
15693,MS-CKA @EC2706A
15694,MS-GIGA@EC2701A
15695,MSMTUAN@EC2702A
15696,SG-SMIC@EC2702A
15697,SGHUAHO@EC2701B
15698,HU-TQL @EC2703A
15699,SGCPAIR@EC2611A
15700,HUSTANC@EC2702A
15701,HU-WXAT@EC2702A
15702,HU-XYS @EC2703A
15703,CT-HKEX@EP2701A
15704,JP-PAHT@EC2702A
15706,BIHUAHO@EC2702A
15707,BIANTAS@EC2701A
15709,BI-WPC @EC2702A
15710,BIUBTEC@EC2705A
15711,CI-XYS @EC2702A
15712,BI-NTES@EC2702A
15713,CIXINYI@EC2705A
15714,BITENCT@EC2701D
15715,CI-WXAT@EP2702A
15716,CI-KBLH@EP2701A
15717,MBCPAIR@EC2703A
15718,CI-HSBC@EP2702A
15720,HSMTUAN@EP2704A
15722,HSSANDS@EC2701A
15723,HSAKESO@EC2707A
15724,HSZHJIN@EC2701A
15725,CIXIAMI@EC2702B
15726,CIINOSC@EC2702A
15727,CIALIBA@EC2701B
15729,CITENCT@EC2702B
15730,JPALIBA@EC2702B
15731,JP-HSI @EP2701G
15733,HU-HSBC@EC2702A
15734,HUPOMRT@EC2702A
15735,HUALIBA@EC2709A
15737,HUXTAPI@EP2707A
15739,CT-HSI @EC2701B
15741,CTMIDEA@EC2701A
15742,MSTENCT@EC2703B
15743,MS-HSI @EC2701A
15744,MS-HSI @EC2701B
15745,MS-HSI @EC2701C
15746,BI-HSBC@EC2703A
15749,BI-XYS @EC2702A
15750,UBALIBA@EC2701C
15753,UB-HKEX@EP2701B
15754,CT-HSI @EP2701A
15755,BPXIAMI@EC2612B
15756,SG-HKEX@EC2703A
15757,SGTENCT@EC2704A
15758,SG-GEG @EC2704A
15760,SGKUASO@EC2702B
15761,SGUBTEC@EC2706A
15762,SGLAOPU@EC2706A
15764,SGALIBA@EC2701D
15765,SGZJSHI@EC2706A
15766,SGJDCOM@EC2706A
15767,JP-HUAP@EC2701A
15768,JPSENTM@EC2701A
15769,CT-HSBC@EC2701A
15770,CTBOCHK@EC2701A
15771,CIXIAMI@EP2706A
15773,CI-TRIP@EC2703A
15774,MBTENCT@EC2701A
15775,CI-TRIP@EP2701A
15776,SGCNOOC@EC2706A
15777,SGPETCH@EC2707B
15778,UBXIAMI@EP2701D
15780,BPZJINN@EC2702A
15781,BPZJINN@EC2702B
15782,SGZJINN@EC2701A
15785,MBZJINN@EC2701A
15787,MBZJINN@EC2701B
15788,BICLIFE@EC2702A
15789,BIJDCOM@EC2703A
15790,BI-HSBC@EC2703B
15791,BIALIBA@EC2703C
15792,SGXIAMI@EC2609A
15793,BIALIBA@EC2703D
15794,BIALIBA@EC2706B
15795,BIZJINN@EC2701A
15796,BIZJINN@EC2702A
15798,HUZJINN@EC2701A
15800,HUZJINN@EC2701B
15801,HUZJINN@EC2702A
15802,JPBOCHK@EC2701B
15803,JP-MNIU@EC2702A
15804,JPZJINN@EC2701A
15805,JPZJINN@EC2701B
15806,JPZJINN@EC2701C
15807,JPZJINN@EC2701D
15808,JPZJINN@EC2701E
15809,HS-KBLH@EC2702B
15810,HSMTUAN@EC2704A
15811,HSXIAMI@EC2704A
15812,HS-HKEX@EP2703A
15814,SGZJINN@EC2701D
15815,JPASMPT@EC2702A
15816,JPLAOPU@EC2702A
15817,JP-ZAI @EC2702A
15818,JP-YOFC@EC2701B
15819,JP-TRIP@EC2703A
15820,JPXIAMI@EP2702A
15821,CI-YOFC@EC2706A
15822,HU-ZAI @EC2703B
15823,HUKINGB@EP2703A
15824,HU-TRIP@EP2703A
15825,BPHUAHO@EC2702B
15826,BPKUASO@EC2703A
15827,BP-AAC @EC2702A
15828,MSXIAMI@EP2702A
15829,MBBIREN@EC2702A
15830,MBLAOPU@EC2702A
15831,CTCLIFE@EC2704A
15832,JPZJINN@EC2702A
15834,JP-MRES@EC2702A
15835,BP-CMOB@EC2702A
15837,GJ-BYD @EP2702A
15838,GJ-BYD @EC2702A
15840,GJGANFE@EC2703A
15841,GJMTUAN@EC2702A
15844,GJ-ZAI @EC2702A
15845,CILAOPU@EC2706A
15848,HSGANFE@EC2712A
15850,HSXIAMI@EP2702A
15851,HS-YOFC@EC2709A
15852,HSKINGB@EC2702B
15853,HSLAOPU@EC2704A
15855,SGBIREN@EC2702A
15857,SGASMPT@EC2702A
15859,SGKINGB@EC2702B
15860,SG-KBLH@EC2702A
15861,MBASMPT@EC2702A
15863,MBBOCHK@EC2703A
15864,MB-MNSO@EC2703A
15865,UBJIANC@EC2612A
15868,CT-SMIC@EC2702A
15869,CTASMPT@EC2702A
15870,CT-HSI @EP2704A
15872,UB-CATL@EC2609A
15873,JP-WPC @EC2701A
15875,JP-SHEC@EC2701A
15876,CIXPENG@EP2704A
15877,CI-SMIC@EC2702A
15879,CI-SMIC@EC2702B
15880,CISPDRG@EC2702A
15881,CIZJINN@EC2703A
15883,HUXIAMI@EC2703A
15884,HUMIMAX@EC2701C
15887,BI-SMIC@EC2702A
15888,BIXIAMI@EP2702C
15890,MB-KBLH@EC2702A
15891,GJ-CATL@EC2703A
15893,GJ-WUXI@EC2702A
15894,GJXIAMI@EP2702A
15895,UBXIAMI@EP2702A
15897,CIZJINN@EC2702A
15898,SGXIAMI@EP2702A
15900,SGFITHT@EC2706A
15902,JP-HSI @EP2702A
15903,JP-HSI @EP2702B
15906,JPLIAUT@EP2702A
15907,JP-J&T @EC2702A
15908,SG-HSI @EP2702A
15909,SG-CCB @EP2704A
15910,MB-MPSC@EC2704A
15912,HS-TRIP@EC2703A
15913,HS-BYD @EC2703A
15914,HS-BYD @EP2703A
15915,HSTENCT@EP2705A
15917,HS-SMIC@EC2702A
15918,CIJDCOM@EC2705A
15919,CTCLIFE@EC2612A
15924,BP-SMIC@EC2702B
15925,BPZJINN@EC2702C
15926,JPCPAIR@EC2702A
15928,JP-SMIC@EC2702A
15929,JP-KBLH@EC2702A
15930,JPXIAMI@EC2702A
15931,CTFITHT@EC2702A
15932,CT-YOFC@EC2702B
15934,JPTENCT@EC3012A
15936,JPALIBA@EC3006A
15937,CIHUAHO@EC2702A
15939,CIAMCS3@EC2702A
15940,CT-SBPH@EC2701A
15942,CIXIAMI@EC2704A
15943,JP-MPSC@EC2704A
15944,CT-AAC @EC2703A
15945,CT-SUNY@EC2705A
15947,BI-ZAI @EC2703B
15948,BI-BYD @EC2704A
15949,BI-CCB @EP2702A
15950,BIZJINN@EC2703A
15951,GJ-YOFC@EC2702B
15955,GJXIAMI@EC2612F
15956,JP-HSBC@EC3012A
15957,UB-CMOB@EC2703A
15958,HU-YOFC@EC2702A
15959,HU-GIGA@EC2703A
15960,SGHUAHO@EC2702A
15961,SG-YOFC@EC2702B
15962,SG-SMIC@EC2702B
15963,SGXIAMI@EC2702A
15964,SG-ZAI @EC2702A
15965,MSXIAMI@EC2702A
15966,MS-CCB @EC2706B
15967,CI-AAC @EP2612A
15968,MSBOCHK@EC2702A
15969,MB-SMIC@EC2702A
15970,MB-SKBB@EC2702A
15971,MB-WUXI@EC2702A
15973,HS-ZAI @EC2705A
15974,HSHUAHO@EC2702A
15975,HS-WPC @EC2708A
15976,JPXIAMI@EC2812A
15977,JP-LEAP@EC2702A
15978,JPKINGB@EC2703B
15979,CT-SMIC@EP2702A
15980,CI-ZAI @EP2703A
15981,CIANTAS@EC2704A
15982,CI-BILI@EC2702A
15983,JP-KBLH@EP2702A
15984,HUXIAMI@EP2702B
15985,HUCHERY@EC2704A
15986,HU-CSPC@EC2703A
15987,BI-SMIC@EC2702B
15988,BI-SMIC@EP2703A
15989,GJ-SMIC@EC2612B
15990,UBXIAMI@EC2703A
15991,UB-AAC @EC2703C
15992,MSALIBA@EP2702A
15993,MSXIAMI@EC2702B
15994,MSBYDEI@EC2702A
15995,MBSTANC@EC2702A
15996,SG-CCB @EC2707A
15997,SGXIAMI@EC2702B
15999,SGGEELY@EC2704A
16000,MB-KBLH@EP2702A
16001,HSXIAMI@EC2702A
16002,HSALIBA@EP2702A
16003,CI-CCB @EC2705A
16005,CI-CTEL@EC2702A
16006,SG-CMOB@EC2702A
16007,BPXIAMI@EC2702A
16008,JP-ICBC@EC2702A
16009,JP-HSBC@EP2702A
16010,CI-ZAI @EC2702A
16011,CIMONTA@EC2702A
16012,BIHUAHO@EC2703A
16013,BIHUAHO@EP2703A
16014,MSTENCT@EC3006A
16015,MSALIBA@EC3006A
16016,SGALIBA@EP2704A
16017,SGRMGEN@EC2702A
16018,SGTENCT@EP2702B
16019,UB-HSBC@EC2703A
16021,UBXIAMI@EC2702A
16023,UBPOMRT@EP2702A
16025,UB-ZTE @EC2702A
16026,GJLENOV@EC2702A
16027,GJMTUAN@EP2702A
16028,MS-AGBK@EC2812A
16031,MS-CCB @EC2812B
16032,JP-CCB @EC2704A
16033,JP-VGT @EC2703A
16034,JP-VGT @EC2702A
16035,JP-AGBK@EC2704A
16037,CT-CRCC@EC2703A
16038,CTLININ@EC2703A
16039,CI-VGT @EC2702A
16042,CTXIAMI@EC2701B
16043,SG-BYD @EC2703A
16045,SG-CKA @EC2706A
16049,SG-HSBC@EC2703A
16050,MBXPENG@EC2704A
16052,MSLIAUT@EC2706A
16053,MS-DFEC@EC2712A
16055,JPALIBA@EP2702A
16056,BIMTUAN@EC2702B
16059,GJ-HSBC@EP2704A
16061,MS-MRES@EC2702A
16062,MS-HSI @EC2702A
16063,JPSERES@EC2703A
16065,JPPONAI@EC2703A
16066,JPCHERY@EC2702A
16069,JPWRIDE@EC2705A
16070,HUFITHT@EC2704A
16072,HU-VGT @EC2703A
16073,CIKSCLD@EC2703A
16074,CIZJINN@EC2706A
16075,SGMTUAN@EC2703A
16076,CIXPENG@EC2702A
16077,CISTANC@EC2704A
16078,HS-WXAT@EC2702A
16079,UB-ICBC@EC2702A
16081,UB-HSBC@EP2702B
16082,UB-CMOB@EP2706A
16083,UB-CCB @EC2703B
16084,BPZJINN@EC2703A
16085,BP-HSBC@EC2704A
16086,BPAMCS3@EC2703A
16087,MB-TTI @EC2703A
16088,MB-WXAT@EC2703A
16089,MB-GTHT@EC2702A
16091,CI-YOFC@EP2703A
16092,CIKSCLD@EP2703A
16097,CIUBTEC@EP2702A
16101,CT-ZAI @EP2703A
16102,CTBLKSM@EC2701A
16103,SGALIBA@EC2702B
16104,MBCRPHA@EC2707A
16105,MB-CRCC@EC2702A
16106,MB-MNIU@EC2703A
16107,BIALIBA@EC2703E
16108,SGZJINN@EC2702A
16109,JPBSSCG@EC2702A
16110,JP-HSBC@EC2704A
16111,HSZJGLD@EC2702A
16112,HSGEELY@EC2705A
16114,HS-VGT @EC2702A
16116,HSKSCLD@EC2702A
16117,CT-CATL@EC2609A
16118,UB-SUNY@EC2704A
16119,UBSPDRG@EC2703A
16120,BP-AIA @EC2702A
16121,JPKSCLD@EC2702B
16122,CT-HSBC@EC2704A
16123,CT-VGT @EC2702A
16125,JPALIBA@EC2702C
16126,CT-WXAT@EC2701A
16127,HUCMOLY@EC2704A
16128,HU-VGT @EC2702A
16129,HU-MRES@EC2703A
16131,HU-SMIC@EC2702A
16132,BIMIMAX@EP2703A
16133,BI-ZAI @EP2703A
16134,BIUBTEC@EP2704A
16135,BIMONTA@EC2702A
16137,BI-AIA @EC2702A
16138,BI-AIA @EP2704A
16139,CTHESAI@EC2703A
16141,GJ-AIA @EC2703A
16142,CT-AIA @EC2702A
16143,CT-JDL @EC2702A
16144,UB-SHKP@EC2703A
16145,UBPOMRT@EC2703A
16146,UBCSHIP@EC2703A
16147,UB-AIA @EC2702A
16148,CT-SHKP@EC2704A
16149,HS-AIA @EC2702A
16150,HSALIBA@EC2702B
16151,HSLUXSH@EC2702A
16152,HSMIMAX@EC2703A
16153,HS-AIA @EP2702A
16154,CI-AIA @EC2702A
16155,CILUXSH@EC2702A
16156,CILUXSH@EC2704A
16157,MS-SHKP@EC2703A
16159,MS-AIA @EC2709A
16160,MSFITHT@EC2703A
16161,MSTENCT@EC2706A
16162,MB-SHKP@EC2703A
16164,MB-AIA @EC2703A
16165,JP-CGNM@EC2701A
16167,JP-XYS @EC2609A
16168,JP-AIA @EC2702A
16170,JPHESAI@EC2702A
16171,SG-HSI @EC2702A
16172,SG-AIA @EC2702A
16173,SG-SHKP@EC2706A
16174,SG-HSBC@EC2702A
16175,SG-VGT @EC2702A
16177,SG-CKH @EC2706A
16181,UB-HKEX@EP2703A
16182,UBHZROB@EC2703A
16183,BIMIMAX@EC2703B
16184,BI-ZAI @EC2703C
16186,BIKSCLD@EC2703A
16187,BIPOMRT@EC2702A
16189,CT-TCL @EC2706A
16190,UB-XYS @EC2609A
16191,CTMIMAX@EP2703A
16192,CTMIMAX@EC2702A
16194,CT-WUXI@EC2701A
16195,GJHZROB@EC2703A
16197,CILENOV@EP2702A
16199,CIKUASO@EP2703A
16200,CI-AIA @EP2702A
16201,CICLIFE@EP2703A
16202,CI-ZAI @EP2702A
16203,CIZJGLD@EC2703A
16204,JP-AIA @EP2702A
16207,SGSTANC@EC2704A
16208,HUCNOOC@EP2704A
16210,HU-AIA @EP2704A
16211,MS-TTI @EC2702A
16213,MS-WUXI@EC2702A
16214,MSZIJIN@EC2702A
16215,MBPONAI@EC2702A
16216,MB-GEG @EC2703A
16217,MBZJINN@EC2702B
16218,MB-VGT @EC2702A
16219,JPLENOV@EP2704A
16220,JP-VGT @EC2703B
16221,BIXIAMI@EC2612B
16222,BP-KBLH@EC2703A
16223,CTZJGLD@EP2705A
16224,CILAOPU@EP2704A
16228,CIJIANC@EC2702A
16229,CI-WXAT@EC2707A
16230,JPSPDRG@EP2702A
16232,JP-VGT @EC2702B
16233,MSLENOV@EP2702A
16234,MSTENCT@EP2702A
16237,MSMTUAN@EP2702A
16239,MS-VGT @EC2702A
16240,HU-WUXI@EC2705A
16241,HUGSBIO@EC2702A
16243,HUMIMAX@EP2702A
16245,HULENOV@EP2703A
16246,HU-HSPG@EC2708A
16248,SGXJGST@EC2707A
16249,UB-AIA @EP2702B
16250,UB-CSPC@EC2703A
16251,UBZIJIN@EC2702A
16252,BIZJGLD@EC2703A
16253,CTXIAMI@EC2612B
16254,BIUBTEC@EC2702A
16255,BILENOV@EP2703A
16256,BI-WUXI@EC2704A
16257,BI-WXAT@EC2704A
16258,BISDGLD@EC2703A
16259,BIZHJIN@EC2703A
16261,BICNOOC@EC2704A
16262,HSLENOV@EC2702A
16264,BPTENCT@EC2703B
16265,BPZIJIN@EC2702A
16267,MBAVICN@EC2703A
16268,BI-YOFC@EC2702A
16269,UBTENCT@EC2702A
16270,UB-HKEX@EC2702A
16271,UBJDCOM@EC2703A
16272,UB-WUXI@EC2703A
16274,JP-WXAT@EP2702A
16275,JPAVICN@EC2702A
16276,CTTENCT@EC2703C
16282,CT-NIO @EC2705A
16283,HU3SBIO@EC2703A
16284,HUAVICN@EC2703A
16285,HUCLIFE@EC2702A
16287,HU-WXAT@EP2702A
16288,CICNOOC@EP2703A
16289,CI-TIME@EC2702A
16290,CI-WXAT@EP2702B
16291,SGLENOV@EC2706A
16292,SG-WXAT@EC2703A
16294,SG-WUXI@EC2704A
16295,MSGEELY@EC2702A
16296,MS-J&T @EC2707A
16299,MSLENOV@EC2702A
16300,MB-JDHI@EC2609A
16301,MSTENCT@EC2702B
16302,MSXTAPI@EC2702A
16304,MSSPDRG@EC2703B
16305,MSMONTA@EC2702A
16306,MS-HKEX@EC2709A
16307,MS-HKEX@EC2701A
16308,MBGSBIO@EC2702A
16309,HS-WUXI@EC2704A
16310,HSCSHIP@EC2701A
16311,HS-XYS @EC2702A
16312,JP-HKEX@EC2702A
16313,JPXJGST@EC2704A
16314,JPGSBIO@EC2703A
16315,SG-HKEX@EC2705A
16316,MBCHMAX@EC2708A
16317,BP-HKEX@EC2703A
16320,JPSPDRG@EC2702A
16321,BPALIBA@EC2703C
16322,UBALIBA@EC2702A
16323,UBTENCT@EP2702A
16324,CILUXSH@EP2705A
16325,MSZIJIN@EP2706A
16326,MS-CTWR@EC2706A
16327,MB-PMRB@EC2702A
16328,CT-CTWR@EC2707A
16330,CTALIBA@EC2707A
16331,HUCTIHK@EC2707A
16332,HU-MCC @EC2708A
16333,HU-BILI@EC2704A
16335,HU-CLIT@EC2704A
16340,CI-HKEX@EC2703A
16341,SGALIBA@EC2704A
16343,SGBAIDU@EC2703B
16344,HSTENCT@EC2702B
16345,HS-CTWR@EC2702A
16346,JP-GCL @EC2702A
16347,JP-CLIT@EC2702A
16348,JPLENOV@EP2702A
16350,BI-XYS @EC2609A
16352,CI-CKH @EC2706A
16353,CILENOV@EP2706A
16354,CI-ZTE @EC2702A
16356,CILENOV@EC2704A
16357,MBALUCO@EC2702A
16358,MBLENOV@EP2703A
16360,MB-KECL@EC2703A
16361,MBPOMRT@EC2702A
16362,MB-LUYE@EC2703B
16363,BPTENCT@EC2703C
16364,MB-GBHC@EC2702A
16365,HU-COVS@EC2702A
16366,HU-CUNI@EC2704A
16367,CTSNTRK@EC2704A
16368,CTLENOV@EP2704A
16369,CI-CNBM@EC2609A
16370,HSXIAMI@EC2612B
16371,SGTENCT@EC2702C
16372,CT-BILI@EC2702A
16373,SGTENCT@EC2703C
16374,SGLENOV@EP2704A
16377,CTTENCT@EC2611C
16378,HUBLOKS@EC2705A
16380,CT-GCL @EC2702A
16381,CT-TQL @EC2702A
16382,HU-SJM @EC2709A
16383,HUEVMED@EC2708A
16384,BIINBIO@EC2701A
16386,BICITSE@EC2702A
16387,BI-HKEX@EC2703A
16388,JP-CTWR@EC2702A
16389,MB-WXDC@EC2703A
16390,MBCCCCL@EC2707A
16391,MSLENOV@EP2702B
16392,SG-CHQG@EC2706A
16393,SG-BILI@EC2706A
16394,HSTENCT@EC2702C
16396,CICSHST@EC2612A
16397,HSLENOV@EC2707A
16399,HSLENOV@EP2706A
16400,UBLENOV@EP2703B
16401,HSHUAHO@EC2702B
16402,HSMTUAN@EC2702A
16403,UBLENOV@EC2703B
16404,HUMIMAX@EC2703B
16405,HU-ZAI @EC2701B
16407,HULENOV@EC2702A
16408,HU-WXAT@EC2704A
16409,HUJDCOM@EC2704A
16410,BPLENOV@EC2703A
16411,CITENCT@EC2703B
16412,CIKUASO@EC2707A
16413,CIKUASO@EC2702A
16414,CIMTUAN@EC2703A
16415,BPHUAHO@EC2702C
16416,CT-LUYE@EC2704A
16417,CTLENOV@EC2704A
16418,CT-CKH @EC2705A
16419,UBJDCOM@EC2702A
16420,CT-CKA @EC2705A
16421,CTCLIFE@EC2701A
16422,SGXIAMI@EC2702C
16423,SGHUAHO@EC2703A
16424,SGJDCOM@EC2702A
16425,CTHSTEC@EC2703A
16426,MSJDCOM@EC2703A
16427,MSHUAHO@EC2702B
16428,MSLENOV@EC2702B
16429,JPHUAHO@EC2702A
16432,JP-LUYE@EC2702A
16433,MBTIGMD@EC2706A
16434,MBLENOV@EC2703A
16436,MB-SJM @EC2710A
16437,MBAVICN@EC2609A
16438,JPLENOV@EC2703B
16441,JP-PMRB@EC2705A
16442,JP-JDL @EC2702A
16444,JP-MGMC@EC2703A
16445,JPJDCOM@EC2703A
16450,SGMTUAN@EC2703B
16451,SGMIMAX@EC2703A
16452,JPAKESO@EC2702A
16454,JPCP&CC@EC2703A
16455,HU-GCL @EC2704A
16457,HU-JXR @EC2706A
16458,HU-CHQG@EC2704A
16460,HU-CKH @EC2704A
16461,HUALIBA@EC2708A
16462,CISENTM@EP2706A
16464,JPDOBOT@EC2705A
16466,JP-CPIC@EC2702A
16467,CTLUXSH@EP2704A
16469,CTAKESO@EC2706A
16471,CTASMPT@EC2701B
16473,CT-CMBC@EC2702A
16474,GJ-NTES@EC2703A
16475,GJHUAHO@EC2703A
16476,GJ-CATL@EC2703B
16477,GJPOMRT@EC2703A
16479,GJ-SMIC@EC2703A
16480,BPTENCT@EC2703A
16481,GJ-CMOB@EC2703A
16482,GJMTUAN@EC2702B
16483,GJXPENG@EC2703A
16484,BP-ZAI @EC2703A
16485,BPJDCOM@EC2703A
16486,BILENOV@EC2702A
16487,BISMORE@EC2703A
16488,BIASMPT@EC2702A
16489,MBCGIRC@EC2702A
16490,MB-PBSL@EC2702A
16491,UB-HSI @EP2702A
16492,UB-HSI @EP2702B
16493,UBCLIFE@EC2702A
16494,SGLENOV@EC2704A
16495,SG-ZAI @EC2702B
16498,SG-HSI @EP2702B
16500,HSPETCH@EC2702A
16501,HSCSHCL@EC2702A
16502,HSSENTM@EC2704A
16503,MBMTUAN@EC2702A
16505,MBDOBOT@EC2703A
16506,MSALUCO@EC2703A
16508,MSHZROB@EC2703A
16509,MSXTAPI@EC2702B
16510,MSKINGD@EC2702A
16511,MBFITHT@EC2609A
16513,MS-CLPG@EC2706A
16515,MS-KBLH@EC2702A
16516,JPROBSN@EC2702A
16517,JP-CLPG@EC2702A
16518,CISENTM@EC2703A
16519,CI-HSI @EC2702A
16521,CI-HSI @EC2703A
16523,BPMTUAN@EC2703B
16524,BPCLIFE@EC2703A
16525,GJTENCT@EC2611D
16527,GJALIBA@EC2612D
16529,GJBAIDU@EC2703A
16530,GJCLIFE@EC2703A
16531,GJ-KBLH@EC2703A
16532,CI-HSI @EP2702A
16533,CI-HSI @EP2703A
16535,HUSNTRK@EC2708A
16536,SG-HSBC@EP2609A
16537,HU-TCL @EC2704A
16538,HUAKESO@EC2705A
16539,HU-CMBC@EC2707A
16540,BPPOMRT@EP2706A
16541,CTHUAHO@EC2612B
16542,HUMUYFG@EC2706A
16543,GJ-HSBC@EP2609A
16544,CI-KBLH@EC2610A
16545,SGPINAN@EC2704A
16546,SGXTAPI@EC2703A
16548,SGPHANC@EC2706A
16550,SGCLIFE@EC2703A
16551,HSPINAN@EC2706A
16552,HS-ZAI @EC2702A
16554,HSCLIFE@EC2702A
16555,HSKUASO@EC2702C
16556,BIBAIDU@EC2703A
16557,BIHRPHA@EC2702A
16558,BI-SMIC@EC2702C
16559,BI-SMIC@EP2703B
16560,BI-SMIC@EP2702A
16561,BIKUASO@EC2702A
16562,BIPINAN@EC2705B
16563,MB-CALB@EC2703A
16564,SG-CTWR@EC2609A
16567,JP-ACMT@EC2703A
16568,JPCLIFE@EC2702A
16569,JP-NIO @EC2704A
16570,JPGANFE@EC2703A
16571,JPWASON@EC2702A
16572,JPBAIDU@EC2702A
16573,JP-CMBC@EC2705A
16574,BPHUAHO@EC2703A
16575,BPBAIDU@EC2703A
16576,BP-SMIC@EC2703B
16577,CIXIAMI@EP2704A
16578,CI-CUNI@EC2702A
16579,CIHUAHO@EC2702B
16580,CIHSTEC@EC2703A
16581,CI-LINK@EC2707A
16582,HUBAIDU@EC2703B
16583,HUHUAHO@EC2703A
16584,HUDOBOT@EC2703A
16585,HUTENCT@EP2703A
16587,HU-ZAI @EC2702A
16588,MS-YOFC@EC2705A
16589,MSBAIDU@EC2704A
16590,MSPETCH@EC2706A
16591,MSBAIDU@EC2702A
16593,MS-WXDC@EC2703A
16594,MS-CATL@EC2702A
16595,MSSDGLD@EC2704A
16596,MS-HKEX@EP2702A
16597,CTBAIDU@EC2702A
16598,UBBAIDU@EC2703A
16599,UBCNOOC@EC2702A
16600,CTHUAHO@EC2702A
16602,JP-AAC @EP2612A
16603,GJMIMAX@EC2702A
16604,GJ-ZAI @EC2703A
16606,GJBYDEI@EC2703A
16607,GJKUASO@EC2702B
16608,HSHUAHO@EC2702C
16609,HS-SMIC@EC2703A
16610,CT-SMIC@EC2704A
16611,BIBAIDU@EC2703B
16612,BI-CNBM@EC2704A
16613,BI-CCB @EC2706A
16615,BI-HSI @EC2702A
16617,BI-HSI @EP2702A
16618,BIHUAHO@EC2703B
16619,BIHUAHO@EC2704A
16620,UB-AAC @EP2612A
16622,CT-HUAP@EC2706A
16623,CTNBTWN@EC2706A
16624,SG-VGT @EC2702B
16625,SG-CUNI@EC2705A
16626,SG-DFEC@EC2707A
16627,SG-SUNY@EC2704A
16628,BI-CNBM@EC2609A
16629,SGHUAHO@EC2703B
16630,SG-DGL @EC2704A
16631,MBBAIDU@EC2703A
16634,MBEVMED@EC2705A
16635,MB-CLP @EC2707A
16636,MB-CRL @EC2703A
16637,MB-SPA @EC2707A
16640,MBLININ@EC2705A
16641,MB-WUXI@EC2706A
16642,MB-GAC @EC2705A
16643,MB-DGL @EC2706A
16644,CT-CUNI@EC2708A
16645,CIKUASO@EC2704A
16646,CI-CSPC@EP2703A
16647,CIZJGLD@EP2704A
16648,CISPDRG@EP2704A
16649,JPZJGLD@EP2702A
16650,JPWEIMO@EC2702A
16652,JPNDPHL@EC2702A
16653,JP-CSPC@EC2703A
16654,CISPDRG@EC2703A
16655,JPKUASO@EC2702A
16656,JP-CALB@EC2702A
16657,HUKUASO@EC2706A
16658,HUKUASO@EP2703A
16659,HUGSBIO@EC2705A
16660,CIPOMRT@EC2702A
16661,CTKUASO@EC2702B
16662,CTNDPHL@EC2706A
16664,CTKSOFT@EC2702A
16666,CT-PAHT@EC2705A
16668,MBKUASO@EC2702A
16669,HS-BOCL@EC2702A
16670,HSSMORE@EC2702A
16671,HSKUASO@EC2702D
16672,MSKUASO@EC2702A
16673,UBKUASO@EC2703A
16674,UB-HSI @EC2702A
16675,MSKUASO@EC2702B
16678,MS-BOCL@EC2702A
16679,SGKUASO@EC2703A
16680,JP-WXAT@EC2702A
16681,JP-WUXI@EC2703A
16682,JPMIMAX@EC2702A
16683,JP-ZTO @EC2704A
16685,MSPINAN@EC2709A
16686,BPPOMRT@EC2703A
16687,CTPHANC@EC2704A
16689,BIXIAMI@EP2704D
16691,BIKUASO@EC2702B
16692,BIBIREN@EC2702A
16693,BI-TQL @EC2702B
16694,CIALIBA@EC2702B
16695,HSPOMRT@EC2704A
16696,CICAMBT@EC2707A
16698,CICAMBT@EC2702A
16700,CT-NTES@EP2703A
16701,HU-ZAOL@EC2706A
16703,HUSDGLD@EC2704A
16705,HUCSHIP@EC2704A
16706,HUZIJIN@EC2702A
16707,UBKINGD@EC2703A
16709,CI-BYD @EP2612A
16713,UB-SMIC@EC2703A
16714,JP-GBHC@EC2702A
16715,UBHUAHO@EC2703A
16718,UBBYDEI@EC2703A
16719,UBPOMRT@EC2703B
16720,SGALIBA@EC2703A
16721,SG-CSPC@EC2707A
16722,UB-HSI @EC2702B
16723,JPALIBA@EC2703A
16724,JP-ZAI @EP2702A
16726,UBAKESO@EC2703A
16727,BPKUASO@EC2703B
16728,BPALIBA@EC2703D
16729,BPTENCT@EC2611G
16730,BPXPENG@EC2703A
16732,CT-CRL @EC2703A
16733,CT-WPC @EC2708A
16734,JP-HSI @EC2702A
16735,JPKUASO@EC2702B
16736,JPSPDRG@EP2703A
16737,SG-CATL@EC2712A
16738,JPALIBA@EC2702D
16740,JPTENCT@EC2702A
16741,JP-CRL @EC2702A
16743,BPALIBA@EC2708A
16744,MSXIAMI@EC2702C
16746,MSALIBA@EC2702A
16747,MSALIBA@EC2702B
16748,MSALIBA@EC2612G
16749,MSALIBA@EC2702C
16750,MS-DGL @EC2703A
16753,MSHUAHO@EC2704A
16754,CTALIBA@EC2712A
16756,UBALIBA@EC2702B
16757,UBKUASO@EC2703B
16758,UBKSOFT@EC2703A
16759,HUALIBA@EC2704A
16761,HUPOMRT@EC2705A
16762,HU-HSI @EC2703A
16764,HU-HSI @EP2703A
16766,HUCRGAS@EC2712A
16767,GJ-HKEX@EP2703A
16768,SG-HSI @EC2703A
16769,SG-HKEX@EC2704A
16772,MBWEIMO@EC2609A
16773,SGALIBA@EC2706B
16775,SGTENCT@EC2702D
16777,SGHSTEC@EC2703A
16778,SGHUAHO@EC2704A
16780,JPLININ@EC2702A
16781,JPALIBA@EC2705A
16784,JPPHANC@EC2706A
16785,JP-DGL @EC2704A
16787,HSALIBA@EC2702C
16788,HSTENCT@EC2702D
16789,HS-CATL@EC2702B
16790,HSAMCS3@EC2702A
16793,HS-ICBC@EC2702A
16794,SGALIBA@EC2706C
16795,SGBAIDU@EC2704A
16796,BPMTUAN@EC2704A
16797,CIMTUAN@EC2705A
16798,CI-NIO @EC2704A
16799,BPZJGLD@EC2703A
16800,JP-HSI @EC2702B
16801,JPHUAHO@EC2703B
16802,JPMIXUE@EC2703A
16803,JPMTUAN@EC2703B
16804,CTMIMAX@EC2703A
16805,MSMTUAN@EC2703A
16806,MSMTUAN@EC2707A
16807,MB-JDHI@EC2706A
16808,MB-NIO @EC2703B
16809,MBSCHLD@EC2706A
16810,MBAMCS3@EC2704A
16811,HUMTUAN@EC2704A
16812,HUMTUAN@EP2704A
16813,HURMGEN@EC2703A
16814,HUTENCT@EC2706B
16815,UBMTUAN@EC2703A
16816,UBXPENG@EC2703A
16817,GJMTUAN@EC2703A
16818,GJALIBA@EP2702B
16819,GJ-HSI @EP2703A
16820,GJALIBA@EC2706A
16822,MBGSBIO@EC2706A
16823,JPKUASO@EP2703A
16827,JPXPENG@EC2703A
16828,BITENCT@EC2703C
16830,BIALIBA@EC2703F
16831,HU-COVS@EC2612A
16832,BIALIBA@EC2703G
16834,BI-CLIT@EC2703A
16835,HSINOSC@EC2703A
16836,HS-DFEC@EC2709A
16837,HS-ZAI @EC2703A
16838,HSMIMAX@EC2704A
16839,SGMTUAN@EC2704B
16840,SGZHJIN@EC2703A
16841,CT-ZAI @EC2702D
16843,CTCLIFE@EP2701A
16847,SGSDGLD@EC2703A
16850,SGCSHIP@EC2703A
16851,JP-HSI @EC2702C
16852,JP-HSI @EP2703A
16854,MB-CNMC@EC2704A
16856,MBBLKSM@EC2703A
16857,MB-WUXI@EP2703A
16860,MB-WXAT@EP2703A
16861,MBSPDRG@EC2704A
16862,MSSANDS@EC2706A
16863,MSKUASO@EP2703A
16864,HUCSHEN@EC2611A
16865,MS-WXAT@EC2704A
16866,MS-HSI @EP2702A
16867,MSHSTEC@EC2703A
16868,MS-HSI @EC2701D
16869,MS-HSI @EC2702B
16870,BIMTUAN@EC2704B
16871,BIMTUAN@EP2704A
16873,BIMIMAX@EC2703C
16874,SG-CTEL@EC2710A
16875,GJ-WUXI@EC2703A
16876,GJ-CSPC@EC2703A
16877,GJ-HKEX@EC2703A
16878,GJXIAMI@EC2703A
16879,HUCAMBT@EC2705A
16880,HUGXSEM@EC2708A
16881,HU-CNMC@EC2707A
16882,HU-HSI @EC2702A
16883,BI-CATL@EC2612A
16886,CT-SMIC@EP2703A
16889,UB-ICBC@EP2703A
16890,UB-CCB @EP2703A
16891,UBSPDRG@EP2703A
16892,UBZIJIN@EP2703B
16893,UB-CATL@EC2703A
16896,SGKUASO@EC2703B
16897,BPHSTEC@EC2703A
16898,CTFOPHA@EC2703A
16899,CTJIANC@EP2703A
16900,HSMTUAN@EC2703A
16901,SG-BYD @EP2612A
16902,HS-KBLH@EC2703A
16903,HSXTAPI@EC2703A
16904,HS-CATL@EC2612A
16905,HS-GIGA@EC2704A
16907,SG-NIO @EC2707A
16909,SGINBIO@EC2705A
16912,CTHUAHO@EP2612C
16913,CTZJINN@EC2701A
16914,JPJIANC@EC2702A
16915,HUZHIST@EC2612A
16916,JP-MNSO@EC2703A
16917,BPXIAMI@EC2703A
16918,BI-DGL @EC2704A
16919,BIHUAHO@EC2703C
16920,GJZJINN@EC2703A
16921,GJZJINN@EC2703B
16922,UBKUASO@EP2703B
16923,UBHSTEC@EC2703A
16924,CT-NCI @EC2703A
16925,CISMORE@EC2705A
16926,CIMONTA@EP2703A
16928,CI-GIGA@EP2703A
16929,CI-SHKP@EC2703A
16930,CTSHEIN@EC2703A
16931,BI-BYD @EP2612A
16932,MBMIMAX@EC2703A
16933,MBWASON@EC2703A
16934,MB-CSPC@EC2703A
16935,MBTCTRA@EC2706A
16936,MBSMORE@EC2703A
16937,MBFOPHA@EC2703A
16938,MBROBSN@EC2703A
16940,MB-CGSH@EC2707A
16941,MS-ICBC@EC2712A
16942,CT-XYS @EC2609A
16943,MSZJINN@EC2703A
16944,HUMIMAX@EC2703C
16945,HUSHEIN@EC2703A
16946,HUSHEIN@EC2703B
16947,HUSPDRG@EP2704A
16948,HS-DGL @EC2703A
16951,HS-HPE @EC2703A
16952,HSZJINN@EC2703A
16953,HU-CNMC@EC2609A
16954,MBSHEIN@EC2703A
16955,JPINBIO@EC2703A
16958,JP-HSI @EC2703A
16959,JPBLOKS@EC2703A
16960,JPMIMAX@EP2703A
16961,JP-MGP @EC2703A
16962,DSPOMRT@EC2704A
16963,SGSHEIN@EC2703A
16964,SGSHEIN@EC2703B
16965,SG-NCI @EC2708A
16966,GJTENCT@EC2701C
16967,GJZIJIN@EC2703A
16968,CI-CTWR@EC2706A
16970,BIPETCH@EC2707B
16972,BI-ZAI @EP2706A
16973,CT-BYD @EP2612A
16974,BIMIMAX@EP2706A
16975,BIKUASO@EP2704A
16976,HU-DGL @EC2704A
16977,HU-CATL@EP2705A
16978,CT-OOIL@EC2705A
16979,CTSMORE@EC2703A
16980,CTZJINN@EC2701B
16981,MS-CMBC@EC2705A
16982,HS-VGT @EC2704A
16983,JP-TTI @EC2703A
16984,JPHDLIH@EC2704A
16985,JP-OOIL@EC2703A
16986,CTZHIST@EC2710A
16987,CT-CMBC@EC2703A
16988,JP-ICBC@EP2703A
16989,CTZJGLD@EC2703B
16990,CTXINYI@EC2704A
16991,CT-CCB @EP2703A
16992,CT-NWD @EC2705A
16994,DS-CATL@EC2612A
16996,CT-LEAP@EC2704A
16999,BI-SHEC@EC2703A
17000,BI-AAC @EC2703A
17001,HSSPDRG@EC2703A
17002,HSKINGD@EC2703A
17003,HSZJGLD@EC2703A
17004,JPCMOLY@EC2703A
17005,JPZJGLD@EC2703A
17007,JPSPDRG@EC2703B
17008,GJ-BYD @EC2703A
17013,GJ-BYD @EC2703B
17014,GJ-HSBC@EC2703A
17015,GJMTUAN@EP2703A
17016,BPPOMRT@EC2703B
17017,HU-ICBC@EP2609A
17018,BPGEELY@EC2703A
17026,HS-BYD @EC2705A
17028,HU-CATL@EC2612A
17029,UB-CMBC@EC2705A
17030,SGCAMBT@EC2704A
17031,SGZJGLD@EC2704A
17032,MSCPAIR@EC2706A
17033,MSZJGLD@EC2706A
17034,MSLENOV@EC2705A
17037,MSCFJLG@EC2706A
17038,SG-CATL@EC2612A
17039,MS-COVS@EC2708A
17040,MB3SBIO@EC2704A
17041,CI-BOCL@EP2703A
17042,CI-CCB @EP2703A
17043,HU-BYD @EC2704A
17044,HU-BOCL@EC2707A
17045,HUBOCHK@EC2704A
17047,HU-CATL@EC2703A
17048,UB-BYD @EC2704A
17049,MSZHJIN@EC2712A
17050,SG-CATL@EC2706A
17051,SGZIJIN@EC2707A
17052,SG-BYD @EC2705A
17053,MB-GTWN@EC2707A
17054,CISHEIN@EC2703A
17055,JPBEONE@EC2705A
17056,JP-BYD @EC2703A
17057,JPXINYI@EC2703A
17058,JP-COVS@EC2703A
17060,CT-CATL@EC2612A
17062,JP-SHKP@EC2703A
17063,JPSNTRK@EC2703A
17064,JP-BILI@EC2703A
17065,JP-HSPG@EC2706A
17066,JP-CCB @EP2703A
17067,UBGEELY@EC2703A
17069,UB-BILI@EC2703A
17070,UB-CMOB@EC2703B
17071,MB-BOCL@EC2703A
17072,MB-CCB @EC2703A
17073,MB-CRL @EC2703B
17074,MBALIBA@EC2703A
17075,MB-CPIC@EC2703A
17076,CIZJINN@EP2703A
17077,GJALIBA@EC2703E
17078,MSGANFE@EC2706A
17079,MSALIBA@EC2806B
17080,MS-CRL @EC2705A
17081,JPCOOPT@EC2703A
17082,JPSDGLD@EC2703A
17083,BP-BYD @EC2704A
17085,BI-ZAI @EC2703D
17086,BISANDS@EC2703A
17087,BI-NIO @EC2703A
17088,BPMIMAX@EC2704A
17090,JPPOMRT@EP2706A
17091,CTTENCT@EC2703D
17092,CTTENCT@EC2707B
17093,CTXTAPI@EC2703A
17094,HUPETCH@EP2708A
17095,HU-ZAI @EP2702A
17096,HU-CRL @EC2704A
17097,HUHLAND@EC2705A
17099,HU-CALB@EC2703A
17100,HSSPDRG@EP2703A
17101,HS-SUNY@EC2702B
17102,MBSUNTI@EC2609A
17103,CTJDCOM@EC2703A
17104,CTCOOPT@EC2703A
17106,SG-SMIC@EC2703A
17107,SGALIBA@EC2704B
17109,BIPOMRT@EP2706A
17111,SGTENCT@EC2703D
17112,SG-HSI @EC2703B
17113,JP-CATL@EC2704B
17115,JPHLAND@EC2704A
17116,BPGANFE@EC2707A
17118,JPGEELY@EC2703A
17119,JP-TQL @EC2703A
17121,JP-CNBM@EC2609A
17122,JPCSA50@EC2703A
17124,JPFTA50@EC2703A
17125,BPLIAUT@EC2705A
17126,BI-CATL@EC2703A
17127,BIXIAMI@EC2703B
17128,HSTENCT@EC2706B
17129,HSALIBA@EC2703B
17130,HSGANFE@EC2703A
17132,SGPOMRT@EC2612A
17133,HSTENCT@EC2710A
17134,HS-HKEX@EC2703B
17135,HSGEELY@EC2703A
17136,HSZJINN@EC2703B
17137,HSSDGLD@EC2703A
17138,UB-CNBM@EC2609A
17140,HSMTUAN@EP2703A
17143,HS-SMIC@EP2703A
17144,HSTENCT@EP2703A
17145,HSHUAHO@EP2705A
17147,HSCOOPT@EC2703A
17148,HS-ZTE @EC2703A
17149,GJHUAHO@EC2704A
17150,GJ-CATL@EC2704A
17151,UBXIAMI@EC2612C
17152,HS-WPC @EC2705A
17153,BI-WUXI@EC2612A
17154,HUZJINN@EP2703A
17155,HU-LEAP@EC2706A
17156,HUXTAPI@EC2705A
17157,HU-ZAI @EC2704A
17158,HU-ZAI @EC2704B
17159,HUMIMAX@EC2704A
17160,HU-NIO @EC2704A
17161,HUSPDRG@EC2703A
17162,HUCOOPT@EC2706A
17163,JP-ZAOL@EC2704A
17164,JPGSBIO@EC2703B
17165,CT-CHQG@EC2703A
17167,CTSPDRG@EC2703A
17168,CTGANFE@EC2703A
17169,MSCLIFE@EC2703A
17172,MBGEELY@EC2703A
17173,MBYUXIU@EC2709A
17175,MB-HTSC@EC2705A
17178,MBCTGDF@EC2707A
17180,MBCRGAS@EC2705A
17185,CTCITSE@EC2706A
17186,CT-CATL@EC2710A
17188,UBZIJIN@EC2703A
17189,UBLIAUT@EC2703A
17191,UBCMOLY@EC2703A
17192,SG-WPC @EC2711A
17193,SGGANFE@EC2708A
17194,SGGEELY@EC2707A
17195,SGXPENG@EC2703A
17196,SG-CICC@EC2711A
17198,SGLIAUT@EC2705A
17200,SGXIAMI@EC2703B
17201,SG-TRIP@EC2710A
17202,SG-AGBK@EC2710A
17203,CIMTUAN@EC2703B
17204,MS-ZAI @EC2704A
17205,MSTENCT@EC2702C
17206,MS-ICBC@EC2711A
17208,UB-SBPH@EC2610A
17209,MBZJGLD@EP2703A
17210,MBCMOLY@EC2706A
17211,UBJDCOM@EC2704A
17214,UBPINAN@EP2703A
17215,UBCLIFE@EC2703A
17217,UBZJGLD@EC2703A
17218,HUGEELY@EC2703A
17221,HU-CSC @EC2708A
17222,HUTENCT@EC2702A
17223,HUTENCT@EC2703C
17224,HSPINAN@EP2703A
17225,HS-CCB @EC2703A
17228,HSCSHIP@EC2703A
17229,HS-TRIP@EC2703B
17230,HSMONTA@EC2704A
17231,HSBYDEI@EC2703A
17232,BIKINGD@EC2703A
17233,BIPOMRT@EC2703A
17234,MB-SUNY@EC2610A
17235,BIALIBA@EC2703H
17236,BIXIAMI@EP2704E
17237,BIGEELY@EC2704A
17238,CI-HSBC@EC2703B
17240,UBTENCT@EC2703C
17241,UB-HKEX@EC2703A
17242,UBGANFE@EC2703A
17243,MB-CGHL@EC2706A
17245,JPNBTWN@EC2705A
17246,GJKUASO@EC2703A
17247,GJGEELY@EC2703A
17249,JPCLIFE@EP2703A
17250,JPTENCT@EP2703A
17251,JPCSHIP@EC2703A
17252,HSHUAHO@EC2703A
17253,HS-HSI @EC2703A
17256,HSXIAMI@EC2703A
17257,HSZJSHI@EC2703A
17259,BIPOMRT@EC2612A
17260,HSUBTEC@EC2703A
17261,JPZJINN@EP2703A
17262,JP-GIGA@EP2703A
17263,BP-CMOB@EC2704A
17264,BPTENCT@EC2704B
17265,CT-CCB @EC2703A
17266,CTSDGLD@EC2703A
17267,HS-CMBC@EC2703A
17269,JPPOMRT@EC2612A
17271,HS-SMIC@EC2703B
17273,CIMUYFG@EC2703A
17274,CI-BILI@EC2703A
17275,HUXJGST@EC2705A
17277,HU-SHKP@EC2706A
17278,HUHUAHO@EC2703B
17282,HUHESAI@EC2706A
17284,SGPOMRT@EP2706A
17286,HU-HKEX@EC2704A
17287,CIKUASO@EP2704A
17288,UB-HSBC@EC2703B
17290,JPCSHCL@EC2703A
17292,CTGSBIO@EC2706A
17293,SGHUAHO@EC2705A
17294,SG-HSI @EP2703A
17295,SG-HKEX@EP2705A
17296,SG-SHKP@EP2707A
17297,SGGSBIO@EC2707A
17298,SG-HSBC@EP2704A
17299,UB-HSI @EP2703A
17300,CT-HSI @EP2703A
17302,BIJDCOM@EC2706A
17303,HUXIAMI@EC2703B
17304,HSYKENR@EC2703A
17305,HSCLIFE@EP2703A
17306,BPXIAMI@EC2704A
17307,BPBAIDU@EC2704A
17309,JP-NCI @EC2703A
17310,JP-AIA @EC2703A
17311,GJMTUAN@EC2703B
17312,SGBAIDU@EC2707A
17314,SGMIMAX@EC2704A
17315,CISPDRG@EC2705A
17316,HU-CGNM@EC2710A
17318,HUKUASO@EC2704A
17319,HU-SMIC@EC2704A
17320,MBKINGD@EC2704A
17321,MBHUAHO@EC2703A
17322,JP-WUXI@EP2703A
17324,CTGEELY@EC2612A
17325,CIASMPT@EC2704A
17328,JP-CNBM@EC2706A
17329,MB-MRES@EC2609A
17330,MB-ICBC@EC2703A
17332,MBXIAMI@EC2703A
17333,MBZJINN@EP2703A
17335,CILENOV@EC2706A
17336,BIXIAMI@EC2703C
17337,HS-CATL@EC2703A
17338,JP-ZAI @EC2703A
17339,JP-XYS @EC2703A
17340,JPMONTA@EP2703A
17342,JPZJSHI@EC2703A
17343,SG-SMIC@EC2703B
17344,SGBYDEI@EC2710A
17345,SG-ZAI @EC2703A
17347,SGCNOOC@EP2705A
17348,GJTENCT@EC2703D
17349,GJ-ZAI @EC2703B
17350,HSASMPT@EC2703A
17351,CT-HKEX@EC2701C
17352,CTCNOOC@EP2707A
17353,HS-TRIP@EC2612A
17355,CTBYDEI@EC2705A
17356,CTCPAIR@EC2611A
17357,SGBOCHK@EC2712A
17359,SG-CATL@EC2705A
17360,HUMIDEA@EC2705A
17361,HUPETCH@EC2706A
17364,HUWASON@EC2708A
17365,HSCNOOC@EP2703A
17366,MSPINAN@EC2806A
17367,BI-HSI @EC2703A
17368,JP-TRIP@EC2610A
17369,BI-HSI @EC2703B
17370,BP-ZAI @EC2704A
17372,BP-SMIC@EC2704A
17373,JPKINGD@EC2704A
17374,JPAKESO@EP2703A
17375,JP-SUNY@EC2703A
17376,JPCITBK@EC2703A
17377,CI-ZAI @EC2703A
17379,CILIAUT@EC2706A
17382,BI-ZAI @EC2706A
17383,BI-SMIC@EC2703A
17384,BI-SMIC@EC2704A
17385,BI-TRIP@EP2703A
17386,GJJDCOM@EC2703A
17387,GJXIAMI@EC2703B
17388,MB-CATL@EC2703B
17389,MB-CMBC@EC2704A
17391,MBMUYFG@EC2703A
17393,MB-SMIC@EC2704A
17394,MBCSA50@EC2704A
17395,CIKUASO@EP2612A
17396,MB-NWD @EC2705A
17399,MBHDLIH@EC2703B
17400,HU-SMIC@EC2703B
17401,HUSPDRG@EC2704A
17403,HU-SHEC@EC2704A
17404,HUBLKSM@EC2704A
17405,CT-CLIT@EC2712A
17406,MS-SBPH@EC2709A
17407,UB-AAC @EP2706A
17408,JPCAMBT@EC2703A
17409,JPCITSE@EC2704A
17410,JP-BOCL@EP2703A
17411,MBSANDS@EC2707A
17412,SGLININ@EC2711A
17413,SGKUASO@EC2708A
17414,CI-SMIC@EC2706A
17416,BI-ZAI @EC2706B
17418,BI-ZAI @EP2703B
17421,BI-BYD @EC2703A
17422,DS-SMIC@EC2704A
17423,HS-BYD @EC2703B
17424,HSMTUAN@EC2706A
17425,HSXIAMI@EC2703B
17426,HSKUASO@EP2704A
17428,HS-CSPC@EC2703A
17429,JPMIMAX@EC2703B
17432,GJ-CHQG@EC2701A
17433,JPTENCT@EC2702B
17434,GJMIMAX@EC2704A
17435,GJLENOV@EC2703A
17436,GJ-HSI @EC2703A
17437,GJ-BOCL@EC2703A
17439,UB-BOCL@EC2705A
17440,MS-TRIP@EC2610A
17443,UB-HSI @EC2703A
17444,BI-TRIP@EC2610A
17445,JPXIAMI@EC2703A
17446,CT-ZAI @EP2703B
17447,CT-XD  @EC2703A
17448,SG-BYD @EC2706A
17451,SG-CMBC@EC2703A
17452,SGTENCT@EC2703E
17454,CT-BYD @EC2703A
17455,MBALIHI@EC2704A
17456,MB-CTFJ@EC2704A
17458,MB-ZAI @EC2703A
17459,GJ-SMIC@EC2703B
17461,HU-ZAI @EC2703C
17462,HUMIMAX@EP2704A
17463,HU-XD  @EC2710A
17464,HUBAIDU@EC2705A
17465,HSKUASO@EC2705A
17466,MBCITSE@EC2704A
17467,MB-CNBM@EC2706A
17468,HS-ZAI @EC2703B
17469,BP-CCB @EC2704A
17470,BP-CSPC@EC2704A
17473,CI3SBIO@EC2612A
17475,BPALIBA@EC2704A
17476,JP-XD  @EC2703A
17477,JPSCHLD@EC2707A
17478,MS-HUAP@EC2710A
17479,UBKUASO@EP2612A
17480,BP-ICBC@EC2704A
17481,MB-ZAI @EP2703A
17482,CIAMCS3@EC2703A
17483,MB-GWMC@EC2707A
17484,BIKUASO@EP2612A
17486,MB-TQL @EC2705A
17487,SGMIMAX@EC2704B
17488,SG-GIGA@EC2705A
17489,SG-ZAI @EC2703B
17491,CTUBTEC@EC2703A
17492,CT-CRL @EC2705A
17494,CT-ZAI @EC2703A
17495,CITENCT@EC2704A
17496,CI-KBLH@EC2704B
17498,MS-KBLH@EC2704A
17499,MSKINGB@EC2703A
17500,HSPOMRT@EP2706A
17501,MSMIMAX@EP2703A
17502,MSBAIDU@EP2704A
17503,MSPINAN@EP2704A
17504,JP-ZAI @EC2703B
17506,MS-ZAI @EP2705A
17508,BP-TRIP@EC2610A
17509,BI-BYD @EC2703B
17510,BI-BYD @EP2703A
17511,BI-AIA @EP2703A
17512,BI-J&T @EC2706A
17513,BI-CTEL@EC2706A
17514,BICNOOC@EP2704A
17516,BI-AIA @EC2704A
17517,UB-SHKP@EC2706A
17518,UBTENCT@EC2702B
17519,MS-ZAI @EC2703B
17520,CTBLKSM@EC2709A
17521,CT-CATL@EC2703B
17522,CTCNOOC@EC2703A
17523,CTZJINN@EP2704A
17524,BPZIJIN@EC2706A
17525,HSCMOLY@EC2703A
17526,HS-CHQG@EC2703A
17527,HSZIJIN@EC2703A
17528,HSMIMAX@EC2703B
17530,HS-SMIC@EC2706A
17531,HS-ZAI @EP2703A
17533,MSCITBK@EC2703A
17534,HSJIANC@EC2703B
17535,HUBIREN@EC2705A
17536,HUGANFE@EC2706A
17537,HU-CATL@EC2707A
17538,HU-ZAI @EP2704A
17539,HUSCHLD@EC2705A
17540,HUPINAN@EC2704A
17541,HUZIJIN@EP2704A
17542,JP-HSI @EC2703B
17544,JPKUASO@EP2612A
17545,JP-CCB @EP2610A
17546,JPUBTEC@EC2703A
17547,HUCLIFE@EC2704A
17548,MS-TRIP@EP2705A
17549,MS-SHKP@EP2709A
17551,MSGEELY@EP2705A
17552,MS-NIO @EC2704A
17554,CIBIREN@EC2705A
17555,CI-WPC @EC2706A
17556,BI-ZAI @EC2703E
17557,BI-ICBC@EC2704B
17558,HS-KBLH@EC2703B
17560,MS-CCB @EC2703A
17561,JPBLKSM@EC2703A
17563,JPZCRRC@EC2703A
17564,CT-ZAI @EC2703B
17566,CTYKENR@EC2705A
17567,CTCGIRC@EC2707A
17568,JP-ZAI @EP2703A
17569,JP-ZAI @EC2703C
17570,HUHUAHO@EC2706A
17572,HUROBSN@EC2704A
17573,HU-NWD @EC2705A
17574,HUAMCS3@EC2706A
17577,CIPOMRT@EC2610A
17578,HUTSUGA@EC2707A
17580,JPMIMAX@EP2703B
17581,JPCSA50@EP2703A
17582,JPXTAPI@EC2703A
17583,JPSANDS@EC2703A
17584,BI-SMIC@EC2610B
17591,JPPOMRT@EC2611A
17592,JP-CCB @EC2612A
17609,CT-TRIP@EC2610A
17612,CIAVICN@EC2610A
17617,CI-SBPH@EC2611A
17641,BI-CCB @EP2610A
17659,SG-CCB @EP2610A
17693,JP-CATL@EC2612A
17695,JPPOMRT@EC2610A
17699,SG-CCB @EC2612A
17700,SGPOMRT@EC2611A
17701,BIPOMRT@EC2610A
17717,BPPOMRT@EC2610A
17724,HSPOMRT@EC2611A
17729,MBPOMRT@EC2703A
17749,JPAVICN@EC2610A
17753,MB-WHG @EC2610A
17757,HSPOMRT@EC2610A
17759,HU-CUNI@EC2609A
17777,GJPOMRT@EC2611A
17791,JP-CKH @EP2612A
17801,SG-TRIP@EC2610A
17802,SG-CNBM@EC2609A
17807,MS-CCB @EP2610A
17809,MSPOMRT@EC2610A
17814,DSPOMRT@EC2610A
17815,CTPOMRT@EC2610A
17824,HUGSBIO@EC2609A
17835,UB-CCB @EP2610A
17842,CT-CCB @EP2610A
17888,UB-TRIP@EC2610A
17992,HU-CNBM@EC2609A
17997,JP-NCI @EC2611A
18031,CTAVICN@EC2610A
18066,CIKSOFT@EC2609A
18124,GJTENCT@EP2612A
18130,HUPOMRT@EP2706A
18161,MB-NCI @EC2612A
18182,JP-AIA @EC2611A
18187,GJKUASO@EP2612A
18198,MS-BYD @EC2611A
18201,HUKSOFT@EC2609A
18207,HU-JDL @EC2611A
18212,JPKSOFT@EC2609A
18224,MSKUASO@EP2612A
18232,HUSTANC@EC2609A
18237,UB-BYD @EC2611A
18258,MS-AIA @EC2611A
18305,CT-AIA @EC2611A
18310,BI-AIA @EC2611A
18324,HS-AIA @EC2611A
18333,JP-CCB @EC2612B
18387,DS-AIA @EC2611A
18389,HS-NCI @EC2612A
18404,MS-CCB @EC2609A
18411,UB-AIA @EC2611A
18418,JPCSA50@EC2610A
18451,CTKUASO@EP2612A
18456,SGKUASO@EP2612A
18463,SG-AIA @EC2611A
18474,HSKUASO@EP2612A
18487,CIPOMRT@EC2609A
18497,HUKUASO@EP2612A
18510,MBKUASO@EC2612A
18522,MBCSA50@EC2610A
18535,MB-NIO @EC2611A
18537,HS-SZIG@EC2612A
18558,MS-NCI @EC2609A
18594,UB-NCI @EC2609A
18600,UBCSA50@EC2610A
18612,SG-CCB @EC2612B
18614,HS-CNBM@EC2612A
18640,HU-NCI @EC2612A
18650,MS-CCB @EC2612A
18671,MBALUCO@EC2609A
18682,JPALIBA@EC2806A
18683,JP-HKEX@EC2812B
18686,JP-HSI @EC2612B
18689,JPTENCT@EC2809A
18690,JP-CNBM@EC2612A
18692,JP-CCB @EC2812B
18693,JPPINAN@EC2812A
18720,MBCRPHA@EC2612A
18723,HUAVICN@EC2610A
18733,UB-CCB @EC2612A
18734,MBSHPHA@EC2610A
18743,MS-WUXI@EC2612A
18771,MBZHIST@EC2610A
18772,MB-CTWR@EC2703A
18828,JP-AIA @EP2612A
18829,JPPINAN@EP2612A
18858,MS-NCI @EC2612A
18884,SGKSOFT@EC2609A
18916,CI-SMIC@EC2610A
18932,HUALUCO@EC2609A
18934,HUCSA50@EC2610A
18941,SG-BYD @EC2611A
18956,MBESBUY@EC2703A
18961,MSKUASO@EC2612A
18975,BIXIAMI@EC2612C
18978,BI-SMIC@EC2609A
18982,BI-CNBM@EC2612A
18984,BI-AIA @EP2611A
18996,UB-HSI @EC2612B
19002,CT-CCB @EC2612A
19004,CT-BYD @EC2611A
19015,MBBUDWS@EC2610A
19019,CI-SBPH@EC2610A
19032,UBKSOFT@EC2609A
19093,CI-SMIC@EC2609A
19120,MSKSOFT@EC2609A
19133,HUESBUY@EC2610A
19144,HS-SMIC@EC2610A
19148,CITENCT@EC2611A
19167,HU-LUYE@EC2610A
19169,HU-SF  @EC2612A
19176,HUCTIHK@EC2611A
19213,MS-TTI @EC2610A
19225,MBCTIHK@EC2610A
19228,MB-LUYE@EC2703A
19230,JP-SMIC@EC2609B
19233,JPCITBK@EC2609A
19249,BIALUCO@EC2609A
19264,HS-SMIC@EC2609A
19275,CT-TTI @EC2610A
19289,MBSPDRG@EC2701A
19292,UB-TTI @EC2610A
19296,UBKUASO@EC2612A
19312,BIHUAHO@EC2611A
19317,HSBYDEI@EC2609A
19325,MBGANFE@EC2612A
19340,CI-TMEG@EC2609A
19343,BI-SMIC@EC2609B
19350,UB-SMIC@EC2609A
19351,UB-AIA @EP2611A
19360,UBPINAN@EP2612A
19376,MB-CLIT@EC2611A
19389,HS-AIA @EP2611A
19397,BIPINAN@EP2612A
19404,DSSPDRG@EC2701A
19411,HS-SMIC@EP2610A
19418,CTPINAN@EP2612A
19423,BICLIFE@EC2609A
19435,SG-SMIC@EC2609A
19450,BIGANFE@EC2611A
19453,MB-JDHI@EC2609B
19464,HSPINAN@EP2612A
19466,HSGANFE@EC2611A
19479,MS-CNBM@EC2612A
19481,DSTENCT@EC2708A
19499,HU-SMIC@EC2609A
19521,MSTENCT@EC2806A
19522,MSPINAN@EC2810A
19562,UB-SMIC@EC2610A
19565,MS-ZTE @EC2610A
19570,MBCLIFE@EC2609A
19572,BI-CCB @EC2612A
19573,BI-SMIC@EP2609B
19574,JPGANFE@EC2611A
19596,HS-ZTE @EC2611A
19620,BITENCT@EC2708A
19622,MSPOMRT@EP2706A
19630,MB-CNBM@EC2610A
19653,CI-CLIT@EC2610A
19679,BIAVICN@EC2610A
19719,CIPOMRT@EP2706A
19720,CI-CCB @EP2610A
19731,HSKSOFT@EC2609A
19737,UB-SMIC@EP2609B
19740,MBCRAIL@EC2609A
19754,HSCLIFE@EC2609A
19764,GJ-SMIC@EP2609A
19789,HS-NIO @EP2609A
19794,SG-SMIC@EP2609B
19800,BP-SMIC@EP2609A
19812,HU-CLIT@EC2610A
19823,BI-SMIC@EC2612A
19835,SGGANFE@EC2611A
19838,CT-SMIC@EC2609A
19851,CI-SMIC@EP2609B
19871,MB-CLIT@EC2612A
19893,CI-SMIC@EC2609B
19932,HSCSA50@EC2610A
19935,CI-TRIP@EP2612A
19943,SG-HSI @EC2612B
19947,SGPETCH@EC2610A
19955,MSLENOV@EC2712A
19959,BIMTUAN@EP2609A
19975,HUHAESH@EC2609A
19976,HU-CNBM@EC2609B
19977,HUJIANC@EC2609A
19982,MB-SF  @EC2612A
19984,JP-CLIT@EC2610A
20005,BI-CLIT@EC2610A
20007,BI-BYD @EC2609A
20016,BIHUAHO@EP2609A
20026,HUBYDEI@EC2609A
20041,MB-SMIC@EC2611A
20048,CT-HSI @EC2612A
20108,BI-HSI @EC2612B
20120,JPMTUAN@EC2712A
20146,MBCP&CC@EC2610A
20163,MB-SBPH@EP2610A
20170,CINFSPR@EC2704A
20220,UB-TRIP@EP2612A
20291,CI-SMIC@EC2610B
20342,CI-PAHT@EC2712A
20368,MBSPDRG@EP2612A
20391,HUGANFE@EC2611A
20421,MB-MIXC@EC2702A
20430,MBEBENV@EC2703A
20446,CTGANFE@EC2610A
20448,CT-AIA @EP2611A
20470,HUPOMRT@EC2610A
20471,HU-SMIC@EC2610A
20501,CI-XYS @EC2612A
20502,CI-CLPG@EC2609A
20554,CISPDRG@EC2609A
20569,HS-SMIC@EC2610B
20581,BI-SMIC@EC2610A
20601,MSTENCT@EC2707A
20604,MSCP&CC@EC2609A
20606,MSPETCH@EC2609A
20615,JPPOMRT@EC2610B
20631,CI-CATL@EP2712A
20635,HSPOMRT@EC2706A
20640,SGPOMRT@EC2610A
20643,SG-CNBM@EC2609B
20694,HS-TRIP@EP2612A
20701,CI-MRES@EC2709A
20747,MBSENTM@EC2612A
20748,MBBYDEI@EC2609A
20782,CISDGLD@EC2712A
20803,SGSENTM@EC2612A
20812,BISENTM@EC2612A
20814,BI-CATL@EP2712A
20819,HUSENTM@EC2612A
20837,MSPOMRT@EC2610B
20848,MS-CCB @EC2612B
20850,BP-CATL@EP2712A
20853,CIHUAHO@EP2609A
20856,CIALIBA@EC2611A
20859,CIHUAHO@EC2610A
20862,CIJDCOM@EC2610A
20872,HSCNOOC@EC2612A
20875,HSSENTM@EC2612A
20882,JP-CLPG@EC2609A
20918,BIHUAHO@EC2610A
20920,CI-AIA @EP2611A
20922,CI-AIA @EC2611A
20923,CI-CCB @EC2612A
20933,SG-CATL@EP2712A
20935,UB-CCB @EC2612B
20943,HSLENOV@EC2609A
20949,JPHUAHO@EP2609A
20952,JP-CNBM@EC2609B
20953,JPSENTM@EC2612A
20961,MSSENTM@EC2612A
20978,CIKUASO@EC2611A
20982,JPTENCT@EC2703A
20986,CT-CCB @EC2612B
20992,HS-HSI @EC2612B
21001,CIPETCH@EC2609A
21008,GJALIBA@EC2611A
21019,MSGANFE@EC2610A
21023,HSALIBA@EC2611A
21032,JPJDCOM@EC2610A
21040,SGJDCOM@EC2610A
21051,MSSPDRG@EC2609A
21057,MSXIAMI@EC2609A
21058,CIMIXUE@EC2611A
21063,BP-HSI @EC2612A
21065,BPPETCH@EC2609A
21073,BPJDCOM@EC2610A
21079,HS-AAC @EP2609A
21088,UBJDCOM@EC2610A
21094,SGCCCCL@EC2609A
21095,BIJDCOM@EC2610A
21098,BIPETCH@EC2609A
21114,DSSPDRG@EC2609A
21117,UBSPDRG@EC2609A
21124,CIXIAMI@EP2611A
21125,HSGANFE@EC2612A
21136,CTSENTM@EC2612A
21147,MSALIBA@EC2609A
21148,MSHUAHO@EC2609A
21201,MSCSA50@EC2610A
21235,CTJDCOM@EC2609A
21254,HUKUASO@EC2610A
21263,UBXIAMI@EC2609A
21294,CIPINAN@EP2612A
21323,BIPOMRT@EC2610B
21352,UBSENTM@EC2612A
21360,BPPINAN@EC2810A
21367,HSSPDRG@EC2609A
21374,CTHUAHO@EP2609A
21383,CIHUAHO@EP2612A
21386,MB-PWRA@EC2610A
21387,MB-CMER@EC2612A
21390,MB-COSL@EC2612A
21433,HUKUASO@EC2609A
21434,HUGANFE@EC2609A
21447,BIGANFE@EC2609A
21452,BISPDRG@EC2609A
21453,BIJDCOM@EC2609A
21461,BP-AIA @EC2611A
21466,BPSPDRG@EC2609A
21475,CIMTUAN@EP2609A
21476,CI-BEKE@EC2610A
21484,CIKUASO@EP2611A
21485,CIXIAMI@EP2612A
21488,CIKUASO@EC2610A
21494,CI-AAC @EP2609A
21496,CI-SMIC@EP2702A
21498,CICNOOC@EC2611A
21502,DSPOMRT@EC2706A
21510,BIXIAMI@EP2612A
21524,MSNFSPR@EC2703A
21541,HU-BYD @EC2609A
21542,HUHEGAN@EC2612A
21549,MSJDCOM@EC2609A
21558,CIGANFE@EC2612A
21570,BPKUASO@EC2610A
21584,MSHUAHO@EP2612A
21588,BI-BYD @EC2609B
21598,MB-SHEC@EC2610A
21602,CT-CNBM@EC2609C
21615,JPJDCOM@EC2609A
21627,BIALIBA@EC2611A
21628,BIALIBA@EC2609A
21641,HUCITBK@EC2609A
21642,MB-ZTE @EC2612A
21644,CICLIFE@EC2609A
21655,DSSENTM@EC2701A
21665,MSTENCT@EC2703A
21670,MS-GBHC@EC2609A
21674,BICLIFE@EC2609B
21675,BICLIFE@EP2609A
21676,BI-BYD @EC2610A
21683,SGPOMRT@EC2610B
21684,SGCNOOC@EC2611A
21685,SGPOMRT@EC2609A
21689,BPPOMRT@EP2609A
21695,BI-ZTE @EC2612B
21699,BI-SBPH@EC2610A
21705,HU-GTWN@EC2610A
21708,HU-MTRC@EC2612A
21709,HUGEELY@EC2612A
21718,HU-SGC @EC2611A
21719,HU-CPIC@EC2609A
21727,BI-MTRC@EC2609A
21728,BIXIAMI@EC2612D
21749,HU-NIO @EP2609A
21750,HU-NIO @EC2610A
21758,HUJDCOM@EC2610A
21760,HU-PWRA@EC2612A
21765,CT-SBPH@EC2610A
21769,MB-JDL @EC2610A
21785,SG-SBPH@EC2610A
21791,HS-CNBM@EC2609A
21792,MBHAESH@EC2611A
21796,CTPOMRT@EC2609A
21815,DSPOMRT@EC2609A
21823,MSXIAMI@EP2610A
21830,UB-BYD @EC2609A
21837,HUPOMRT@EP2612A
21843,HU-AIA @EP2609A
21844,HUXINYI@EC2611A
21847,CIPOMRT@EC2611A
21856,SGPOMRT@EC2703A
21857,SGPOMRT@EC2706A
21869,BIPOMRT@EC2706A
21870,BIHUAHO@EC2609A
21875,HU-CCB @EP2612A
21878,HU-ZAOL@EP2612A
21879,HU-CLP @EC2612A
21880,HU-WHG @EC2610A
21881,JPPOMRT@EC2706A
21887,CTXIAMI@EC2612C
21892,MB-WYNN@EC2612A
21897,JPXIAMI@EC2612D
21903,BIALUCO@EC2609B
21909,SGXIAMI@EC2612B
21912,SG-AIA @EP2611A
21913,SGPINAN@EP2612A
21915,SG-ZTE @EC2612A
21916,SG-CATL@EC2609A
21919,CILIAUT@EC2612A
21923,CIXIAMI@EC2612A
21929,BPJIANC@EC2705A
21930,BPPOMRT@EC2706A
21934,UBXIAMI@EC2612D
21939,GJXIAMI@EC2612B
21941,BIJIANC@EC2705A
21954,CIASMPT@EC2611A
21960,SG-CRCC@EC2609A
21972,BP-AIA @EP2611A
21976,HU-PICC@EC2612A
21993,BI-CRCC@EC2609A
22004,HU-WYNN@EC2612A
22005,HUCKINF@EC2610A
22009,CI-ZTE @EC2611A
22010,CIMTUAN@EP2612A
22023,BP-ZTE @EC2612A
22034,GJ-AIA @EP2611A
22046,SGLIAUT@EC2612A
22056,CIXTAPI@EC2610A
22058,CI-ZGHL@EC2611A
22059,CIANTAS@EC2612A
22060,CI-MGP @EC2610A
22063,CI-BYD @EC2609A
22066,HSLIAUT@EC2612A
22085,BIANTAS@EC2611A
22090,MB-MGP @EC2610A
22091,MBCNOOC@EC2612A
22098,BPLIAUT@EC2612A
22112,JPLIAUT@EC2612A
22116,CIPETCH@EP2612A
22119,CICNOOC@EP2612A
22137,UBLIAUT@EC2612A
22149,CT-ICBC@EP2609A
22162,JP-GBHC@EC2611A
22185,SGXIAMI@EC2612C
22186,SGKUASO@EC2612A
22199,HULIAUT@EC2612A
22202,HUANTAS@EC2612A
22206,JP-LEAP@EC2609A
22221,BI-LEAP@EC2609A
22228,HU-CMSC@EC2610A
22229,HU-MIXC@EC2702A
22230,HUCPAIR@EP2610A
22231,HUPHANC@EC2610A
22235,KS-HKEX@EC2808A
22254,KS-CMOB@EC2808A
22277,CTKUASO@EC2612A
22287,HU-MGP @EC2610A
22292,JPKUASO@EC2612A
22302,HU-ZTO @EC2612A
22303,HUASMPT@EC2609A
22306,SGCNOOC@EP2612A
22309,SG-SHEC@EC2610A
22313,SGKUASO@EC2610A
22322,BI-BYD @EP2611A
22324,BICNOOC@EP2612A
22326,BIKUASO@EC2612A
22327,BIKUASO@EC2610A
22331,HU-OOIL@EC2612A
22332,HU-ZJEW@EC2612A
22335,HUKUASO@EC2612A
22336,HUGANFE@EC2612A
22344,CTCNOOC@EP2612A
22346,SGSDGLD@EC2712A
22348,HSCNOOC@EP2612A
22349,BPANTAS@EC2612A
22350,BPKUASO@EC2612A
22354,BPGJINT@EC2610A
22357,MB-SFMG@EC2610A
22359,MBZJSHI@EC2610A
22360,MB-JELE@EC2610A
22364,MBCSAIR@EC2612A
22385,BI-AIA @EP2612A
22387,BI-AIA @EC2612A
22388,UBKUASO@EC2610A
22395,SG-XYS @EC2612A
22396,SGCP&CC@EC2609A
22398,HUHZROB@EC2609A
22400,HUYKENR@EC2612A
22401,HUCTGDF@EC2610A
22402,HUSTANC@EC2611A
22403,HU-WUXI@EC2611A
22405,HUCSOFT@EC2612A
22424,CI-CGNM@EC2612A
22440,HU-SPA @EC2610A
22441,HU-PSBC@EC2612A
22444,HU-GBHC@EC2611A
22448,JP-XYS @EC2612A
22453,BPCP&CC@EC2609A
22464,CICOOPT@EC2611A
22469,MB-CLP @EC2609A
22471,HS-CATL@EP2712A
22476,HUZJSHI@EC2610A
22477,HU-JELE@EC2610A
22480,HU-CKA @EC2612A
22482,HU-XD  @EC2610A
22483,HU-HSBC@EC2609A
22484,HUSPDRG@EC2611A
22487,DSKUASO@EC2612A
22496,UB-XYS @EC2612A
22497,UBCP&CC@EC2609A
22501,CIALIBA@EP2609A
22503,CIZJSHI@EC2610A
22504,CIHRPHA@EC2610A
22512,HS-LEAP@EC2609A
22521,BI-AIA @EC2612B
22531,HU-SFMG@EC2610A
22538,UB-CNBM@EC2609B
22539,CIBAIDU@EC2703A
22542,SG-AIA @EC2612A
22546,CIGEELY@EC2611A
22550,CT-TRIP@EP2612A
22557,UBCNOOC@EP2612A
22574,GJ-WUXI@EC2611A
22575,HUCSAIR@EC2612A
22583,SG-WUXI@EC2611A
22589,MBLENOV@EC2609A
22590,CI-TRIP@EC2612A
22593,CTLIAUT@EC2612A
22595,JP-MTRC@EC2610A
22608,MB-BOCL@EC2610A
22609,MB-COVS@EC2611A
22616,HU-KECL@EC2611A
22617,HU-CMER@EC2612A
22626,BIGEELY@EC2611A
22627,BIALIBA@EP2609A
22628,KSMTUAN@EC2812A
22629,KSTENCT@EC2808A
22630,BI-HSBC@EC2609B
22635,CTGANFE@EC2612A
22643,MS-PWRA@EC2609A
22656,CIGANFE@EC2609A
22658,BPCNOOC@EP2610A
22659,KSALIBA@EC2812A
22660,KS-HSBC@EC2812A
22672,SGALIBA@EC2611A
22674,MB-CGNM@EC2612A
22677,MBNOEDU@EC2701A
22682,MB-PSBC@EC2609A
22683,MBGJINT@EC2609A
22688,HUTENCT@EC2703A
22689,HU-HKEX@EC2706A
22694,HUXIAMI@EC2612A
22695,CTPETCH@EP2612A
22714,BI-WUXI@EC2611A
22716,MS-CLP @EC2610A
22719,JPPETCH@EP2612A
22720,JPANTAS@EC2611A
22722,JP-WUXI@EC2611A
22728,BP-BYD @EC2609A
22741,MB-CRRC@EC2611A
22744,DS-TRIP@EC2612A
22747,MB-TTI @EC2610A
22753,HUMEITU@EP2609A
22757,UBPETCH@EP2612A
22760,UB-WUXI@EC2611A
22761,UBANTAS@EC2611A
22772,CIHRPHA@EC2609A
22776,BPALIBA@EC2611A
22777,MS-CATL@EC2612A
22779,MS-HKTT@EC2609A
22781,MS-MTRC@EC2610A
22791,HSXIAMI@EC2612C
22795,BIXIAMI@EC2712A
22806,DS-HKEX@EC2706A
22817,GJ-HSBC@EC2609A
22825,BIXIAMI@EP2610A
22830,MSGANFE@EC2612A
22835,JPGANFE@EC2612A
22839,JP-AIA @EC2612A
22844,UBALIBA@EC2611A
22851,JP-DGL @EC2609A
22856,CILENOV@EC2610A
22863,CI-XYS @EC2609A
22865,HUCRPOW@EC2612A
22866,HUBUDWS@EC2610A
22867,HUWREIC@EC2611A
22869,HU-LINK@EC2610A
22872,HU-GCL @EC2610A
22878,SGGANFE@EC2612A
22884,SG-ZTE @EC2610A
22887,CT-WUXI@EC2611A
22894,CTCNOOC@EC2612A
22905,UB-AIA @EC2612A
22906,MB-MNSO@EC2704A
22909,BPGANFE@EC2612A
22919,HS-WUXI@EC2611A
22922,HSGANFE@EC2612B
22927,HUNOEDU@EC2701A
22928,HULFGHL@EC2610A
22946,BI-CATL@EC2612B
22949,DSGANFE@EC2612A
22955,HU-ENN @EC2701A
22956,HU-COSL@EC2612A
22960,HUHUAHO@EP2612A
22965,CICSHST@EP2612A
22968,BPCSA50@EC2610A
22975,HS-AIA @EC2612A
22987,BINFSPR@EC2704A
23001,UBMTUAN@EP2612A
23006,BPMTUAN@EP2610A
23020,HU-TTI @EC2609A
23023,HUNDPHL@EC2611A
23038,MBVANKE@EC2612A
23045,CT-COVS@EC2611A
23050,MS-DGL @EC2609A
23053,HUCOOPT@EC2612A
23054,HUMTUAN@EP2609A
23055,HU-BYD @EC2610A
23067,SG-BYD @EC2609A
23081,MBKSCLD@EC2610A
23088,SG-CUNI@EC2609A
23095,HUCRPHA@EC2612A
23096,HUSUNTI@EC2609A
23098,HU-TRIP@EC2610A
23112,CIMTUAN@EC2610A
23133,HU-CGHL@EC2612A
23142,JPALIBA@EC2611A
23154,CI-YOFC@EC2609A
23161,BI-CPIC@EC2609A
23163,BI-GWMC@EC2609A
23170,CT-ZTE @EC2611A
23172,HUEBENV@EC2703A
23173,HUGDINV@EC2612A
23174,HU-SANY@EC2612A
23181,JPZJSHI@EC2610A
23185,MBCOOPT@EC2609A
23198,BI-MNSO@EC2704A
23221,HU-CGNM@EC2612A
23222,HUSHPHA@EC2610A
23226,HUCSHIP@EP2610A
23227,HUHDLIH@EP2611A
23228,HS-BYD @EC2609A
23238,SG-GWMC@EC2609A
23239,SGMTUAN@EC2610A
23245,DSTRAHK@EC2609A
23246,DSSDGLD@EC2712A
23252,BI-ZTO @EC2610A
23256,BI-CRRC@EC2611A
23269,HU-CRCC@EC2609A
23270,HUFOSUN@EC2612A
23272,HUXPENG@EP2612A
23275,HU-MNSO@EC2704A
23276,JPCP&CC@EC2609A
23278,MBMTUAN@EC2701A
23281,MBPINAN@EP2609A
23282,MBPINAN@EC2609A
23285,MB-SGC @EC2609A
23287,MBCEAIR@EC2706A
23291,SGANTAS@EC2611A
23297,MB-BYD @EC2612A
23298,BI-BEKE@EC2612A
23300,BI-WPC @EC2611A
23308,BPPINAN@EP2612A
23310,MSCSOFT@EC2612A
23314,MS-CGHL@EC2609A
23319,HS-CCB @EC2612A
23320,HSCP&CC@EC2609A
23324,HU-SDWG@EC2703A
23325,HUESBUY@EC2702A
23326,HUCCCCL@EC2611A
23329,HU-XTEP@EC2703A
23332,HUNBTWN@EC2701A
23356,MS-LEAP@EC2612A
23359,MB-XTEP@EC2702A
23365,MSFEIHE@EC2612A
23367,HS-HKEX@EC2706A
23403,HURMGEN@EC2610A
23404,SGPOMRT@EC2704A
23425,MB-NWD @EC2612A
23427,BIMTUAN@EC2611A
23429,BIHUAHO@EP2612A
23430,BI-HKEX@EC2706A
23445,JP-HKEX@EC2706A
23447,JPPICCG@EC2612A
23448,JPCEAIR@EC2612A
23449,JPCSAIR@EC2611A
23453,HSZJSHI@EC2610A
23461,CI-GBHC@EC2610A
23465,SGKUASO@EC2612B
23474,HU-CGNP@EC2612A
23488,CIPETCH@EC2707A
23501,MB-CGNP@EC2609A
23510,HU-BSD @EC2611A
23515,HU-BEKE@EC2612A
23516,HUSMORE@EC2610A
23533,SGCSHEN@EC2611A
23541,JPCPAIR@EP2609A
23551,MB-ENN @EC2612A
23554,CT-AIA @EC2612A
23559,MB-MNIU@EC2609B
23560,MBXINYI@EC2610A
23569,SG-XYS @EC2609A
23571,SG-GCL @EC2610A
23572,SG3SBIO@EC2612A
23573,SG-CRRC@EC2611A
23581,JPFTA50@EC2611A
23582,JPLENOV@EC2610A
23589,JPCSA50@EP2611A
23592,HU-PAHT@EC2611A
23593,HUMIXUE@EC2611A
23594,HUBOCHK@EC2609A
23604,BI-SMIC@EC2611A
23607,GJ-AIA @EC2612A
23610,GJ-BYD @EC2609A
23613,HULENOV@EC2610A
23628,MS-CLIT@EC2610A
23640,UBLENOV@EC2610A
23650,CI-SHEC@EC2702A
23656,HSPETCH@EC2707A
23659,HS-PICC@EC2612A
23675,MBALIBA@EC2609A
23676,MBTRAHK@EC2701A
23678,MB-SBPH@EC2611A
23679,MBXPENG@EC2609A
23686,BITENCT@EC2707A
23689,BILIAUT@EC2612A
23690,BIHUAHO@EP2609B
23692,BIPETCH@EC2707A
23693,BI-CGNP@EC2609A
23695,BILENOV@EC2610A
23699,BI-SMIC@EP2609C
23703,MSZJSHI@EC2610A
23711,UBFTA50@EC2611A
23715,CTHSTEC@EP2609A
23721,HSTENCT@EC2806A
23724,HUTINGY@EC2703A
23725,HUTIGMD@EC2705A
23726,HU-SKBB@EC2701A
23735,CIKSCLD@EC2610A
23738,HUMEDBT@EC2609A
23743,JPPETCH@EC2707A
23746,SGJDCOM@EC2609A
23748,MS-ZTO @EC2609A
23752,MS-ICBC@EP2609A
23754,MBANTAS@EC2611A
23769,MBTINGY@EC2701A
23785,HU-WXDC@EC2612A
23786,HU-HWLD@EC2612A
23787,HU-UPCH@EC2706A
23788,HU-DATP@EC2705A
23789,HU-BJEW@EC2701A
23790,MBGDINV@EC2703A
23793,CITENCT@EC2703A
23795,CI-CTWR@EC2703A
23798,BI-HSI @EC2609A
23807,MB-BSD @EC2611A
23808,MBTIGMD@EC2612A
23816,BI-BYD @EC2609C
23817,HUAIRCN@EC2701A
23825,HUCINDA@EC2701A
23826,HUEVMED@EC2703A
23828,MBDTRNP@EC2609A
23829,JP-HSBC@EP2609A
23840,SG-SHEC@EC2702A
23842,SGCTGDF@EC2609A
23843,BIALIBA@EC2609B
23854,HUBSSCG@EC2611A
23855,HUKEYMB@EC2702A
23869,JP-SHEC@EC2702A
23878,CTALUCO@EP2609A
23881,CI-MGMC@EC2611A
23885,HSANTAS@EC2611A
23894,BP-AIA @EC2612A
23905,MB-CSPC@EC2609A
23908,JPSTANC@EC2610A
23916,GJTENCT@EC2703A
23923,UB-HSBC@EP2609B
23925,SG-HSBC@EP2609B
23929,CICSOFT@EC2611A
23931,CI-PAHT@EC2611A
23932,CILININ@EC2609A
23933,CILIAUT@EC2609A
23938,BP-WUXI@EC2611A
23945,MBCINDA@EC2612A
23946,MBSPDRG@EP2701A
23947,MB-CGHL@EC2612A
23961,BP-HKEX@EC2706A
23975,CT3SBIO@EC2612A
23976,CT-HSBC@EP2609B
23984,MB-ZAOL@EC2609A
23989,DS-HSBC@EP2609A
23991,MB-MGMC@EC2611A
23994,BI-SMIC@EC2611B
23995,BI-BYD @EP2702A
23998,BIXIAMI@EC2609B
23999,BIANTAS@EC2612A
24000,BIMTUAN@EC2612A
24003,BI-NTES@EC2610A
24004,BI3SBIO@EC2612A
24011,BP-HSBC@EP2609A
24027,SGPETCH@EP2612A
24030,CT-MGMC@EC2611A
24042,UB-MGMC@EC2611A
24044,MBXIAMI@EC2610A
24045,MB3SBIO@EC2612A
24062,BI-HSBC@EP2609A
24063,BIPETCH@EP2612A
24064,BI-COVS@EC2612A
24066,BI-SGC @EC2609A
24074,BITENCT@EC2809A
24075,BITENCT@EC2806A
24077,BILIAUT@EC2609A
24078,CTCSOFT@EC2612A
24079,CTMIXUE@EC2611A
24083,CTANTAS@EC2611A
24089,JP-HSBC@EC2610A
24097,DS-BYD @EC2610A
24098,JPALUCO@EP2609A
24101,CTLENOV@EC2610A
24108,CT-CGNP@EC2609A
24110,MSANTAS@EC2611A
24114,BISDGLD@EC2712A
24121,CIMTUAN@EC2612A
24122,CI-MRES@EC2612A
24124,CI-HKEX@EC2609A
24142,GJ-HSBC@EP2609B
24156,CIKUASO@EP2609A
24157,CI-SFMG@EC2609A
24165,SGPETCH@EC2707A
24168,SGZJSHI@EC2609A
24191,MBCLIFE@EC2612A
24196,GJLENOV@EC2610A
24198,JP-ENN @EC2612A
24202,DSXIAMI@EC2612A
24208,UB-HSBC@EC2609B
24213,BP-BYD @EC2610A
24215,HS-CHQG@EC2609A
24219,HS-AIA @EP2612A
24221,JPPINAN@EP2705A
24222,SGHSTEC@EP2609A
24225,CILIAUT@EP2609A
24228,CI-BYD @EP2611A
24241,JP-BYD @EC2610A
24243,MS-HSBC@EC2609B
24254,CICLIFE@EP2609A
24255,CIPINAN@EC2612A
24256,CIAIRCN@EC2609A
24257,CI-AIA @EP2612A
24258,BI-SMIC@EC2611C
24259,BI-SMIC@EP2611A
24263,BILIAUT@EP2610A
24265,BILENOV@EC2712A
24268,CTKSCLD@EC2610A
24270,CTHUAHO@EP2612A
24272,CTTENCT@EC2703A
24281,BPLENOV@EC2610A
24285,HSHUAHO@EP2612A
24295,HU-CSPC@EC2609A
24296,HU-TMEG@EC2610A
24299,HU-CLIT@EC2610B
24302,SGLENOV@EC2610A
24306,SG-MGMC@EC2609A
24307,JPHUAHO@EP2612A
24308,HSLENOV@EC2610A
24316,GJMTUAN@EC2612A
24318,DS-AIA @EC2612A
24319,BI-SMIC@EC2610C
24320,BI-BYD @EC2611A
24323,BIXIAMI@EC2611A
24325,BIXPENG@EC2609A
24331,BIZJSHI@EC2609A
24340,HUALIBA@EC2609A
24341,HU-HKEX@EC2609A
24342,HUCSOFT@EC2611A
24346,HU-SFMG@EC2609A
24359,MS-ZGHL@EC2611A
24360,MS-MGMC@EC2611A
24372,UB-AIA @EP2612A
24375,CTZJSHI@EC2609A
24377,CT-HSI @EC2701A
24384,HS-BYD @EC2610A
24385,CI-AIA @EC2704A
24386,CILENOV@EC2609A
24387,CIMTUAN@EC2707A
24388,CIALIBA@EC2609B
24389,CISANDS@EC2609A
24390,CIZJSHI@EC2609A
24391,CI-HSBC@EC2610A
24394,JP-YOFC@EC2610A
24405,BI-HSBC@EC2609C
24408,BI-HKEX@EC2609A
24409,BI-HSBC@EC2610A
24413,BI-CMOB@EC2609A
24418,MSMTUAN@EC2610A
24421,BIZJGLD@EC2612A
24422,DSZJGLD@EC2610A
24430,HUFOPHA@EC2610A
24443,HS-YOFC@EC2611A
24453,SGMTUAN@EC2712A
24458,CIHZROB@EC2611A
24463,JP-CMSC@EC2610A
24469,JP-CATL@EP2712A
24472,JPCEAIR@EC2611A
24478,BIPINAN@EC2612A
24479,BI-HSBC@EC2609D
24481,MBMEITU@EC2701A
24484,JPNFSPR@EC2703A
24485,JPBOCOM@EC2609A
24488,JP-SGC @EC2609A
24489,JPPINAN@EC2612A
24490,JPMTUAN@EP2609B
24492,JP-ZGHL@EC2611A
24499,MS-SHKP@EP2612A
24503,MSHSTEC@EP2609A
24507,CTPINAN@EC2612A
24509,SGPINAN@EC2612A
24511,SGMTUAN@EP2609A
24514,SG-HSBC@EC2609B
24515,SGAVICN@EC2610A
24522,JPCINDA@EC2611A
24524,CIGEELY@EC2609A
24525,CI-CLPG@EC2612A
24527,BPTENCT@EC2611A
24528,BPTENCT@EC2612A
24531,BPXIAMI@EC2610A
24534,BP-SMIC@EC2610A
24535,BP-SMIC@EC2610B
24536,BPKUASO@EC2610B
24538,BPMTUAN@EC2612A
24540,BP-HSBC@EC2609B
24541,BPMTUAN@EP2612A
24543,BPALIBA@EP2609A
24545,BPMTUAN@EP2609B
24546,JP-WYNN@EC2612A
24547,HUCSHIP@EC2609A
24548,HUMTUAN@EC2612A
24549,HUKUASO@EC2612B
24557,HSCNOOC@EC2611A
24558,HSPINAN@EP2704A
24563,DSALIBA@EC2611A
24565,GJ-HSBC@EC2610A
24566,GJ-HKEX@EC2609A
24569,MBXPENG@EP2609A
24572,MBGANFE@EC2611A
24576,MS-ZAOL@EP2612A
24583,SG-AIA @EP2612A
24585,JPKUASO@EC2610A
24589,JPCRPHA@EC2611A
24593,UBALIBA@EP2609A
24595,UBMTUAN@EP2609C
24599,HSKUASO@EC2610A
24600,HSHSTEC@EP2609A
24605,HSALIBA@EP2609A
24610,HUALIBA@EP2609A
24614,BPHZROB@EC2611A
24617,BP-BYD @EP2611A
24619,CIALUCO@EC2611A
24635,MBALIHI@EP2701A
24639,MB-CSPC@EC2609B
24647,UB-BYD @EC2610A
24648,UB-BYD @EP2611A
24649,CT-NIO @EC2611A
24656,SGALIBA@EP2609A
24657,SGSANDS@EC2609A
24659,CIHUAHO@EP2611A
24671,HSNFSPR@EC2704A
24679,JP-AIA @EP2612B
24681,JPHSTEC@EP2609A
24684,JPMOBVI@EC2712A
24685,JP-WHG @EC2612A
24686,JPMIXUE@EC2611A
24688,JP-MGMC@EC2611A
24691,JPCSA50@EC2611A
24693,JP-XD  @EC2612A
24694,HUALIHI@EC2611A
24696,HUALIBA@EC2611A
24698,HUALIBA@EC2611B
24704,GJALIBA@EC2609A
24707,DSALIBA@EC2609A
24717,MB-SJM @EC2611A
24721,MBFOSUN@EC2612A
24731,GJ-TRIP@EC2610A
24735,GJLIAUT@EC2609A
24736,GJ-AIA @EP2612A
24737,MBBOCOM@EC2610A
24740,SGCNOOC@EC2611B
24748,BPALIHI@EC2610A
24751,BP-TRIP@EC2612A
24752,HS-TRIP@EC2610A
24755,HSLIAUT@EC2609A
24757,HSHZROB@EC2611A
24758,HSSANDS@EC2609A
24759,UB-TRIP@EC2612A
24767,JPMEDBT@EC2709A
24770,MBGRPHA@EC2609A
24775,HUTCTRA@EC2610A
24776,HUTENCT@EC2610A
24777,HUCPAIR@EC2610A
24789,BILENOV@EC2609A
24792,MB-CKH @EC2610A
24795,HUZIJIN@EP2610A
24796,CT-MTRC@EC2610A
24799,HU-MCC @EC2610A
24802,CIALIHI@EC2704A
24805,CI-SHKP@EC2612A
24808,BP-CMOB@EC2610A
24809,BPSPDRG@EC2609B
24811,BPLIAUT@EC2609A
24815,MB-TTI @EC2701A
24819,SGXIAMI@EC2612D
24821,SG-YOFC@EC2611A
24823,JPSDGLD@EC2707A
24824,JPBOCAV@EC2702A
24829,JPASMPT@EC2611A
24832,JPXIAMI@EC2712A
24835,HSAVICN@EC2610A
24840,JP-SBPH@EC2611A
24841,MB-SMIC@EC2609A
24847,BIXIAMI@EC2712B
24849,BI-MTRC@EC2610A
24851,BISANDS@EC2609A
24853,HU-SANY@EC2610A
24854,HUCOOPT@EC2611A
24856,HUCLIFE@EC2611A
24860,JPCSOFT@EC2612A
24865,UBLIAUT@EC2609A
24867,MSCSA50@EC2611A
24869,CIXIAMI@EC2612B
24871,CI-GDS @EC2612A
24878,JP-HSBC@EC2812A
24881,CIPINAN@EP2704A
24885,BPMTUAN@EC2612B
24887,BPLENOV@EC2609A
24891,SGGEELY@EC2609A
24892,SGHZROB@EC2611A
24897,HU-TRIP@EP2609A
24906,BIHZROB@EC2609A
24911,UBPINAN@EC2612A
24916,UBMTUAN@EC2611A
24917,UBMTUAN@EC2612A
24919,CT-TRIP@EC2611A
24923,MS-BYD @EC2610A
24927,MSGEELY@EC2609A
24934,CIHRPHA@EC2702A
24938,CI-CNBM@EC2612A
24939,CIXIAMI@EC2712A
24942,HS-CMOB@EC2609A
24945,HS-HKEX@EC2609A
24950,MBGANFE@EC2612B
24951,SG-HKEX@EC2609A
24956,JP-XTEP@EC2702A
24961,JP-CMOB@EC2609A
24966,JPSANDS@EC2609A
24977,GJGEELY@EC2609A
24979,MBZJGLD@EC2610A
24988,UBGEELY@EC2609A
24989,UB-CMOB@EC2609A
24992,UBSANDS@EC2609A
24996,HU-KBLH@EC2612A
24997,HUFTA50@EC2611A
24998,HUCEAIR@EC2611A
25000,MB-GBHC@EC2611A
25006,JP-SZIG@EC2612A
25007,JPTENCT@EC2806A
25009,JP-HKEX@EC2609A
25013,CIANTAS@EC2610A
25016,BIMTUAN@EC2611B
25017,BIMTUAN@EC2611C
25019,BI-TRIP@EC2611A
25021,BIXIAMI@EP2609A
25023,MBHEGAN@EC2611A
25024,MBBAIDU@EP2612A
25026,SGLENOV@EC2712A
25027,SGXIAMI@EC2712A
25029,MB-SZIG@EC2707A
25032,BPGEELY@EC2609A
25043,CTLENOV@EC2609A
25046,CT-MGMC@EC2609A
25051,BIGEELY@EC2609A
25055,DS-CATL@EC2612B
25056,CI-CATL@EC2612A
25057,HU-SMIC@EP2611A
25058,HUALUCO@EP2609A
25059,HU-CKH @EC2609A
25061,HU-CHQG@EC2609A
25075,BP-HKEX@EC2609A
25079,BPPINAN@EC2612A
25081,BPXIAMI@EC2712A
25082,BPZJSHI@EC2609A
25084,HSGEELY@EC2609A
25088,CTBOCHK@EC2611A
25091,MB-COSL@EC2703A
25092,UB-HKEX@EC2609A
25102,JPGANFE@EC2609A
25104,JPGEELY@EC2609A
25106,UB-CMOB@EC2609B
25109,MB-LEAP@EC2702A
25113,BI-CKH @EC2609A
25114,BIHUAHO@EC2609B
25116,MSMTUAN@EC2611A
25120,UBPOMRT@EP2612A
25121,MBMIXUE@EC2703A
25123,MBCITIC@EC2703A
25126,JPLIAUT@EP2610A
25132,JP-JDHI@EC2609A
25135,GJALIBA@EP2609A
25137,JPJIANC@EP2703A
25144,CT-CMOB@EC2609A
25151,HSPINAN@EC2612A
25155,HU-JXR @EC2610A
25156,HU-NTES@EC2610A
25159,HU-CKH @EP2612A
25162,HULAOPU@EC2610A
25174,BITENCT@EC2609B
25175,CT-CTWR@EC2612A
25178,HUZJGLD@EC2609A
25179,HUMTUAN@EP2612A
25180,HUGANFE@EC2609B
25189,MSVANKE@EC2612A
25192,DSZJGLD@EC2610B
25198,SG-SHKP@EP2611A
25201,JP-SHKP@EC2612A
25203,JPMTUAN@EC2611A
25206,JPVANKE@EC2612A
25214,CI-NTES@EC2609A
25216,MBZIJIN@EP2609A
25217,MBZJGLD@EP2609A
25220,HUGEELY@EC2609A
25221,HUPETCH@EC2610A
25223,HUHUAHO@EC2612A
25224,HUPINAN@EC2610A
25225,HU-WPC @EC2609B
25232,BIGANFE@EC2609B
25242,CI-CGNM@EC2611A
25244,MSALUCO@EC2611A
25245,MSGANFE@EC2609A
25251,SG-TRIP@EC2611A
25253,HS-CKH @EC2609A
25254,HS-SHEC@EC2702A
25256,HSKSCLD@EC2610A
25273,MBLININ@EC2609A
25274,UBALUCO@EC2611A
25276,UBGANFE@EC2609A
25284,MSHUAHO@EP2611A
25289,HU-XD  @EC2612A
25290,HUALUCO@EC2609B
25291,HU-HSBC@EC2611A
25292,HUCNOOC@EC2612A
25293,HU-COSL@EC2702A
25294,DSMIXUE@EC2611A
25310,HS-CTWR@EC2612A
25311,MBCRAIL@EC2609B
25312,MB-SANY@EC2609A
25317,SGMIXUE@EC2611A
25320,SG-CTWR@EC2612A
25325,CI-CCB @EP2612A
25326,CI-CUNI@EP2610A
25327,CI-HSBC@EP2609B
25328,CISPDRG@EP2609A
25329,CIMIXUE@EC2610A
25330,CI-NWD @EC2612A
25332,CIROBSN@EC2611A
25336,MS-CTWR@EC2612A
25350,HSGANFE@EC2609A
25353,HS-YOFC@EC2611B
25357,JP-MNSO@EC2704A
25358,JPHUAHO@EP2611A
25362,JP-DFEC@EC2708A
25363,JPZIJIN@EP2706A
25366,JP-CTWR@EC2612A
25368,GJGANFE@EC2612A
25379,BI-SHEC@EC2702A
25381,BIHUAHO@EC2609C
25382,BIHUAHO@EP2612B
25383,BIXIAMI@EC2609C
25390,MS-SHEC@EC2702A
25393,UB-CTWR@EC2612A
25394,UBALIBA@EC2612A
25395,UBXIAMI@EC2712A
25397,UBXIAMI@EC2712B
25401,UB-TRIP@EC2611A
25403,HUTRAHK@EC2612A
25404,HU-GTWN@EC2610B
25405,CI-NIO @EC2611A
25411,HSALUCO@EC2611A
25413,HS-SHKP@EC2612A
25416,CT-HSBC@EC2812A
25420,DSHUAHO@EC2612A
25421,DSHUAHO@EP2611A
25425,BPPINAN@EC2610A
25428,MB-NCI @EC2612B
25431,JPESBUY@EC2609A
25438,JPALUCO@EC2610A
25440,JPHUAHO@EC2610A
25442,BI-ICBC@EC2609A
25448,DS-HKEX@EC2609A
25450,GJ-CMOB@EC2609A
25452,GJ-BYD @EC2610A
25453,GJMTUAN@EC2611A
25466,MB-MTRC@EC2612A
25472,HU-CSPC@EC2609B
25473,HU-MRES@EC2609B
25477,MS-WXDC@EC2611A
25480,MSALUCO@EC2610A
25481,MB-WXDC@EC2610A
25482,CIJIANC@EC2611A
25483,CI-ZAOL@EC2609A
25489,CI-BOCL@EC2610A
25492,CI-CSPC@EC2611A
25495,BP-CSPC@EC2609A
25499,CTCFJLG@EC2612A
25501,HSCNOOC@EC2609A
25502,HSHUAHO@EP2611A
25504,HS-CSPC@EC2612A
25505,DSTRAHK@EC2612A
25507,JP-WXDC@EC2611A
25511,JP-CSPC@EC2609A
25515,JPJIANC@EC2610A
25516,JPZIJIN@EC2703A
25520,SGSDGLD@EC2612A
25521,SGJIANC@EC2611A
25525,SGZIJIN@EC2612A
25530,CI-CUNI@EC2612A
25535,CIXPENG@EC2705A
25537,CI-SMIC@EC2609C
25542,CI-MGMC@EC2609A
25544,CI-TRIP@EC2610A
25549,UBLIAUT@EP2610A
25553,UBXPENG@EC2609A
25554,UB-BOCL@EC2610A
25557,UB-CSPC@EC2609A
25559,MS-SHKP@EC2612A
25563,MS-SANY@EC2609A
25570,JP-SMIC@EC2610A
25572,HS-BOCL@EC2610A
25573,HS-BYD @EC2612A
25574,HSMIXUE@EC2610A
25575,HSMTUAN@EC2610A
25576,HSXIAMI@EC2712A
25577,HU-YOFC@EC2610A
25578,HUNDPHL@EC2610A
25579,HULININ@EC2609A
25580,SG-CNBM@EC2611A
25585,DS-CMOB@EC2609A
25594,CT-CLIT@EC2610A
25601,CITENCT@EC2707A
25602,MSTENCT@EC2610A
25606,JPALIBA@EC2612A
25607,CITENCT@EC2806A
25611,DSTENCT@EC2806A
25612,DSKUASO@EC2612B
25613,DSTENCT@EC2609B
25615,HUTENCT@EC2609B
25619,HU-GDS @EC2612A
25620,HUXIAMI@EC2609A
25621,HUXIAMI@EP2610A
25628,BIUBTEC@EC2610A
25629,BIXPENG@EC2610A
25630,BIMTUAN@EC2610A
25632,BI-BYD @EC2611B
25633,BI-BYD @EC2609D
25634,BIHUAHO@EC2610B
25643,CTTENCT@EC2707A
25645,GJ-BOCL@EC2610A
25646,GJMTUAN@EC2610A
25649,MSTENCT@EC2609B
25653,MSTENCT@EC2610B
25657,MS-NTES@EC2609A
25661,HSTENCT@EC2609B
25671,UB-SMIC@EC2610B
25672,UBMTUAN@EC2611B
25674,UBMTUAN@EC2610A
25679,MS-HSBC@EC2812A
25681,MB-CPWR@EC2609A
25685,UBTENCT@EC2611A
25687,JPMTUAN@EC2610A
25694,MSALIBA@EC2612A
25699,SGTENCT@EC2707A
25701,SGTENCT@EC2708A
25707,MSSDGLD@EC2612A
25709,UBTENCT@EC2707A
25711,MB-PWRA@EC2701A
25712,MBZHIST@EC2610B
25713,MBCTGDF@EC2609A
25715,GJTENCT@EC2609A
25717,HU-MTRC@EC2612B
25719,HUTENCT@EC2611A
25720,MBYKENR@EC2612A
25722,MB-LUYE@EC2609A
25727,BIHZROB@EC2610A
25728,BISPDRG@EP2612A
25730,BI-HSBC@EC2812A
25732,BIALIBA@EC2612A
25737,BIJIANC@EC2611A
25739,MBJDCOM@EC2612A
25740,DSXIAMI@EC2712A
25741,DSXIAMI@EC2609A
25742,DS-TRIP@EC2610A
25749,MSZIJIN@EC2612A
25750,MSXIAMI@EC2609B
25751,MSXIAMI@EC2712A
25752,MSJIANC@EC2610A
25753,UB-NTES@EC2609A
25755,UBMTUAN@EC2610B
25758,UBKUASO@EC2612B
25759,UBJIANC@EC2610A
25760,CTHUAHO@EC2610A
25762,CTJIANC@EC2610A
25763,CTSDGLD@EC2612B
25764,CIKINGD@EC2609A
25765,CIMEITU@EC2701A
25766,CIXINYI@EC2609A
25767,CICSHST@EP2712A
25768,CISTANC@EC2610A
25771,MBCSOFT@EC2611A
25773,HSSDGLD@EC2612A
25774,HSAIRCN@EC2609A
25775,HSMTUAN@EC2610B
25777,HSALIBA@EC2612A
25779,JP-NTES@EC2609A
25780,JPKSCLD@EC2610A
25782,JPMTUAN@EC2610B
25785,JPCFJLG@EC2612A
25787,SGTENCT@EC2806A
25789,SG-CSPC@EC2612A
25792,SG-SMIC@EC2610A
25796,SGALUCO@EC2610A
25797,SGMTUAN@EC2707A
25800,DS-SMIC@EC2610A
25801,HSTENCT@EC2708A
25803,JPZIJIN@EC2612A
25804,JPXPENG@EC2609A
25805,JPMTUAN@EC2707A
25807,DSJIANC@EC2611A
25808,DSZIJIN@EC2703A
25811,MB-HKEX@EC2611A
25813,BI-MTRC@EC2612A
25815,CI-YOFC@EC2610A
25817,CI-AIA @EC2611B
25820,MB-CTWR@EC2609A
25821,CI-AAC @EC2609A
25823,CITENCT@EP2609A
25825,MSPOMRT@EP2612A
25827,UB-SHKP@EC2612A
25830,JP-HSI @EC2612A
25834,UBZIJIN@EC2612A
25835,UBXIAMI@EC2609B
25837,CTZIJIN@EC2703A
25839,CTZIJIN@EC2612A
25840,CTCSHIP@EC2609A
25842,BPHUAHO@EC2610A
25849,BP-SMIC@EC2610C
25852,BPXIAMI@EC2609B
25855,GJPOMRT@EP2609A
25857,GJTENCT@EC2612A
25862,GJ-NTES@EC2609A
25865,HS-NTES@EC2609A
25868,HSJIANC@EC2610A
25873,MB-SPA @EC2609A
25877,UB-HSBC@EC2812A
25879,SGALIBA@EC2612A
25884,SGMTUAN@EC2610B
25885,SG-CUNI@EC2612A
25886,MBXIAMI@EC2609A
25887,HUSEAZN@EC2704A
25892,JPJDCOM@EP2609A
25899,CI-HSBC@EC2609A
25901,CI-CICC@EC2611A
25903,CTMTUAN@EC2610A
25904,CT-HKEX@EC2706A
25905,MB-CICC@EC2609A
25907,MB-SHKP@EC2611A
25910,MBHYGEI@EC2612A
25911,MS-CKH @EC2609A
25916,UB-HSI @EC2612A
25919,MSNDPHL@EC2610A
25924,BPTENCT@EC2610A
25925,HU-CICC@EC2610A
25928,HUQTECH@EC2612A
25929,HUJIANC@EC2611A
25931,HU-MNIU@EC2612A
25936,HUTENCT@EC2612A
25938,HU-AIA @EC2612A
25940,UBTENCT@EC2610A
25945,UBMTUAN@EC2707A
25946,UBJIANC@EC2611A
25955,JP-HSBC@EC2612A
25957,JP-CUNI@EC2612A
25958,JPCSOFT@EC2611A
25963,HSZIJIN@EC2612A
25964,HSXIAMI@EC2609B
25966,MSKUASO@EC2612B
25967,MSKUASO@EC2612C
25968,MBKUASO@EC2705A
25972,MB-TQL @EC2702A
25984,KS-CCB @EC2812A
25985,HS-HSI @EC2612A
25987,MS-COVS@EC2610A
25991,BIHAESH@EC2610A
25996,BIBUDWS@EC2609A
25997,JPHEGAN@EC2611A
26001,GJMTUAN@EC2610B
26006,UBALIBA@EC2610A
26008,UB-CUNI@EC2612A
26014,HSCTGDF@EC2609A
26016,HS-CUNI@EC2612A
26020,SG-CMOB@EC2609A
26023,SGPINAN@EP2704A
26026,HU-TQL @EC2702A
26028,HSBUDWS@EC2609A
26030,DSMTUAN@EC2707A
26032,UBCLIFE@EP2609A
26034,UB-HKEX@EC2706A
26037,MS-AIA @EC2611B
26041,CT-SHKP@EC2612A
26044,BIXIAMI@EC2609D
26046,BIALIBA@EC2610A
26047,BIZIJIN@EC2703A
26048,MB-CGNM@EC2611A
26053,CI-SHKP@EC2610A
26056,CI-WPC @EC2609A
26057,HUCTGDF@EC2611A
26059,HU-SMIC@EC2609B
26061,HU-ICBC@EC2609A
26066,HSCSHIP@EC2610A
26067,HS-CLIT@EC2610A
26068,HS-CSPC@EC2609A
26069,HSMTUAN@EC2707A
26070,JP-CCB @EC2812A
26076,BIMTUAN@EC2707A
26078,UB-HSBC@EC2611A
26079,UB-HSBC@EC2612A
26080,UBTENCT@EC2612A
26082,UB-AIA @EC2611B
26084,MSSTANC@EC2610A
26087,MS-HSBC@EC2612A
26093,JPAIRCN@EC2609A
26096,MBNDPHL@EC2609B
26097,MB-ZGHL@EC2611A
26101,MBGSBIO@EC2612A
26104,SGXPENG@EC2609A
26107,HSYKENR@EC2611A
26111,HSTENCT@EC2612A
26113,MBCOWEL@EC2707A
26119,CIMTUAN@EC2710A
26120,CILENOV@EC2712A
26122,UBAIRCN@EC2609A
26126,MS-WUXI@EC2611A
26133,MB-KBLH@EC2610A
26135,MB-GEG @EC2609A
26136,BI-CNBM@EC2702A
26137,BIMEITU@EC2701A
26138,BI-CTWR@EC2612A
26140,BI-SMIC@EC2609C
26141,BIMTUAN@EP2612B
26142,BIMTUAN@EP2609C
26144,BIKINGD@EC2609A
26145,BIMIXUE@EC2610A
26149,SG-HSI @EC2612A
26153,CTMTUAN@EC2612A
26156,SG-CNBM@EC2702A
26157,JP-AIA @EC2611B
26161,CI-CCVH@EC2611A
26162,CIKSCLD@EC2610B
26163,CI-HKEX@EC2611A
26165,JPCSHIP@EC2610A
26173,CT-HSBC@EC2612A
26174,JPMTUAN@EC2612A
26177,HSLENOV@EC2712A
26178,SG-SHKP@EC2611A
26179,SG-HSBC@EC2612A
26181,BI-GWMC@EC2611A
26182,BIMTUAN@EC2609A
26183,BIMTUAN@EC2610B
26186,BPMTUAN@EC2610A
26188,HS-HKEX@EC2812A
26192,MSMTUAN@EP2609A
26194,JP-HSBC@EC2611A
26195,JPTENCT@EC2612A
26197,JP-CNBM@EC2702A
26198,JP-HKEX@EC2611A
26202,UB-HKEX@EC2611A
26204,BI-HKEX@EC2611A
26205,BI-HSBC@EC2611A
26206,BIYKENR@EC2611A
26207,BICSHIP@EC2610A
26209,MBBAIDU@EC2609B
26210,JPMTUAN@EC2710A
26215,CIMTUAN@EC2612B
26217,HSALIBA@EC2609B
26218,JPTENCT@EC2812A
26219,JP-HKEX@EC2812A
26220,JPALIBA@EC2812A
26233,BPMTUAN@EC2612C
26234,SGKINGD@EC2609A
26237,SG-HSI @EC2701A
26238,MB-SHKP@EC2610A
26240,GJ-HSBC@EC2611A
26242,CTCTGDF@EC2702A
26246,BPMTUAN@EP2612B
26250,BP-HSBC@EC2611A
26253,MSALIBA@EP2609A
26254,MS-SHKP@EP2610A
26257,HS-HKEX@EC2611A
26260,UBMTUAN@EC2612B
26261,UBMTUAN@EC2710A
26264,JPCTGDF@EC2609A
26268,JP-ICBC@EC2609A
26269,JPKSCLD@EC2610B
26271,JPHAESH@EC2610A
26273,CIMTUAN@EP2610A
26274,CI-GEG @EC2609A
26277,SGCTGDF@EC2609B
26283,KS-ICBC@EC2812A
26286,HU-CGNM@EC2610A
26287,HU-KBLH@EC2609A
26288,HULININ@EC2612A
26289,HUSNTRK@EC2609A
26295,HU-CGS @EC2610A
26296,HU-TTI @EC2702A
26300,JPNDPHL@EC2612A
26304,CIKINGD@EC2611A
26306,CIPINAN@EC2703A
26307,CICNOOC@EC2609A
26308,BI-HSBC@EC2611B
26311,DS-HSBC@EC2611A
26314,MSMEITU@EC2701A
26316,MB-HSPG@EC2609A
26319,JPMTUAN@EC2612B
26322,MBCMOLY@EP2609A
26325,CTMEITU@EC2701A
26327,MBPHANC@EC2702A
26328,MB-WHG @EC2702A
26334,UB-ICBC@EC2609A
26337,HU-CCVH@EC2611A
26339,HU-CLP @EC2609A
26340,HU-PWRA@EC2701A
26341,HU-SHKP@EC2611A
26343,HUCRAIL@EC2612A
26346,HUASMPT@EC2611A
26347,HUCKINF@EC2611A
26348,HUZHIST@EC2611A
26349,HUYKENR@EC2611A
26350,HU-CNBM@EC2702A
26351,SGZIJIN@EC2703A
26352,SGMIXUE@EC2610A
26353,SGALIHI@EC2704A
26354,SG-SMIC@EC2609B
26355,SGBAIDU@EC2703A
26360,HU-XYS @EC2612A
26363,MB-DFEC@EC2703A
26364,MB-KBLH@EC2609A
26365,MBCSHIP@EC2609A
26367,MB-TMEG@EC2612A
26368,MBMOBVI@EC2609A
26370,JPALIHI@EC2704A
26371,JPMEITU@EC2701A
26374,JP-SHKP@EC2611A
26377,HUHRPHA@EC2702A
26378,HUHLAND@EC2701A
26380,HUJDCOM@EP2609A
26382,HUCOWEL@EC2610A
26384,BICRAIL@EC2609B
26385,BIXIAMI@EC2609E
26387,BI-WPC @EC2609A
26390,SGCSHIP@EC2609A
26391,SGCFJLG@EC2612A
26393,HS-ICBC@EC2609A
26398,HS-CNBM@EC2702A
26399,JP-ICBC@EC2812A
26403,CI-ACMT@EC2609A
26405,SG-HSBC@EP2609C
26406,GJ-HSBC@EP2609C
26411,UB-SHKP@EC2611A
26413,SGZCRRC@EC2612A
26415,UBSTANC@EC2610A
26416,BIJDCOM@EP2609A
26417,BI-SMIC@EP2609D
26422,CI-CCB @EC2812A
26423,GJ-HKEX@EC2611A
26426,MSCTGDF@EC2702A
26427,MS-SHKP@EC2610A
26428,BP-ICBC@EC2609A
26429,BPALIHI@EC2704A
26430,CTNDPHL@EC2612A
26435,CTJDCOM@EC2612A
26436,CT-CATL@EC2612B
26437,HU-DFEC@EC2704A
26438,HUCOWEL@EC2707A
26439,HUCITIC@EC2703A
26440,HU-HUAP@EC2701A
26441,HUPOMRT@EP2609A
26442,HUBOCHK@EC2610A
26443,HULENOV@EC2611A
26444,HUCSHST@EC2611A
26445,MB-HWLD@EC2609A
26446,HS-DFEC@EC2612A
26447,SGCRAIL@EC2609A
26450,HS-SHKP@EC2610A
26451,JPHZROB@EC2610A
26454,CI-CTWR@EC2612A
26457,SGSTANC@EC2610A
26462,JP-CKH @EC2609A
26470,UBTENCT@EC2809A
26471,MBBLKSM@EC2609A
26473,MBAIRCN@EC2612A
26474,MB-CRL @EC2609A
26475,MBTENCT@EP2609A
26477,MB-TRIP@EC2609A
26478,MB-SHKP@EP2610A
26482,HS-GEG @EC2609A
26483,HS-SHKP@EP2610A
26486,BI-HSBC@EP2609B
26487,BIJDCOM@EC2612A
26488,BIPINAN@EC2703A
26490,BI-TRIP@EP2609A
26492,HUINBIO@EC2612A
26500,SGPINAN@EC2703A
26501,SG-SHKP@EP2610A
26504,CIJDCOM@EC2609A
26505,CIBOCHK@EC2610A
26506,HU-HKEX@EC2611A
26507,HU-ZGHL@EC2702A
26512,HU-CSC @EC2610A
26513,HUBAIDU@EP2612A
26514,HU-WHG @EC2702A
26515,JP-DFEC@EC2612A
26516,JP-HPE @EC2708A
26520,MB-CKA @EC2611A
26523,UB-CKH @EC2609A
26526,UBMTUAN@EC2609A
26527,UBMTUAN@EC2610C
26528,UBMTUAN@EC2612C
26536,MSCFJLG@EC2612A
26542,UBCNOOC@EC2609A
26544,UBALIBA@EC2609B
26545,MBCNOOC@EC2609A
26547,MB-COSL@EC2610A
26549,JP-GEG @EC2609A
26550,GJPINAN@EC2612A
26553,GJJDCOM@EC2612A
26555,BIXIAMI@EC2609F
26556,BIXIAMI@EC2610A
26557,BIMTUAN@EC2612B
26558,BIMTUAN@EP2610A
26559,BI-SMIC@EC2610D
26560,BICPAIR@EC2609A
26561,BI-CSPC@EC2611A
26563,BI-CKH @EC2609B
26565,BIALUCO@EC2610A
26567,BI-AAC @EC2609A
26571,CTPINAN@EC2703A
26577,HSCSAIR@EC2612A
26578,HSALIBA@EC2609C
26579,HSXIAMI@EC2609C
26581,CIAIRCN@EC2611A
26583,CIYKENR@EC2701A
26584,CICCOAL@EC2701A
26585,CI-COSL@EC2701A
26587,JPCTGDF@EC2609B
26591,SG-SMIC@EC2611A
26595,SG-SMIC@EC2609C
26598,SGKUASO@EC2704A
26605,BPXIAMI@EC2609C
26610,BP-HKEX@EC2611A
26611,BP-BOCL@EC2610A
26613,BPBOCHK@EC2610A
26614,BPALIBA@EC2610A
26623,GJXPENG@EC2609A
26624,GJLENOV@EC2609A
26625,MBKINGD@EC2610A
26626,DSMTUAN@EC2612A
26627,DSMTUAN@EC2710A
26634,MBXJGST@EC2610A
26635,BIXIAMI@EC2610B
26636,BI-NTES@EC2612A
26637,BI-TRIP@EC2609A
26638,BICNOOC@EC2609A
26640,UBCRAIL@EC2609A
26641,BI-SMIC@EP2610A
26642,BIMTUAN@EP2610B
26645,CT-SZIG@EC2706A
26646,CT-DGL @EC2609A
26651,SGPINAN@EC2609A
26653,SGJDCOM@EC2612A
26655,SG-KBLH@EC2609A
26656,SG-YOFC@EC2609A
26659,BPTENCT@EC2610B
26662,JPKINGD@EC2611A
26667,JP-TMEG@EC2612A
26674,CIPETCH@EP2701A
26678,CI-GWMC@EC2609A
26681,HUXINYI@EC2609A
26682,HU-J&T @EC2610A
26684,JPCRAIL@EC2609A
26685,HU-GWMC@EC2611A
26686,HU-COSL@EC2611A
26687,HUMTUAN@EC2610A
26688,HU-HSBC@EC2611B
26690,HUXPENG@EC2610A
26692,JPJDCOM@EC2612A
26694,CI-SMIC@EC2612A
26696,MB-NWD @EC2701A
26697,MBAKESO@EC2612A
26698,MB-YOFC@EC2609A
26699,MBKSOFT@EC2609A
26700,DSCLIFE@EC2609A
26701,UBKINGD@EC2611A
26706,UB-AIA @EC2704A
26707,UBCNOOC@EC2611B
26708,UBCNOOC@EC2609B
26709,MSPETCH@EC2612A
26711,MB-AAC @EC2609A
26712,GJHZROB@EC2609A
26716,GJCLIFE@EC2609A
26717,MBSDGLD@EC2706A
26718,HUJDCOM@EC2609A
26720,HUCLIFE@EC2609A
26726,CI-DFEC@EC2612A
26732,CIJDCOM@EP2611A
26733,MB-JXR @EC2610A
26734,MBMEITU@EC2610A
26735,MB-CGS @EC2612A
26736,MBKINGD@EC2610B
26737,HSMTUAN@EC2610C
26738,HSLAOPU@EC2610A
26740,HSMTUAN@EC2710A
26741,HSXIAMI@EC2609D
26743,JPXPENG@EC2705A
26744,JP-SJM @EC2610A
26753,JP-CGNP@EC2609A
26756,BIZJGLD@EC2609A
26757,BIJDCOM@EC2609B
26758,CT-NCI @EC2612A
26762,SGALIBA@EC2609B
26764,MS-ICBC@EC2812A
26767,SGBYDEI@EC2612A
26770,BP-CATL@EC2610A
26771,BPALIBA@EC2609C
26775,BPALIBA@EC2610B
26776,BPCNOOC@EC2610A
26778,BPJIANC@EC2610A
26780,BPCP&CC@EC2610A
26782,BPPINAN@EC2610B
26784,BPCLIFE@EC2610A
26786,BPXIAMI@EC2610B
26787,BP-SMIC@EC2609A
26789,BPZJGLD@EC2609A
26790,BPMTUAN@EC2612D
26791,BPLAOPU@EC2610A
26792,JPCNOOC@EC2611A
26794,JPPETCH@EC2702A
26800,JPLININ@EC2612A
26802,JPAIRCN@EC2611A
26809,HUCNOOC@EC2609A
26814,HUMIDEA@EC2609A
26815,HU-CMOB@EC2612A
26818,HUBEONE@EC2611A
26819,HUBAIDU@EC2611A
26820,HU-CMB @EC2609A
26823,MBHK&CG@EC2612A
26833,UB-MNIU@EC2609A
26837,UBXPENG@EC2705A
26839,UBALIBA@EC2609C
26841,UB-SMIC@EC2612A
26843,MB-HPE @EC2609A
26844,BP-HSBC@EP2610A
26848,BPZIJIN@EC2612A
26849,BP-BYD @EC2610B
26850,BP-AIA @EC2611B
26851,MBMTUAN@EC2706A
26853,MB-DFEC@EC2609A
26854,BICNOOC@EC2611B
26857,SGMTUAN@EC2710A
26859,SGBOCHK@EC2609A
26860,SG-HKEX@EC2611A
26863,BIPINAN@EC2609A
26864,CIALIBA@EP2706A
26866,CIALIBA@EP2702A
26869,CITENCT@EP2611A
26873,UBJDCOM@EC2612A
26875,UBTENCT@EC2609B
26876,UB-AAC @EC2609A
26883,CTHSTEC@EP2612A
26886,CT-BYD @EC2612A
26887,CTLININ@EC2612A
26888,CTALUCO@EC2610A
26889,MB-BEKE@EC2704A
26890,MBSANDS@EC2610A
26893,HU-GTHT@EC2701A
26894,HUALIBA@EP2612A
26900,MB-SHEC@EC2703A
26901,BPTENCT@EC2610C
26905,BP-SMIC@EC2612A
26908,JPMTUAN@EP2612A
26909,JPALIBA@EP2609B
26910,HUDTRNP@EC2701A
26911,JP-SMIC@EC2612A
26916,UBLININ@EC2612A
26919,UBAIRCN@EC2611A
26921,DSPINAN@EC2609A
26925,MBPETCH@EP2701A
26927,BIALIBA@EC2609C
26929,UBGEELY@EC2612A
26932,UBALIBA@EC2812A
26933,UBPETCH@EC2612A
26935,UBCNOOC@EC2611C
26936,UB-BYD @EC2612A
26937,UB-AIA @EC2612B
26939,MBCRGAS@EC2609A
26940,MBCNOOC@EP2609A
26941,MBINBIO@EC2609A
26942,MB-CSC @EC2609A
26943,MB-CGSH@EC2609A
26944,MBPETCH@EC2609A
26945,MBCCOAL@EC2611A
26953,MSMTUAN@EP2610A
26954,MSYKENR@EC2611A
26955,MSJDCOM@EP2609A
26956,MSHZROB@EC2609A
26957,MSPICCG@EC2612A
26959,MS-TMEG@EC2612A
26966,MS-SJM @EC2610A
26971,CT-HKEX@EC2611A
26974,CTAIRCN@EC2611A
26975,MBALIBA@EC2609B
26976,MB-ACMT@EC2611A
26977,MBPICCG@EC2609A
26979,MBYKENR@EC2612B
26982,CIFEIHE@EC2612A
26983,CIMTUAN@EP2611A
26984,BPCNOOC@EC2611A
26988,CICLIFE@EC2610A
26989,CICP&CC@EC2609A
26991,JP-BOCL@EC2609A
26992,JPZJGLD@EC2609A
26993,JP-DGL @EC2609B
26994,HSPETCH@EC2701A
26996,HSCNOOC@EC2611B
26999,HSCPAIR@EC2609A
27000,BP-BILI@EC2610A
27001,BPALIBA@EP2702A
27002,BPTENCT@EP2611A
27003,BPALIBA@EP2610A
27004,SGCNOOC@EC2611C
27005,SGPETCH@EC2702A
27006,SGLAOPU@EC2610A
27007,SG-AIA @EC2611B
27010,JPXTAPI@EC2610A
27011,JPMIDEA@EC2702A
27012,HUALIBA@EC2609B
27013,HU-GEG @EC2612A
27015,HUCSHCL@EC2701A
27016,HU-CATL@EC2609A
27017,HUHZROB@EC2609B
27019,HUWASON@EC2610A
27021,JPLAOPU@EC2610A
27023,JPCNOOC@EC2609A
27025,HUXIAMI@EC2609B
27026,HU-SMIC@EC2612A
27027,HU-HSBC@EP2609A
27034,CI-MPSC@EC2611A
27035,CI-BILI@EP2610A
27038,MSKSCLD@EC2610A
27039,BILAOPU@EC2610A
27041,BI-TMEG@EC2612A
27044,BIZJGLD@EC2609B
27046,UBSENTM@EC2609A
27048,UBCLIFE@EC2609A
27051,UBZJGLD@EC2609A
27052,UBBOCHK@EC2609A
27054,GJALIBA@EC2609B
27057,SG-BYD @EC2612A
27058,SGTENCT@EP2609A
27059,BPAKESO@EC2610A
27063,BP-BYD @EC2612A
27065,BP-CSPC@EC2611A
27066,HSHZROB@EC2609A
27067,HS-DFEC@EC2609A
27068,HS-AIA @EC2611B
27069,HSPINAN@EC2609A
27070,HSMTUAN@EC2612A
27072,MB-NIO @EP2609A
27074,MB-KECL@EC2609A
27075,MBBYDEI@EC2609B
27077,MB-ZGHL@EC2703A
27078,MBHRPHA@EC2610A
27079,MB-SDWG@EC2702A
27080,BIALIBA@EP2609B
27081,UBLAOPU@EC2610A
27082,UB-CSPC@EC2611A
27083,UB-CATL@EP2703A
27085,CI-DFEC@EC2609A
27086,BPXPENG@EC2609A
27087,BPTENCT@EC2612B
27089,BPTENCT@EP2611B
27090,HS-GDS @EC2612A
27094,MSHZROB@EP2609A
27096,MSPINAN@EC2609A
27097,MSSANDS@EC2610A
27102,JP-CGS @EC2610A
27104,JPTENCT@EP2611A
27105,JP-GWMC@EC2611A
27106,JP-JXR @EC2609A
27107,JP-CATL@EP2705A
27108,MBCNOOC@EC2611A
27110,HU-CATL@EP2610A
27111,HUALIBA@EC2609C
27112,HUTENCT@EC2609D
27113,MBNFSPR@EC2609A
27114,MBCIMCE@EC2609A
27116,MBWASON@EC2609A
27119,CIYKENR@EP2611A
27120,UBJDCOM@EP2609A
27125,UBALIBA@EP2609C
27128,UBPINAN@EC2609A
27129,UBSANDS@EC2610A
27130,UBTENCT@EP2611A
27131,UB-GWMC@EC2611A
27132,GJMTUAN@EP2610A
27136,GJ-CATL@EC2609A
27137,GJMTUAN@EC2611B
27140,BITENCT@EP2610A
27143,BIALIBA@EC2609D
27146,BIHRPHA@EC2609A
27147,BIPETCH@EC2701A
27148,BI-ACMT@EC2611A
27151,MSTENCT@EP2610A
27153,MS-BILI@EC2609A
27157,MSPETCH@EP2701A
27166,BPXTAPI@EC2610A
27168,BPCNOOC@EC2610B
27170,BPCNOOC@EP2609A
27171,HUYKENR@EC2612B
27177,SGXTAPI@EC2610A
27179,MSALIBA@EC2806A
27182,MSTENCT@EC2812A
27184,MS-CCB @EC2812A
27186,JPSPDRG@EC2703A
27187,HS-XYS @EC2612A
27188,JP-JDHI@EC2702A
27189,CT-MNIU@EC2612A
27192,MBHUAHO@EC2609A
27193,MB-MTRC@EC2703A
27194,MB-CHQG@EC2609A
27195,JPCPAIR@EC2609A
27198,UB-BILI@EC2609A
27199,UBPETCH@EP2701A
27200,CIBOCHK@EC2609A
27201,HSBYDEI@EC2612A
27202,CISTANC@EC2610B
27204,HU-AAC @EC2609A
27205,UBTENCT@EC2812A
27206,MBSENTM@EC2609A
27207,MBSTANC@EC2612A
27208,MB-AIA @EP2703A
27209,CTCP&CC@EC2609A
27210,CTHZROB@EC2609A
27211,CT-JDL @EC2609A
27212,CTLAOPU@EC2609A
27214,CTZJGLD@EC2609A
27215,CTPETCH@EC2701A
27216,HS-CATL@EC2609A
27218,HSCFJLG@EC2612A
27221,BITENCT@EC2609C
27223,JP-CATL@EP2703B
27226,HSJDCOM@EC2609A
27227,JPCMOLY@EC2609A
27228,JPTENCT@EC2611A
27229,CI-ZGHL@EC2701A
27231,CIZIJIN@EC2609A
27234,CI-AAC @EC2609B
27235,CIHESAI@EC2609A
27236,CI-CATL@EC2609B
27238,UBPETCH@EC2701A
27239,UBCPAIR@EC2609A
27240,UBMTUAN@EP2612B
27243,GJ-CATL@EP2610A
27244,HSCRAIL@EC2609A
27245,GJPINAN@EC2609A
27247,CTSDGLD@EC2705A
27248,CT-CATL@EP2703A
27250,CT-BYD @EP2611A
27251,CTCCOAL@EC2609A
27252,HSSMORE@EC2610A
27256,HSMTUAN@EP2612A
27257,SG-CATL@EP2704A
27258,JP-CATL@EC2704A
27260,JP-ZGHL@EC2609A
27261,GJ-CATL@EC2610A
27262,GJ-SMIC@EC2609A
27263,GJLAOPU@EC2609A
27265,UB-CATL@EP2704A
27266,MS-CPWR@EC2609A
27269,MBJDCOM@EP2612A
27270,BIXIAMI@EC2610C
27271,BIXIAMI@EC2610D
27272,MS-HKEX@EC2812A
27273,BIHUAHO@EC2609D
27274,BIBEONE@EC2610A
27275,BI-CATL@EC2704A
27279,GJALIBA@EC2609C
27282,MSALIBA@EP2609B
27285,JPFOPHA@EC2609A
27287,JPZHIST@EC2610A
27288,JPROBSN@EC2611A
27289,BP-CATL@EP2703A
27290,CI-JDHI@EC2702A
27293,SG-YOFC@EC2609B
27295,CTYKENR@EC2612A
27296,HUBSSCG@EC2609A
27298,HSXPENG@EC2609B
27299,HSKINGD@EC2611A
27300,HSXTAPI@EC2610A
27302,JPYKENR@EC2609A
27304,UB-HKEX@EC2610A
27306,UBALIBA@EP2701A
27308,BIXTAPI@EC2610A
27309,BIKINGD@EC2611A
27311,BILAOPU@EC2609A
27312,BI-TMEG@EC2609A
27313,CTSMORE@EC2609A
27316,HUFITHT@EC2609A
27318,HUCFJLG@EC2612A
27319,HUAKESO@EC2612A
27320,MB-WUXI@EC2609A
27321,JP-HKEX@EP2609A
27324,JPLIAUT@EC2610A
27325,JPSMORE@EC2609A
27326,MBALIHI@EC2705A
27327,SG-KBLH@EC2609B
27332,CI-CRBH@EC2609A
27333,CISMORE@EC2609A
27334,CIKUASO@EC2611B
27337,CIGEELY@EC2612A
27338,CIXTAPI@EC2610B
27340,GJ-BYD @EP2611A
27342,JPUBTEC@EC2609A
27347,JPALIBA@EC2609B
27348,BIXIAMI@EP2610B
27349,MBJIANC@EC2609A
27351,JPLININ@EC2609A
27356,DSSPDRG@EC2704A
27357,UBZIJIN@EC2609A
27360,UBTENCT@EC2609C
27362,GJALIBA@EP2701A
27364,GJMTUAN@EP2612A
27367,CITENCT@EC2706A
27369,CI-CATL@EP2704A
27371,CI-KBLH@EC2609A
27372,CIMTUAN@EC2612C
27374,CI-WHG @EC2702A
27376,CICNOOC@EC2610A
27377,HUTENCT@EC2611B
27378,HUXIAMI@EP2610B
27379,HUKINGD@EC2610A
27380,HUKUASO@EC2702A
27381,HUSDGLD@EC2609A
27383,CTUBTEC@EC2609A
27385,CTZHJIN@EC2609A
27386,HUCHERY@EC2612A
27387,BPTENCT@EC2611B
27389,BPTENCT@EC2611C
27390,BPALIBA@EC2701A
27391,BPTENCT@EC2709A
27392,MB-CRBH@EC2609A
27393,HSTENCT@EC2609C
27394,HSSPDRG@EC2609B
27396,HSTENCT@EC2609D
27397,HSKUASO@EC2611A
27401,DSALIBA@EC2609B
27403,UBALIBA@EC2609D
27405,UBYKENR@EC2609A
27408,UBXIAMI@EC2610A
27409,BIXIAMI@EC2609G
27411,BIMTUAN@EP2612C
27412,BITENCT@EC2609D
27416,BICITSE@EC2609A
27418,MSTENCT@EC2609C
27420,GJMTUAN@EC2610C
27423,HUALIBA@EC2701A
27424,HU-MGMC@EC2610A
27425,HU-LUYE@EC2612A
27426,HUSPDRG@EP2612A
27431,HSALIBA@EC2609E
27432,JPTENCT@EC2609C
27433,BPZIJIN@EC2609A
27434,CIALIBA@EC2706A
27436,CIGEELY@EP2610A
27438,CI-MGMC@EC2707A
27439,CIYKENR@EC2704A
27440,CIKSOFT@EC2609B
27441,CI-MGP @EC2609A
27444,CIUBTEC@EC2609A
27445,CICSHST@EC2609A
27446,CI-CATL@EC2612B
27447,SGTENCT@EC2609B
27449,SGYKENR@EC2612A
27450,JP-MGMC@EC2610A
27451,JPBAIDU@EC2610A
27452,JPCLIFE@EC2609A
27454,JPKUASO@EC2611A
27455,JP-ACMT@EC2611A
27456,JP-BILI@EC2609A
27458,JPXIAMI@EC2610A
27461,CT-SMIC@EC2609B
27462,CTPINAN@EC2609A
27464,JP-HKEX@EC2609C
27465,UB-COVS@EC2612A
27467,UBLININ@EC2609A
27468,UBTENCT@EP2610A
27471,MB-LENS@EC2609A
27472,MBALUCO@EC2609B
27473,MBZHJIN@EC2609A
27474,DSTENCT@EC2609C
27475,DSCLIFE@EC2609B
27476,DS-SMIC@EC2609A
27478,BISMORE@EC2609A
27479,BIMIDEA@EC2702A
27482,MSFITHT@EC2609B
27483,MSXIAMI@EC2610A
27484,MSCLIFE@EC2609A
27485,MS-HSBC@EC2609D
27487,MSLAOPU@EC2612A
27488,MSBAIDU@EC2609A
27491,MSPINAN@EC2609B
27492,MS-NTES@EC2611A
27493,MS-CHQG@EC2609A
27494,MSLIAUT@EC2610A
27498,MSXIAMI@EC2610B
27499,MSKUASO@EC2611A
27500,MS-BOCL@EC2609A
27502,HS-CATL@EC2609B
27504,HS-CATL@EP2703A
27505,HSMTUAN@EC2612B
27507,HSALIBA@EP2701A
27508,HSXIAMI@EC2610A
27510,HSJIANC@EC2705A
27513,BPXIAMI@EC2610C
27515,BPMTUAN@EC2710A
27516,BPMTUAN@EC2611A
27517,BPMTUAN@EC2612E
27519,BPPINAN@EC2609A
27520,CI-NWD @EC2703A
27521,CISTANC@EC2609A
27523,CIPINAN@EC2609A
27525,CI-CGNP@EC2609A
27527,GJCLIFE@EC2609B
27529,GJ-AIA @EC2704A
27531,HUZIJIN@EC2609A
27532,HUGEELY@EP2612A
27533,HULAOPU@EC2612A
27534,HUPINAN@EC2609A
27535,HUCLIFE@EC2609B
27536,HUJIANC@EC2705A
27537,HUHUAHO@EC2609A
27538,GJKUASO@EC2611A
27541,SGPINAN@EC2810A
27542,SGXIAMI@EC2712B
27543,SGCLIFE@EC2609A
27546,SGTENCT@EC2609C
27547,SGMTUAN@EC2612A
27549,SG-BILI@EC2609A
27550,SG-AIA @EC2704A
27551,SGJIANC@EC2705A
27552,SGLIAUT@EC2610A
27553,HSCLIFE@EC2609B
27554,HSPINAN@EC2810A
27555,JPTENCT@EC2609D
27556,JPSPDRG@EC2609A
27557,JPPINAN@EC2705A
27558,JP-GCL @EC2611A
27559,JP-HSI @EC2609A
27560,JPLAOPU@EC2610B
27561,MBHZROB@EC2612A
27562,BIALIBA@EC2612B
27564,BIKUASO@EC2611A
27565,BIXIAMI@EP2609B
27566,UB-CATL@EC2704A
27567,UBTENCT@EC2708A
27568,UBTENCT@EC2610B
27569,GJ-HSI @EC2612A
27570,UBTENCT@EC2610C
27571,UBCNOOC@EC2611D
27574,UBXIAMI@EC2610B
27575,UB-ACMT@EC2611A
27577,UBKUASO@EC2611A
27578,CITENCT@EC2609B
27582,CITENCT@EC2610A
27587,CIJIANC@EC2612A
27588,CILININ@EC2612A
27589,CI-BILI@EC2609A
27590,CIALIBA@EC2611B
27591,GJ-CSPC@EC2609A
27592,GJZIJIN@EC2609A
27595,GJGEELY@EC2611A
27598,JP-BYD @EP2611A
27599,JPSPDRG@EP2609A
27603,HUPOMRT@EC2610B
27605,HUALIBA@EP2701A
27607,HULIAUT@EC2610A
27609,HUMTUAN@EP2609B
27610,HUTENCT@EP2610A
27611,CTSPDRG@EP2609A
27612,CTKUASO@EC2611A
27613,HSHESAI@EC2609A
27614,HS-AIA @EC2704A
27618,HSGEELY@EC2611A
27622,SGCNOOC@EC2611D
27623,SGALIBA@EC2612B
27624,SGKUASO@EC2611A
27625,SGGEELY@EC2611A
27630,BPKUASO@EC2611A
27631,HS-BYD @EP2611A
27632,HSTENCT@EC2610A
27634,JPTENCT@EC2708A
27635,JPTENCT@EC2610A
27637,JPHESAI@EC2609A
27638,JP-HSI @EP2609A
27639,JP-HSI @EP2609B
27641,JP-HSI @EP2609C
27642,JPPOMRT@EC2609A
27643,CIALIBA@EP2609B
27644,CI-BYD @EC2610A
27645,CIYKENR@EC2612A
27646,DSHUAHO@EC2609A
27647,DSPOMRT@EC2609B
27649,DSPOMRT@EC2712A
27650,JPMTUAN@EP2610A
27654,BI-KECL@EC2611A
27655,BIBAIDU@EC2610A
27656,BIALIBA@EC2706A
27658,MSCSHEN@EC2609A
27659,MSTENCT@EC2609D
27661,MS-GDS @EC2611A
27663,MSALIBA@EP2611A
27664,MSPOMRT@EC2609A
27667,MSGEELY@EP2610A
27671,MSTENCT@EC2610C
27672,MSTENCT@EC2609E
27673,MSKINGD@EC2609A
27674,MSMIDEA@EC2702A
27675,MB-CATL@EC2609A
27676,MBHESAI@EC2609A
27678,MB-DGL @EC2609A
27679,MB-ZTE @EC2609B
27680,MBGEELY@EC2609A
27681,MBPOMRT@EC2609A
27682,MBSPDRG@EC2609A
27683,UBPOMRT@EC2609A
27684,UBPOMRT@EC2609B
27686,UBBAIDU@EC2610A
27687,UB-MGMC@EC2610A
27691,UBTENCT@EC2610D
27692,HUPOMRT@EC2611A
27693,HUPOMRT@EC2609A
27694,GJPOMRT@EC2610A
27695,MS-HSI @EC2612A
27700,GJXIAMI@EC2610A
27702,GJ-CATL@EC2612A
27703,CTPOMRT@EC2609B
27704,CTPOMRT@EC2609C
27706,MB-SMIC@EC2609B
27707,MB-GEG @EC2612A
27708,MB-CUNI@EC2611A
27709,MB-CGNP@EC2612A
27710,BPPOMRT@EC2610B
27711,BPGEELY@EC2611A
27713,BP-HKEX@EC2610A
27714,BPPOMRT@EC2712A
27715,BPMTUAN@EP2610B
27717,BPUBTEC@EC2609A
27718,BPBAIDU@EC2610A
27721,BPXIAMI@EC2610D
27723,HSHDLIH@EC2609A
27724,HSPOMRT@EC2609A
27725,HS-YOFC@EC2609A
27726,HUPOMRT@EP2609B
27727,JP-HSI @EC2609B
27728,JP-HSI @EC2609C
27729,SG-CATL@EC2612B
27730,SGBAIDU@EC2610A
27731,SGPOMRT@EC2609B
27732,SGMTUAN@EP2612A
27733,SGXIAMI@EC2609B
27734,BPCLIFE@EC2609B
27735,CTCLIFE@EC2609B
27736,JPALIBA@EC2609D
27737,HSTENCT@EC2610B
27738,HSKUASO@EC2702A
27740,JPZIJIN@EC2609A
27742,JPXIAMI@EC2609B
27744,DSKUASO@EC2702A
27745,CIXIAMI@EC2610A
27747,CI-CHQG@EC2609A
27749,CILAOPU@EC2609A
27750,CIKUASO@EC2609A
27752,MBFITHT@EC2611A
27753,MB-CNMC@EC2611A
27754,MB-ICBC@EC2611A
27755,MBCKINF@EC2610A
27756,MBPOMRT@EC2610A
27757,MBKUASO@EC2609A
27758,MBZCRRC@EC2610A
27759,MBHLAND@EC2611A
27761,MB-OOIL@EC2611A
27763,BIPINAN@EC2609B
27764,BIKUASO@EC2612B
27766,BICLIFE@EC2610A
27768,BIUBTEC@EC2609B
27769,BI-SMIC@EC2609D
27770,BIHUAHO@EP2609C
27771,BIXIAMI@EC2610E
27772,UBKUASO@EC2611B
27773,UBPOMRT@EC2609C
27774,UB-NTES@EC2611A
27775,UB-HSI @EC2609A
27776,UBALIBA@EC2612B
27777,UBKUASO@EC2702A
27780,UBGEELY@EP2610A
27781,UBMIDEA@EC2702A
27782,UBMTUAN@EP2610A
27784,HUMTUAN@EC2612B
27785,HUSPDRG@EC2609A
27786,GJKUASO@EC2611B
27787,GJPOMRT@EC2610B
27788,BPTENCT@EC2610D
27790,JPGEELY@EC2611A
27791,JPEBENV@EC2703A
27792,JPKUASO@EC2610B
27793,HU-CTIH@EC2702A
27794,HSPOMRT@EC2609B
27795,HSCLIFE@EC2609C
27796,HSTENCT@EC2708B
27798,HSPOMRT@EC2609C
27799,BP-NTES@EC2611A
27802,BPKUASO@EC2611B
27804,MS-BYD @EC2612A
27805,MSPOMRT@EC2609B
27806,MSKUASO@EC2610A
27807,MSZJGLD@EC2609A
27808,MS-MNIU@EC2609A
27811,MSZHJIN@EC2610A
27812,MS-CRL @EC2611A
27813,MS-CGNP@EC2611A
27816,MSLAOPU@EC2610A
27821,MS-GWMC@EC2609A
27823,MS-GCL @EC2611A
27824,MSINBIO@EC2609A
27829,MS-MGMC@EC2610A
27830,MBKUASO@EC2706A
27831,SGTENCT@EC2708B
27832,SGTENCT@EC2610A
27834,SGPINAN@EC2609B
27835,SGPINAN@EC2705A
27836,SG-HSI @EC2609A
27838,SG-HKEX@EC2609D
27839,SG-CATL@EC2704A
27841,MSSPDRG@EC2703A
27843,MS-COVS@EC2612A
27846,MBHAESH@EC2702A
27847,MB-XD  @EC2611A
27848,JPALIBA@EC2706A
27850,JPPINAN@EC2609A
27851,JP-J&T @EC2610A
27852,JP-NTES@EC2611A
27853,JPGEELY@EP2610A
27854,MB-MGMC@EC2612A
27856,MBLFGHL@EC2611A
27857,BIPOMRT@EP2610A
27858,BI-SUNY@EC2706A
27859,BIALIBA@EC2611B
27860,HUJDCOM@EC2612A
27861,MB-JDHI@EC2702A
27862,CIPINAN@EC2705A
27863,CIXIAMI@EC2610B
27864,CITENCT@EC2708A
27865,UBLAOPU@EC2610B
27866,UBSPDRG@EP2609A
27868,UBXIAMI@EC2609D
27869,UBGEELY@EC2611A
27870,CT-BILI@EC2609A
27873,HSPINAN@EC2609B
27874,HSSPDRG@EP2609A
27875,UBPINAN@EC2609B
27876,JPPOMRT@EC2711A
27877,MB-CMSC@EC2611A
27878,MB-HTSC@EC2610A
27879,MB-ZAOL@EC2610A
27880,MB-CPIC@EC2611A
27881,MBDTRNP@EC2611A
27882,MBTENCT@EC2612A
27883,MBAKESO@EC2612B
27884,MB-CLPG@EC2612A
27886,MBLENOV@EC2706A
27887,MBUBTEC@EC2610A
27890,MB-CCB @EC2610A
27891,JPTENCT@EC2706A
27893,JPANTAS@EC2612A
27894,JPALIBA@EC2612B
27895,JPTENCT@EC2609F
27896,BIPOMRT@EC2711A
27897,BI-GDS @EC2611A
27899,DSPOMRT@EC2711A
27900,DSTENCT@EC2708B
27903,HU-HKEX@EC2611B
27906,HUXJGST@EC2610A
27907,HU-GAC @EC2612A
27909,HU-TRIP@EC2609A
27912,HUALIBA@EC2611C
27913,CTTENCT@EC2609A
27915,CTBAIDU@EC2609A
27916,CTXIAMI@EC2609A
27917,CT-HSI @EC2609A
27918,CTMTUAN@EP2609A
27920,UB-HKEX@EC2609C
27921,UB-HSI @EP2609A
27922,UB-HSI @EP2609B
27923,UB-HSI @EP2609C
27924,UB-HSI @EC2609B
27927,UB-HSI @EC2609C
27928,UBTENCT@EC2609D
27929,UBPOMRT@EC2711A
27930,UBPINAN@EC2705A
27931,UBALIBA@EC2706A
27932,UBCLIFE@EP2609B
27933,MSMTUAN@EC2610B
27935,MSGEELY@EC2611A
27936,MS-PAHT@EC2701A
27937,MS-HUAP@EC2611A
27938,MS-CGS @EC2612A
27939,MS-CLPG@EC2612A
27940,MSBEONE@EC2610A
27941,MS-YOFC@EC2610A
27943,MSXJGST@EC2610A
27945,MS-GEG @EC2612A
27946,MSHESAI@EC2609A
27947,MSALIBA@EC2612B
27948,MS-HKEX@EC2609B
27949,CIALIBA@EC2612A
27950,CISPDRG@EP2609B
27951,CISCHLD@EC2610A
27952,CIHESAI@EC2610A
27954,CI-HPE @EC2708A
27955,CIPOMRT@EC2711A
27956,CI-NIO @EC2611B
27957,CIAMCS3@EC2610A
27958,CIAKESO@EC2611A
27959,HS-HSI @EC2609A
27960,HSTENCT@EC2610C
27962,HSSPDRG@EC2609C
27963,HS-HSI @EC2609B
27964,SG-HSI @EC2609B
27965,SG-HSI @EC2609C
27966,SGTENCT@EC2609D
27969,SGBAIDU@EC2609A
27970,SGKINGD@EC2611A
27971,SGHUAHO@EC2609A
27972,SG-HSI @EP2609A
27973,SGPOMRT@EC2711A
27974,SGPOMRT@EC2712A
27975,SGXPENG@EC2705A
27978,BPPOMRT@EC2610C
27979,GJMTUAN@EC2612B
27981,MBZJGLD@EC2611A
27982,MB-GTHT@EC2610A
27983,MB-GAC @EC2611A
27984,MB-BYD @EC2703A
27988,MB-CTFJ@EC2610A
27989,MBCGIRC@EC2610A
27990,MB-GTWN@EC2612A
27991,UBANTAS@EC2612A
27992,UBPOMRT@EC2609D
27993,UBTENCT@EC2706A
27995,GJMTUAN@EC2612C
27996,JPPOMRT@EC2609B
27997,JPPOMRT@EC2712A
27999,JP-GDS @EC2611A
28000,JPTENCT@EC2610B
28001,JP-BEKE@EC2612A
28002,JPZCRRC@EC2609A
28005,JPFITHT@EC2611A
28006,HU-WXAT@EC2701A
28007,HU-NTES@EC2612A
28008,HUPOMRT@EC2609B
28009,BPCSHEN@EC2609A
28012,BPTENCT@EC2609E
28013,BPCLIFE@EC2609C
28014,MBZIJIN@EC2610A
28015,MBBOCHK@EC2701A
28016,MBCTGDF@EC2702A
28017,CTJDCOM@EP2609B
28018,CTPOMRT@EC2609D
28019,CTCNOOC@EC2610A
28020,CTKUASO@EC2610A
28021,CT-HKEX@EC2609A
28022,CTALIBA@EP2612A
28024,CIKUASO@EC2706A
28025,CIKUASO@EC2612A
28026,CIPOMRT@EC2609B
28027,CICSHST@EP2610A
28028,CICSHST@EC2610A
28029,SGPOMRT@EC2610C
28030,SGPOMRT@EC2609C
28031,SGKUASO@EC2610B
28032,MBAMCS3@EP2612A
28033,BI-J&T @EC2610A
28034,BI-HUAP@EC2612A
28035,BI-HKEX@EC2609C
28038,UBMTUAN@EP2611A
28039,UBMTUAN@EC2612D
28040,MS-AIA @EP2612A
28041,MSCLIFE@EP2609A
28043,GJPOMRT@EP2609B
28044,CIHSTEC@EP2610A
28045,CIHSTEC@EP2610B
28046,CIHSTEC@EC2610A
28047,CIHSTEC@EC2610B
28048,HSKUASO@EC2610B
28049,HSMTUAN@EC2612C
28050,HS-NTES@EC2611A
28051,HSCLIFE@EP2609A
28052,HU-SBPH@EC2705A
28053,MBKEYMB@EC2611A
28054,JP-AGBK@EC2610A
28055,JP-OOIL@EC2611A
28056,JPPOMRT@EC2609C
28057,JPHSTEC@EC2612A
28058,JPHSTEC@EP2612A
28060,HUSMORE@EC2612A
28061,CTALIBA@EC2612A
28062,MBSMORE@EC2610A
28063,BI-CATL@EC2612C
28064,BIALIBA@EC2610B
28065,UBMTUAN@EC2610D
28067,UBALIBA@EC2611B
28070,MSXIAMI@EC2609C
28071,MS-J&T @EC2610A
28072,MSGEELY@EC2611B
28073,BP-TRIP@EC2609A
28074,BPKSCLD@EC2610A
28075,CIJDCOM@EC2611A
28076,CICSHEN@EC2610A
28077,CI-TIME@EC2610A
28078,CI-SMIC@EP2610A
28081,CIXIAMI@EP2612B
28082,CTGEELY@EP2610A
28083,HSXIAMI@EC2712B
28084,HS-HKEX@EC2609D
28086,HU-SUNY@EC2611A
28087,HUROBSN@EC2611A
28090,JPXIAMI@EC2610B
28091,JPAKESO@EC2610A
28092,JPCLIFE@EC2609B
28093,JP-CLPG@EC2612A
28094,JPXIAMI@EC2712B
28096,MB-TIME@EC2610A
28097,GJTENCT@EP2612B
28098,GJCLIFE@EP2609A
28099,GJALIBA@EP2609B
28101,GJTENCT@EC2609C
28102,HS-ZAOL@EC2610A
28103,SGALIBA@EC2701A
28104,SGALIBA@EC2706A
28105,MSMTUAN@EP2609B
28107,CIPOMRT@EP2610A
28108,CI-SMIC@EP2703A
28109,CI-HKEX@EP2610A
28110,CIKUASO@EP2610A
28111,CIMTUAN@EP2610B
28112,CT-HSI @EP2609A
28114,BIXIAMI@EC2611B
28115,BI-CLPG@EC2612A
28116,UBPOMRT@EP2610A
28117,UB-HSBC@EP2609C
28118,UBZIJIN@EP2703A
28119,MSZIJIN@EC2609A
28120,JPPOMRT@EP2610A
28122,HU-KBLH@EC2612B
28124,HU-LENS@EC2612A
28125,HU-CLPG@EC2612A
28126,HUSANDS@EC2610A
28127,HUFITHT@EC2611A
28128,HSALIBA@EC2612B
28130,BIMTUAN@EC2612C
28131,BIALIBA@EP2701A
28132,BIPOMRT@EC2609A
28133,CIINBIO@EC2610A
28134,CT-COVS@EC2612A
28135,MSHSTEC@EP2612A
28136,MSBOCHK@EC2609A
28137,MS-HSBC@EP2609C
28138,GJ-BYD @EC2612A
28139,BICNOOC@EC2611A
28141,GJHUAHO@EP2609A
28142,GJMTUAN@EP2610B
28143,BP-CHQG@EC2609A
28144,UBHSTEC@EP2612A
28145,UBHSTEC@EC2612A
28146,UBALIBA@EP2612A
28148,JPALIBA@EC2611B
28150,JP-CCVH@EC2611A
28151,JPALIBA@EP2612A
28152,HU-JDHI@EC2702A
28153,HUKUASO@EC2612C
28154,HUALIHI@EC2704A
28157,MSALIBA@EP2612A
28158,BIJDCOM@EC2611A
28159,CIGEELY@EC2701A
28160,MB-CCVH@EC2611A
28161,MBGANFE@EC2610A
28162,MBBSSCG@EC2610A
28163,MB-YOFC@EC2703A
28164,UBXIAMI@EC2610C
28166,UBBAIDU@EC2609A
28167,UBAKESO@EC2610A
28168,UBXIAMI@EP2612A
28170,HU-YOFC@EC2704A
28171,HU-ZAOL@EC2610A
28172,HU-CUNI@EC2611A
28173,JPXJGST@EC2610A
28176,JP-CHQG@EC2609A
28181,SG-AIA @EP2702A
28184,BPAKESO@EC2610B
28185,BPXIAMI@EC2610E
28186,GJALIBA@EC2612A
28187,GJJIANC@EC2705A
28188,GJGEELY@EP2610A
28189,SGKUASO@EC2612C
28192,UBJIANC@EC2705A
28193,UB-MNIU@EC2612A
28194,UB-SUNY@EP2703A
28195,UBXIAMI@EC2609E
28196,UBPOMRT@EP2610B
28197,UB-CHQG@EC2609A
28200,BIGEELY@EC2610A
28201,BIGEELY@EP2610A
28202,MSPOMRT@EP2610A
28203,MB-HPE @EC2610A
28204,BP-YOFC@EC2610A
28205,GJ-CHQG@EC2609A
28207,CTPETCH@EP2701A
28208,CTPOMRT@EP2610A
28209,CT-GEG @EC2610A
28211,SGALIHI@EC2704B
28212,SGGEELY@EP2610A
28213,JP-ZAOL@EC2610A
28214,MBGJINT@EC2706A
28215,HSALIBA@EC2701A
28216,HSSTANC@EC2610A
28217,HSTENCT@EC2609F
28218,HS-HPE @EC2708A
28219,MSGEELY@EP2610B
28224,CT-DFEC@EC2609A
28225,CISENTM@EC2612A
28226,JPPOMRT@EP2610B
28227,JPBAIDU@EC2609A
28228,JP-CCB @EC2609A
28229,CI-BYD @EP2702A
28230,CI-CATL@EC2704A
28232,BIALIHI@EC2704A
28233,CT-CLPG@EC2612A
28234,UBMTUAN@EP2609D
28235,CTXIAMI@EP2612A
28236,MB-TQL @EC2612A
28237,MBGFSEC@EC2702A
28238,BPPOMRT@EP2610A
28239,BP-CATL@EC2703A
28240,MSPINAN@EP2610A
28241,MSJDCOM@EC2612A
28243,MSLENOV@EC2610A
28244,MSAKESO@EC2610A
28245,SGLININ@EC2612A
28246,SGAKESO@EC2610A
28247,SGPOMRT@EP2610A
28248,HU-LUYE@EC2610B
28249,HUKINGB@EC2611A
28250,HUXIAMI@EC2610A
28251,HU-CATL@EC2612B
28252,DSSPDRG@EC2609B
28253,MB-NIO @EC2703A
28256,SGALUCO@EC2611A
28257,HSGEELY@EP2610A
28258,CIPETCH@EC2701A
28259,MSPOMRT@EC2609C
28260,MS-CCB @EC2609B
28262,BI-CRRC@EC2704A
28263,BI-HSI @EC2609B
28264,BI-HSI @EC2609C
28265,BIBAIDU@EC2609A
28266,BI-CCB @EC2609A
28268,BITENCT@EC2609F
28269,BIZHJIN@EC2610A
28270,JP-TQL @EC2610A
28271,JP-DFEC@EC2609A
28273,JPPETCH@EP2701A
28274,JP-HTSC@EC2610A
28276,CTCNOOC@EC2609B
28277,CT-CATL@EC2612D
28278,BPGEELY@EP2610A
28280,BPGANFE@EC2610A
28283,GJJDCOM@EP2612A
28285,CT-YOFC@EC2703A
28286,CTGEELY@EC2610A
28287,UBSPDRG@EC2609B
28288,UB-TRIP@EP2609A
28289,UBJDCOM@EP2612A
28290,UBGEELY@EC2701A
28292,HURMGEN@EC2612A
28293,HULAOPU@EC2610B
28294,HU-HKEX@EP2610A
28296,HUKUASO@EP2610A
28298,HS-CLPG@EC2612A
28299,HSLAOPU@EC2609A
28300,HS-ACMT@EC2611A
28302,HSPOMRT@EC2711A
28303,HSPOMRT@EP2610A
28304,SG-YOFC@EC2703A
28305,SG-YOFC@EC2703B
28306,SGXIAMI@EC2610A
28307,SG-HKEX@EP2610A
28308,SGGANFE@EC2610A
28309,SGCNOOC@EC2611E
28310,SGGEELY@EC2701A
28312,MSYKENR@EC2612A
28313,SGBOCHK@EC2610A
28314,CI-CTWR@EC2609A
28315,SG-CATL@EP2703A
28316,BITENCT@EC2610A
28317,BI-CMOB@EC2611A
28318,MBGEELY@EP2610A
28320,MBPOMRT@EP2610A
28321,CI-YOFC@EC2703A
28322,GJALIBA@EC2609E
28323,GJBAIDU@EC2610A
28325,MS-LENS@EC2610A
28327,MS-BYD @EP2610A
28328,MSBAIDU@EC2610A
28329,MS-CATL@EC2612B
28330,MS-CATL@EP2610A
28331,SGMIMAX@EC2610A
28332,MB-CATL@EP2706A
28333,BPMIMAX@EC2610A
28336,BP-ZAI @EC2610A
28337,BPALUCO@EC2611A
28338,BP-CCB @EC2609A
28339,CTMIMAX@EC2610A
28340,MSMIMAX@EC2610A
28341,CIMIMAX@EC2610A
28342,CI-ZAI @EC2610A
28343,HS-ZAI @EC2610A
28344,HSMIMAX@EC2610A
28345,HSGEELY@EC2701A
28347,HS-YOFC@EC2703A
28348,HSGANFE@EC2610A
28349,DS-ZAI @EC2610A
28350,DS-ZAI @EC2610B
28352,DSMIMAX@EC2610A
28353,DSMIMAX@EC2610B
28354,HUGEELY@EC2701A
28355,HU-BILI@EC2609A
28356,HU-BYD @EP2702A
28357,JP-LENS@EC2610A
28359,JPMIMAX@EC2610A
28360,JPMIMAX@EC2610B
28361,JP-ZAI @EC2610A
28362,JP-ZAI @EC2610B
28363,JP-CRL @EC2609A
28364,JP-YOFC@EC2703A
28365,JP-ZAI @EC2610C
28366,JP-BYD @EP2612A
28367,MS-BYD @EC2609A
28368,GJMTUAN@EC2707A
28369,MBMIMAX@EC2610A
28371,CT-BYD @EC2609A
28372,CTTENCT@EC2708A
28373,MB-ZAI @EC2610A
28374,CI-WXAT@EC2701A
28375,UB-HKEX@EP2610A
28376,UBKUASO@EP2610A
28377,UBPINAN@EP2610A
28378,MS-HSI @EC2609A
28379,MSHSTEC@EC2612A
28380,MSALIBA@EC2609D
28381,MS-HSI @EC2609B
28382,SG-ZAI @EC2610A
28384,SG-GCL @EC2611A
28385,BI-MNIU@EC2609A
28386,BI-GEG @EC2610A
28387,BI-ZAI @EC2610A
28389,BI-ZAI @EC2610B
28390,BIMIMAX@EC2610A
28391,BIMIMAX@EC2610B
28392,BIPINAN@EP2610A
28394,DSMIMAX@EC2610C
28396,HUMIMAX@EC2610A
28397,HU-ZAI @EC2610A
28398,HU-KBLH@EC2610A
28399,HUBAIDU@EC2612A
28400,JPGEELY@EC2701A
28403,JPMIMAX@EC2610C
28406,JP-ZAI @EC2610D
28407,JP-CTIH@EC2612A
28408,JPGANFE@EC2610A
28409,JP-CCB @EP2612A
28410,JP-BYD @EC2609A
28411,DSALIBA@EP2609A
28415,CTALUCO@EC2611A
28417,JP-MPSC@EC2611A
28419,JP-JDL @EC2609A
28420,JPSCHLD@EC2610A
28421,JPKUASO@EP2610A
28422,JPPINAN@EP2610A
28423,CTGEELY@EC2701A
28424,BIXIAMI@EP2612B
28425,BI-HKEX@EP2610A
28426,MSGEELY@EC2610A
28428,GJXIAMI@EC2609A
28429,GJGANFE@EC2609A
28430,GJ-HSI @EC2609A
28431,MBCPAIR@EC2707A
28432,MBPICCG@EC2611A
28433,MB-PICC@EC2612A
28434,MB-CPWR@EC2610A
28435,HUPINAN@EC2611A
28436,DS-HKEX@EP2610A
28437,DSMTUAN@EP2612A
28438,DSTENCT@EP2609A
28439,BPMIMAX@EC2610B
28440,BP-ZAI @EC2610B
28441,JPSANDS@EP2612A
28442,SG-ACMT@EC2611A
28443,JP-GEG @EP2610A
28444,JP-SUNY@EP2701A
28445,JP-COSL@EC2701A
28446,MS-ZAI @EC2610A
28447,MSMIMAX@EC2610B
28449,MSMIMAX@EC2610C
28451,JPMIMAX@EC2610D
28453,CT-ZAI @EC2610A
28454,CTTENCT@EC2610A
28455,UBGEELY@EC2610A
28456,HU-ZAI @EC2610B
28457,HUMIMAX@EC2610B
28458,HU-TQL @EC2702B
28459,UB-CATL@EC2612A
28460,UB-BYD @EP2610A
28461,UBTENCT@EP2609A
28467,SG-ZAI @EC2610B
28468,SGMIMAX@EC2610B
28470,CI-KBLH@EC2610B
28471,CTALIBA@EC2609A
28472,SGALIBA@EC2609C
28473,MB-KBLH@EC2610B
28474,MB-BILI@EC2610A
28475,MB-CLIT@EC2610A
28476,MBLAOPU@EC2706A
28477,MBASMPT@EC2610A
28479,JP-CATL@EC2612B
28480,JPCRPOW@EC2612A
28481,JPZHJIN@EC2610A
28482,HUGANFE@EC2610A
28483,HUASMPT@EC2703A
28484,HUZHJIN@EC2610A
28485,HU-CMOB@EC2701A
28486,BPSMORE@EC2610A
28489,MBKINGB@EC2610A
28492,MBCRPOW@EC2701A
28493,JPLENOV@EC2609A
28494,MB-CHQG@EC2610A
28495,MBMIMAX@EC2610B
28498,CTZJGLD@EC2609B
28500,HU-YOFC@EC2703A
28501,HU-LEAP@EC2702A
28502,HU-WPC @EC2611A
28503,CTGANFE@EC2610B
28504,CTAKESO@EC2610A
28505,MB-KBLH@EP2610A
28506,SGMIMAX@EC2610C
28507,SG-ZAI @EC2610C
28511,UBSANDS@EP2612A
28512,UB-GEG @EP2610A
28513,BPJDCOM@EC2612A
28514,BPKINGB@EC2610A
28515,BPGEELY@EC2701A
28516,JPGEELY@EC2610A
28519,JPHRPHA@EC2702A
28521,JPBEONE@EC2610A
28522,JP-ZAI @EC2610E
28524,CI-CATL@EC2609A
28525,MBTRSKY@EC2612A
28526,MBGUMIN@EC2610A
28527,UBTENCT@EC2612B
28528,UB-SMIC@EP2703A
28531,UBGANFE@EC2610A
28532,UBLENOV@EC2609B
28533,HUXTAPI@EC2702A
28536,HUHUAHO@EP2611A
28537,HU-SMIC@EP2610A
28539,HUNFSPR@EC2702A
28541,HUHUAHO@EC2610A
28544,GJ-HKEX@EP2610A
28545,GJTENCT@EC2612B
28546,GJLIAUT@EC2612A
28547,BPKSCLD@EC2610B
28548,BP-SMIC@EP2703A
28550,BPCSHIP@EC2610A
28552,BPHUAHO@EP2612B
28553,HSCSHEN@EC2609A
28554,HSAKESO@EC2610A
28555,HS-COVS@EC2612A
28556,HSXPENG@EC2705A
28558,CIMIMAX@EC2610B
28559,UBCRPOW@EC2612A
28560,BP-CTWR@EC2610A
28561,UB-CATL@EC2612B
28562,UBZHJIN@EC2610A
28563,MB-GWMC@EC2612A
28564,MBHUAHO@EC2610A
28566,GJ-SMIC@EC2611A
28567,BP-YOFC@EC2610B
28568,BPTENCT@EC2612C
28570,DSTENCT@EP2611A
28572,JPMIMAX@EC2610E
28573,JP-GTHT@EC2701A
28574,JPHSTEC@EP2612B
28575,JPHSTEC@EP2610A
28576,JP-PICC@EC2612A
28578,JP-CLIT@EC2610B
28580,JPTENCT@EC2612B
28581,CTHSTEC@EC2610A
28583,HS-SMIC@EC2609C
28584,HS-SMIC@EC2611A
28585,HSTENCT@EC2706A
28586,HS-GWMC@EC2611A
28589,HS-CSPC@EC2609B
28590,SG-CATL@EC2612C
28591,DS-CATL@EC2702A
28594,CT-CHQG@EC2610A
28596,CTXIAMI@EC2609B
28598,JPAKESO@EC2610B
28600,HUBOCOM@EC2609A
28602,HUAKESO@EC2610A
28603,CIXJGST@EC2612A
28604,CI-ZAI @EC2611A
28606,CT-BILI@EC2610A
28607,CTCLIFE@EC2610A
28610,MS-CATL@EC2612C
28611,UBHSTEC@EP2610A
28612,BPASMPT@EC2611A
28614,HUFUYAO@EC2610A
28616,BPPINAN@EC2611A
28617,BP-SMIC@EC2611A
28618,BP-CHQG@EC2609B
28619,BPXIAMI@EC2611A
28620,JP-CTWR@EC2609A
28621,BPKUASO@EC2611C
28624,HS-CATL@EC2612B
28625,HSXPENG@EC2610A
28627,HSXIAMI@EC2609E
28628,HUSMORE@EC2609A
28629,HSTENCT@EC2612B
28631,JPKUASO@EC2706A
28633,JP-CHQG@EC2609B
28634,CT-CMB @EC2611A
28636,CTMIMAX@EC2610B
28637,CI-CMB @EC2611A
28638,CITENCT@EC2611B
28639,GJTENCT@EC2706A
28640,GJXIAMI@EC2609B
28641,UB-SMIC@EC2611A
28642,UB-CTWR@EC2609A
28643,UB-BILI@EC2610A
28647,UBYKENR@EC2612A
28648,BPMIMAX@EC2611A
28650,BP-ZAI @EC2611A
28651,BPTENCT@EC2706A
28653,DSTENCT@EC2706A
28655,HS-CATL@EC2609C
28656,BI-HKEX@EC2610A
28657,BITENCT@EC2706A
28661,UB-CNBM@EC2612A
28662,UBLIAUT@EC2610A
28664,UBINBIO@EC2610A
28665,UB-CHQG@EC2609B
28667,UBKINGD@EC2609A
28668,MS-ZAOL@EC2610A
28670,JP-BILI@EC2610A
28671,JPMTUAN@EC2610C
28673,BPTENCT@EC2612D
28676,CT-ZAI @EC2610B
28678,CI-MGMC@EC2611B
28679,HUMEITU@EC2612A
28681,CISANDS@EC2701A
28683,CI-BILI@EC2611A
28685,CIASMPT@EC2611B
28686,CI-KBLH@EC2704A
28687,BI-KBLH@EC2611A
28688,BISANDS@EC2612A
28689,BI-CMB @EC2612A
28690,BIBYDEI@EC2611A
28691,BI-YOFC@EC2612A
28692,MSXIAMI@EP2611A
28694,MSBAIDU@EP2611A
28695,MSALIBA@EC2611A
28698,MS-YOFC@EC2702A
28699,MSALIBA@EC2706A
28701,MS-WXAT@EC2611A
28702,MSKINGB@EC2611A
28703,MS-KBLH@EC2611A
28704,BPXIAMI@EP2611A
28705,BPALIBA@EP2611A
28707,BPTENCT@EC2611D
28708,BP-KBLH@EC2611A
28709,BPALIBA@EC2612A
28710,BP-SMIC@EP2702A
28711,CT-SMIC@EP2611A
28712,CTHUAHO@EP2611A
28713,UBTENCT@EP2611B
28716,UBXIAMI@EP2611A
28718,UBALIBA@EP2611A
28719,UB-NTES@EP2611A
28720,UBBAIDU@EP2611A
28721,UB-BILI@EP2611A
28722,UBPETCH@EC2611A
28723,UB-GEG @EC2611A
28725,UB-HSBC@EP2611A
28727,UB-CCB @EP2612A
28728,CTSANDS@EC2611A
28729,CT-GCL @EC2611A
28730,CTSPDRG@EC2611A
28732,CTASMPT@EC2611A
28733,MBXTAPI@EC2611A
28734,MBROBSN@EC2611A
28735,MBSCHLD@EC2611A
28737,MB-WPC @EC2703A
28738,HS-SMIC@EP2611A
28739,HS-SMIC@EP2611B
28740,MB-SBPH@EC2704A
28741,HU-CMBC@EC2702A
28742,HUSCHLD@EC2612A
28744,BI-CTWR@EC2609A
28746,HUCPAIR@EC2701A
28747,HUTENCT@EC2612B
28748,HUXIAMI@EC2612B
28749,MBLIAUT@EC2612A
28750,MBASPGI@EC2702A
28751,MBCMOLY@EC2701A
28752,JPASMPT@EC2611B
28753,JPSANDS@EC2612A
28755,MB-WPC @EP2611A
28756,SG-GEG @EC2611A
28757,SGSANDS@EC2612A
28758,SG-KBLH@EP2702A
28760,SG-YOFC@EP2612A
28761,SGFITHT@EC2611A
28762,SG-KBLH@EC2612A
28764,SGALIBA@EP2611A
28765,MBHUAHO@EC2611A
28767,MBEVMED@EC2703A
28768,MB-ZTE @EC2611A
28769,MB-KBLH@EC2703A
28770,CT-BOCL@EC2611A
28771,SG-CTEL@EC2609A
28772,BITENCT@EC2611A
28773,BIXIAMI@EC2612E
28774,BI-SMIC@EC2611D
28775,BI-SMIC@EP2611B
28776,BIALIBA@EP2611A
28778,BIALIBA@EC2611C
28779,BI-HSBC@EP2611A
28781,CT-KBLH@EC2612A
28782,MB-CKH @EC2611A
28785,MSFITHT@EC2611A
28788,MS-HSBC@EC2611A
28792,MS-WPC @EC2611A
28793,CTKINGB@EC2703A
28794,HU-BRIC@EC2704A
28796,HU-MRES@EC2609A
28797,HUCTGDF@EC2702A
28798,HU-GEG @EC2611A
28799,HU-CTWR@EC2704A
28800,HUASPGI@EC2701A
28802,HUTENCT@EP2612A
28803,HU-KBLH@EC2611A
28806,MB-GCL @EC2609A
28807,HUTENCT@EC2611C
28810,UB-CMOB@EP2702A
28811,UBXIAMI@EC2709A
28812,UBMTUAN@EC2611C
28813,CIKINGB@EC2611A
28815,CIHZROB@EC2612A
28816,CISENTM@EC2712A
28818,CIXIAMI@EC2710A
28820,SGHSTEC@EC2612A
28821,SGTENCT@EC2611A
28822,SGHZROB@EC2702A
28823,SGKINGB@EC2701A
28824,SG-HSBC@EC2611A
28827,SG-CGS @EC2612A
28828,JPTENCT@EP2611B
28829,JPXIAMI@EP2611A
28830,JP-WXAT@EC2611A
28831,GJ-CATL@EC2612B
28832,GJGANFE@EC2612B
28833,GJBYDEI@EC2611A
28834,GJ-YOFC@EC2611A
28835,GJ-ZAI @EC2610A
28836,GJHUAHO@EC2610A
28837,GJPOMRT@EC2612A
28838,BP-HSBC@EC2612A
28839,BP-GEG @EC2611A
28841,BPKINGB@EC2612A
28842,HSASMPT@EC2611A
28843,HSKINGB@EC2611A
28844,HS-WPC @EC2701A
28845,MS-LEAP@EC2611A
28847,MSTENCT@EC2611A
28848,MSTENCT@EC2611B
28849,MS-LINK@EC2611A
28851,MSHUAHO@EC2611A
28852,MBHUAHO@EP2611A
28853,MB-SMIC@EP2611A
28854,UB-SMIC@EP2611A
28855,UBALIBA@EC2701A
28856,UBALIBA@EC2612C
28858,UBSANDS@EC2612A
28860,BISENTM@EC2611A
28861,BI-CATL@EC2611A
28862,BI-CLIT@EC2612A
28863,BIKINGB@EC2611A
28864,BI-DFEC@EC2611A
28865,BI-CKH @EC2611A
28866,BIMTUAN@EC2612D
28867,BI-HSBC@EC2611C
28868,CTTENCT@EC2706A
28869,CTXJGST@EC2611A
28870,CT-SMIC@EC2612A
28871,SG-SMIC@EP2611A
28872,SG-YOFC@EC2612A
28873,SG-NTES@EC2612A
28874,SGHUAHO@EP2611A
28875,SG-HSI @EP2611A
28876,MBCITSE@EC2612A
28877,MB-CMBC@EC2703A
28878,GJ-HKEX@EC2611B
28879,GJTENCT@EC2611A
28880,GJ-CMOB@EC2612A
28881,GJXIAMI@EC2710A
28882,GJALIBA@EC2611B
28883,HSHUAHO@EP2611B
28884,HSTENCT@EC2611A
28885,HS-SMIC@EC2612A
28887,HSFITHT@EC2611A
28888,HS-NWD @EC2611A
28890,HS-SMIC@EC2611B
28891,HS-KBLH@EC2611A
28892,HSHUAHO@EC2611A
28893,BP-MGMC@EC2612A
28894,BPTENCT@EC2701A
28895,CIHUAHO@EP2611B
28896,CI-HSBC@EP2612A
28897,CI-SHKP@EC2611A
28901,CIHUAHO@EC2611A
28902,CI-SMIC@EP2611A
28903,CI-CRL @EC2612B
28904,HU-SMIC@EP2702A
28906,HUHUAHO@EP2701A
28907,HUPICCG@EC2701A
28908,HU-CPWR@EC2612A
28909,HU-SMIC@EC2611A
28910,HUHUAHO@EC2611A
28913,HU-BYD @EC2701A
28914,HUALIBA@EC2706A
28915,JP-GCL @EC2609A
28916,HUALIBA@EC2701B
28917,HUALIBA@EC2611D
28918,HU-HSBC@EC2701A
28920,HU-HSBC@EP2701A
28921,JP-KBLH@EP2611A
28922,JPXIAMI@EC2709A
28923,JP-KBLH@EC2611A
28924,JP-GEG @EC2611A
28925,JPJIANC@EC2704A
28927,JP-NTES@EP2611A
28928,MSTENCT@EP2611A
28929,MSSANDS@EP2611A
28930,MS-GEG @EP2611A
28931,MBYUXIU@EC2702A
28932,MBHLAND@EC2703A
28935,DSTENCT@EC2611A
28937,DSTENCT@EC2709A
28938,CIALIBA@EP2611A
28939,CI-ACMT@EC2611A
28940,CI-LEAP@EC2612B
28941,CI-BEKE@EC2701A
28942,CITENCT@EC2611C
28944,CIALIBA@EC2612B
28945,CT-HSBC@EP2611A
28946,CTBAIDU@EP2611A
28947,CTALIBA@EP2611A
28949,SGBAIDU@EP2612A
28952,SGALUCO@EC2611B
28953,SGTENCT@EP2611A
28954,SG-HKEX@EC2611B
28956,SGLENOV@EP2611A
28957,SGTENCT@EC2611B
28958,SGYKENR@EC2611A
28960,SGPETCH@EC2612A
28961,HS-CTWR@EC2609A
28962,GJKUASO@EC2611C
28963,GJALIBA@EC2611C
28964,CT-YOFC@EC2611A
28965,CTHLAND@EC2611A
28967,UBKUASO@EC2706A
28968,UBTENCT@EC2611B
28969,UBSPDRG@EC2611A
28970,HS-CCB @EC2611A
28971,HS-CKH @EC2611A
28972,HSALIBA@EC2611B
28973,HS-BILI@EC2611A
28976,HSLENOV@EC2703A
28977,DS-YOFC@EC2611A
28982,BPCNOOC@EC2611B
28983,BP-SHKP@EC2701A
28984,BP-YOFC@EC2702A
28985,BPPOMRT@EC2612A
28986,BPPETCH@EC2702A
28987,BPHUAHO@EC2611A
28988,BPALIBA@EC2612B
28989,BIHUAHO@EP2611A
28990,BI-TRIP@EC2611B
28991,BIHUAHO@EC2612A
28992,BIBAIDU@EC2612A
28993,BICLIFE@EC2612A
28994,UBJDCOM@EC2609A
28996,BI-TTI @EC2612A
28997,BIHUAHO@EC2611B
28998,BIALIBA@EC2612C
28999,BIALIBA@EC2611D
29000,BI-BYD @EC2611C
29001,HU-NWD @EC2702A
29002,HU-TMEG@EC2703A
29004,HU-TCL @EC2612A
29006,HUPINAN@EP2701A
29007,HUCLIFE@EC2612A
29008,HUCLIFE@EP2701A
29009,HUTENCT@EC2701A
29010,HUTENCT@EC2611D
29011,HUKINGB@EC2703A
29012,HUYUXIU@EC2705A
29013,HUTENCT@EC2611E
29015,HUPINAN@EC2612A
29016,JPALIBA@EP2611A
29017,JPCLIFE@EP2611A
29018,JP-COVS@EC2611A
29019,JPHUAHO@EP2611B
29020,JP-CRL @EC2611A
29022,JPKUASO@EP2611A
29024,JPLENOV@EP2611A
29025,MB-ZLAB@EC2611A
29027,MB-CMB @EC2611A
29028,MBCSHEN@EC2703A
29029,MSLENOV@EC2611A
29031,MSMTUAN@EC2611B
29033,MBFITHT@EC2611B
29035,DSPOMRT@EP2611A
29037,HUBAIDU@EC2701A
29038,HUHESAI@EC2611A
29039,HUJDCOM@EC2701A
29040,HUJDCOM@EP2611A
29041,HULAOPU@EP2703A
29042,HU-YOFC@EC2611A
29043,UBALIBA@EC2611C
29044,UBCLIFE@EP2611A
29045,UB-HSBC@EC2611B
29048,UB-HSBC@EC2704A
29049,UB-HSBC@EC2612B
29050,CT-CKH @EC2611A
29051,HUCRAIL@EC2609A
29053,CT-SMIC@EC2612B
29055,CIGANFE@EC2612B
29056,CI-HSBC@EC2612A
29058,CI-CCB @EC2702A
29059,CI-CMOB@EC2611A
29060,CIKUASO@EP2702A
29061,MBSPDRG@EC2702A
29062,CI-WPC @EC2701A
29064,CI-SMIC@EC2612B
29065,CI-SMIC@EC2612C
29066,CT-WXAT@EC2611A
29068,CT-PICC@EC2612A
29069,JPTENCT@EC2611B
29070,JPALIBA@EC2611C
29071,JPHUAHO@EC2611A
29072,JPFITHT@EC2611B
29073,JP-TTI @EC2611A
29074,JP-CGS @EC2612A
29075,BP-CMOB@EC2612A
29076,BP-SMIC@EC2701A
29077,BPUBTEC@EC2609B
29078,BP-SMIC@EC2612B
29079,GJXPENG@EC2612A
29080,GJTENCT@EC2611B
29082,GJALIBA@EC2701A
29083,GJ-SMIC@EP2611A
29084,GJ-SMIC@EC2611B
29085,HS-COVS@EC2611A
29086,HSKUASO@EC2611B
29087,HSMEITU@EC2611A
29088,HSCLIFE@EC2611A
29089,HS-CRL @EC2611A
29090,SGTENCT@EC2703B
29091,SGPOMRT@EC2611B
29095,SGHUAHO@EC2611A
29096,SGCLIFE@EC2611A
29097,JPKUASO@EC2701A
29098,GJHUAHO@EP2612A
29099,GJ-BYD @EC2612B
29100,GJ-CATL@EC2701A
29101,BPZHJIN@EC2611A
29102,HUCNOOC@EC2611A
29104,CTBAIDU@EC2609B
29105,MBCFJLG@EC2611A
29106,MBLENOV@EC2701A
29107,HUGUMIN@EC2610A
29108,BITENCT@EC2611B
29109,BI-ACMT@EC2612A
29110,BIKUASO@EC2611B
29111,BI-COVS@EC2611A
29112,BILENOV@EC2611A
29113,BICSHEN@EC2610A
29114,HS-YOFC@EC2611C
29115,HSTENCT@EC2611B
29116,SG-CKH @EC2612A
29120,SGKUASO@EC2702A
29121,BI-WXAT@EC2611A
29122,BI-GTHT@EC2612A
29123,MSALIBA@EC2611B
29125,MSSCHLD@EC2611A
29126,MSJIANC@EC2703A
29127,HUCP&CC@EC2609A
29128,MS-NTES@EP2611A
29129,MS-CRL @EC2611B
29131,HUHK&CG@EC2702A
29132,HU-PMRB@EC2611A
29133,HUZJGLD@EC2612A
29134,HU-CRRC@EC2703A
29135,CTNDPHL@EC2611A
29136,UBTENCT@EC2611C
29138,UBTENCT@EC2611D
29139,UB-CMOB@EC2611A
29141,UBLENOV@EC2611A
29142,UB-SMIC@EC2611B
29143,UBKUASO@EC2701A
29144,MBKINGB@EC2702A
29145,MB-SF  @EC2707A
29146,JP-SMIC@EC2612B
29147,JPBAIDU@EC2612A
29148,JP-LINK@EC2611A
29149,HUZCRRC@EC2706A
29151,CTLENOV@EP2611A
29153,MBCOOPT@EC2701A
29155,MBWASON@EC2611A
29156,MBAMCS3@EC2702A
29158,MB-YOFC@EC2612A
29159,GJLENOV@EC2611A
29160,GJPINAN@EP2701A
29161,GJMIMAX@EC2610A
29162,BI-CKA @EC2611A
29163,BI-TQL @EC2702A
29164,BI-SHKP@EC2612A
29165,CI-TIME@EC2705A
29166,CILENOV@EC2611A
29167,CIKINGB@EC2703A
29168,UBSANDS@EP2611A
29169,SG-SUNY@EC2612A
29170,SGLENOV@EC2612A
29172,MS-KBLH@EC2611B
29173,MSKINGB@EC2611B
29175,MSTENCT@EC2611C
29176,MSTENCT@EC2611D
29177,MSKUASO@EC2701A
29178,CTKUASO@EC2702A
29179,CTLENOV@EC2611A
29180,CT-WPC @EC2612A
29181,BP-ZTE @EC2611A
29182,BPTENCT@EC2612E
29183,BP-CCB @EC3012A
29184,BP-SHEC@EC2702A
29185,BPCLIFE@EC2612A
29186,HSKUASO@EP2611A
29187,HS-LINK@EC2611A
29188,HSJIANC@EC2703A
29189,JPZCRRC@EC2612A
29190,HU-ACMT@EC2705A
29191,HU-CTEL@EC2703A
29192,HUPHANC@EC2703A
29194,HU-BILI@EC2611A
29195,JPCLIFE@EC2611A
29196,JPNDPHL@EC2611A
29198,JP-HSBC@EC2611B
29200,JP-CKH @EC2703A
29201,JP-YOFC@EC2611A
29202,JPLENOV@EC2611A
29203,CIJDCOM@EP2702A
29205,CI-LINK@EC2701A
29206,CICMOLY@EC2611A
29207,CIMTUAN@EP2612B
29208,MB-CTIH@EC2611A
29210,MBASMPT@EC2611A
29211,BIASMPT@EC2612A
29212,BI-CTEL@EC2612A
29213,BIHAESH@EC2611A
29214,CTGEELY@EC2611A
29216,UBALIBA@EP2611B
29218,UB-AIA @EP2702A
29219,CTFITHT@EC2611A
29220,CTTENCT@EC2611A
29221,MS-GEG @EC2611A
29223,MSJDCOM@EP2611A
29224,CT-LINK@EC2611A
29225,CTMTUAN@EP2701A
29226,BPBAIDU@EC2612A
29228,BPLENOV@EC2612A
29230,BPTENCT@EC2611E
29231,CT-SBPH@EC2705A
29232,HS-KBLH@EC2611B
29236,HSKINGB@EC2611B
29237,HS-AAC @EC2704A
29238,HU-SHEC@EC2610A
29239,CTJDCOM@EP2701A
29240,HUNTRAG@EC2705A
29241,HU-CRL @EC2611A
29242,HUMEITU@EC2702A
29243,HU-SZIG@EC2612A
29244,HUFITHT@EC2611B
29247,HULENOV@EC2701A
29248,HULENOV@EP2702A
29249,HU-SUNY@EC2704A
29250,JP-HSBC@EP2611A
29251,JPBYDEI@EC2611A
29254,JPBSSCG@EC2611A
29255,JP-SFMG@EC2611A
29256,JPPHANC@EC2612A
29257,JP-CSPC@EC2611A
29258,JPJDCOM@EP2611A
29259,JPTENCT@EC2611C
29260,JPZJGLD@EC2611A
29261,JPCOOPT@EC2611A
29262,HU-KBLH@EC2703A
29263,HUALIBA@EP2611A
29264,JPBAIDU@EP2611A
29265,CIFITHT@EC2611A
29266,CINDPHL@EC2701A
29268,CI-KBLH@EC2611A
29269,CIPOMRT@EC2611B
29270,GJALIBA@EP2611A
29271,GJ-ZAI @EC2611A
29272,GJ-ZAI @EC2610B
29273,GJHZROB@EC2612A
29274,MSNDPHL@EC2611A
29276,MSASMPT@EC2611A
29277,MSXPENG@EC2611A
29278,CT-HPE @EC2704A
29279,CT3SBIO@EC2706A
29280,CT-DFEC@EC2705A
29281,MBSNTRK@EC2704A
29283,CIZCRRC@EC2704A
29285,HUTRSKY@EC2701A
29286,HU-CCVH@EC2703A
29287,HULIAUT@EP2703A
29288,HU-NIO @EC2703A
29289,JP-KBLH@EC2611B
29290,MB-WXAT@EC2612A
29291,UBPETCH@EC2703A
29292,UBZHJIN@EC2611A
29293,UB-HSBC@EP2611B
29295,UB-AAC @EC2703A
29296,MB-AAC @EC2704A
29297,UBJDCOM@EP2611A
29298,JPSANDS@EP2611A
29301,BP-KBLH@EC2611B
29302,BPGANFE@EC2612B
29303,BPASMPT@EC2611B
29307,BPKINGB@EC2702A
29308,HSHUAHO@EC2611B
29309,HSALIHI@EC2702A
29310,UBJDCOM@EC2611A
29311,JP-PAHT@EC2611A
29312,MSXIAMI@EC2709A
29313,MSROBSN@EC2611A
29315,CI-AAC @EC2611A
29316,JPALIBA@EC2611D
29318,JP-ZAI @EC2610F
29319,MS-NIO @EC2611A
29320,MB-PAHT@EC2612A
29321,MBCTIHK@EC2708A
29322,MB-MGP @EC2703A
29323,MB-PMRB@EC2611A
29324,UBALIBA@EC2611D
29325,UB-BILI@EC2611A
29326,UBKUASO@EP2702A
29327,MBFOPHA@EC2611A
29328,BI-KBLH@EC2611B
29329,BIFITHT@EC2611A
29330,BIHZROB@EC2611A
29331,BIALIBA@EP2611B
29332,BINDPHL@EC2611A
29333,CT-CNBM@EC2611A
29334,CT-AAC @EC2704A
29335,CT-CTEL@EC2611A
29336,CTJIANC@EC2703A
29338,CTINBIO@EC2701A
29339,CTALUCO@EC2701A
29340,BP-YOFC@EC2611A
29342,BPALIBA@EC2701B
29343,HSXJGST@EC2611A
29344,HSINBIO@EC2611A
29345,HSZJSHI@EC2702A
29347,HSUBTEC@EC2611A
29348,SGASMPT@EC2611A
29349,SGINBIO@EC2611A
29350,SG-BILI@EC2612A
29352,SG-WXAT@EC2611A
29355,SGGANFE@EC2611B
29356,SGZHJIN@EC2611A
29357,SGKINGB@EC2612A
29358,SGALIBA@EC2612C
29359,SG-DFEC@EC2611A
29361,SGJIANC@EC2703A
29362,SG-AAC @EC2702A
29363,MSALIHI@EC2702A
29364,HUHAESH@EC2703A
29365,HU-PICC@EC2702A
29370,HU-AAC @EC2704A
29371,JP-CPWR@EC2609A
29372,HUGANFE@EP2702A
29373,JP-HKEX@EC2611B
29374,JPALUCO@EC2611A
29376,JPKINGB@EC2703A
29377,JP-AAC @EC2703A
29379,JP-CKA @EC2611A
29380,HUGFTCH@EC2611A
29381,HUCARSG@EC2706A
29384,JPZHJIN@EC2611A
29385,JPCSHCL@EC2611A
29386,JP-NIO @EC2611A
29387,JP-BILI@EC2611A
29388,SGJIANC@EC2612A
29389,JPHAESH@EC2611A
29390,HUHZROB@EC2611A
29392,HUZHJIN@EC2611A
29393,MBZHJIN@EC2611A
29396,CI-WUXI@EC2611A
29397,CI-HKEX@EC2706A
29398,CISPDRG@EC2611A
29399,MBBLOKS@EC2706A
29400,CIJIANC@EC2705A
29401,MS-CKA @EC2611A
29402,UBLIAUT@EC2611A
29403,UBHSCEI@EC2612A
29404,UBHSCEI@EP2612A
29405,SGXJGST@EC2611A
29406,CIXIAMI@EC2609B
29407,SGZJSHI@EC2612A
29409,SG-SBPH@EC2703A
29410,MS-CTWR@EC2609A
29411,MBBIREN@EC2611A
29414,MB-GIGA@EC2611A
29415,HS-GIGA@EC2611A
29417,HSMONTA@EC2611A
29423,MBMONTA@EC2611A
29425,BIZJSHI@EC2702A
29426,BIALIBA@EC2703A
29427,BIPINAN@EC2612B
29428,BIKINGB@EC2703A
29429,BIMONTA@EC2611A
29430,BIMONTA@EC2611B
29431,BI-GIGA@EC2611A
29432,BI-GIGA@EC2611B
29433,BPSENTM@EC2612A
29434,CT-LEAP@EC2611A
29435,BPLIAUT@EC2612B
29436,BPZJSHI@EC2701A
29438,BP-SUNY@EC2702A
29439,BPINBIO@EC2612A
29442,BP-SBPH@EC2705A
29443,CTPINAN@EC2611A
29444,CTXIAMI@EC2611A
29445,CILIAUT@EC2704A
29446,CI-GWMC@EC2701A
29448,HU-CRCC@EC2702A
29451,HU-MGP @EC2705A
29452,HU-GIGA@EC2611A
29453,HUMONTA@EC2611A
29454,HU-CMOB@EP2702A
29455,HUBYDEI@EC2611A
29456,HUBIREN@EC2611A
29459,CIBIREN@EC2612A
29460,CI-GIGA@EC2611A
29463,CIMONTA@EC2611A
29464,CI-BYD @EC2611A
29465,CTZHJIN@EC2611A
29472,HUINOSC@EC2611A
29474,CIINOSC@EC2611A
29475,CTTENCT@EC2701A
29478,CTLIAUT@EC2611A
29479,CTHRPHA@EC2611A
29480,JPMONTA@EC2611A
29481,JPINOSC@EC2611A
29482,JPINBIO@EC2611A
29483,JPHZROB@EC2611A
29484,JPHDLIH@EC2611A
29485,JPSPDRG@EC2611A
29486,JP-GIGA@EC2611A
29487,JPBIREN@EC2611A
29488,CT-CSPC@EC2701A
29489,MBXPENG@EC2612A
29490,MBINOSC@EC2611A
29491,MB-J&T @EC2705A
29492,MBCSAIR@EC2708A
29493,CTTENCT@EP2701A
29495,CT-GIGA@EC2611A
29496,CT-LENS@EC2609A
29497,BPXPENG@EC2611A
29498,MSTENCT@EC2611E
29499,BIAKESO@EC2611A
29500,BI-SBPH@EC2704A
29502,CI-ZAOL@EC2701A
29503,CI-HKEX@EC2612A
29504,CISPDRG@EP2611A
29505,CTWASON@EC2611A
29506,UBTENCT@EC2611E
29508,SG-GIGA@EC2611A
29511,SGMONTA@EC2611A
29513,SGHUAHO@EC2611B
29514,SGBIREN@EC2611A
29515,HSPINAN@EC2611A
29516,HS-LENS@EC2611A
29519,JPPINAN@EC2611A
29520,JP-CMOB@EC2611A
29522,JPUBTEC@EC2611A
29524,JP-MRES@EC2611A
29525,JP-SBPH@EC2704A
29526,JP-CATL@EC2701A
29527,JP-BYD @EC2611A
29528,HUSERES@EC2703A
29529,HUTSUGA@EC2611A
29530,HU-HSI @EC2701A
29531,JPXIAMI@EC2611A
29532,JP-XYS @EC2702A
29534,JPTENCT@EC2611D
29535,JP-MIXC@EC2612A
29537,MB-ZGHL@EC2612A
29538,MBNTRAG@EC2611A
29539,MBAIRCN@EC2706A
29540,MB-AGBK@EC2703A
29541,MB-KECL@EC2611A
29543,MBCRAIL@EC2612A
29544,MBBEONE@EC2612A
29545,MBTBREW@EC2705A
29547,BI-SMIC@EP2612A
29549,BIHUAHO@EP2611B
29550,BI-SMIC@EC2612B
29552,MBBOCAV@EC2612A
29554,MBAVICN@EC2611A
29557,MS-DFEC@EC2611A
29558,CTROBSN@EC2612A
29562,CTZJGLD@EC2611A
29563,CT-BILI@EC2611A
29564,CTSPDRG@EC2611B
29565,CT-ICBC@EC2611A
29566,BP-BILI@EC2612A
29567,BPFOPHA@EC2611A
29568,BP-BYD @EC2612B
29569,BP-GIGA@EC2611A
29570,BPMONTA@EC2611A
29571,CT-KBLH@EP2611A
29572,CTMEITU@EC2611A
29573,HUKSOFT@EC2611A
29574,BITENCT@EC2612A
29575,HU-SHEC@EC2702A
29579,HU-CPIC@EC2611A
29581,HUKINGB@EC2702A
29583,BI-HSI @EC2612A
29586,JP-CPIC@EC2611A
29593,UB-SMIC@EP2611B
29594,UB-KBLH@EC2611A
29597,HS-GDS @EC2611A
29599,HSHESAI@EC2611A
29600,HSALIBA@EC2609A
29604,GJ-BYD @EC2611A
29612,GJ-CSPC@EC2612A
29614,GJ-AAC @EC2704A
29615,GJBAIDU@EC2701A
29616,GJTENCT@EC2612C
29617,SG-HSI @EC2611A
29618,HSHZROB@EC2612A
29619,JPLAOPU@EC2612A
29620,JPZJSHI@EC2612A
29621,JP-TIME@EC2706A
29623,JPTINGY@EC2701A
29626,JPCSOFT@EC2703A
29627,SG-CTEL@EC2709A
29628,MB-LUYE@EC2611A
29633,JPSDGLD@EC2611A
29634,JPKSOFT@EC2611A
29635,JPTENCT@EC2611E
29636,JPMEITU@EC2611A
29637,JPSENTM@EC2611A
29639,MSLENOV@EP2611A
29640,MSCSHIP@EC2611A
29641,GJ-CATL@EP2701A
29646,GJ-CATL@EC2611A
29647,BPBIREN@EC2611A
29648,BPALIBA@EC2703A
29649,HUAVICN@EC2611A
29650,HUCCOAL@EC2701A
29651,HUTENCT@EC2611F
29653,CICNOOC@EC2701A
29654,CITENCT@EC2612A
29657,CITENCT@EC2612B
29658,BICP&CC@EC2609A
29659,BICRAIL@EC2609A
29660,CIALIBA@EC2611C
29665,CIMTUAN@EC2611A
29666,SG-NIO @EC2612A
29672,SG-AGBK@EC2702A
29676,SG-SMIC@EC2612A
29679,SGBAIDU@EC2612A
29680,CT-HSI @EC2611A
29681,CT-NTES@EC2702A
29684,HUKSCLD@EC2611A
29693,BIRMGEN@EC2610A
29694,BIZJGLD@EC2702A
29696,BI-YOFC@EC2611A
29697,HU-TCL @EC2609A
29698,CT-HKEX@EC2701A
29701,CT-HSI @EC2611B
29702,CTMONTA@EC2611A
29703,CT-GDS @EC2706A
29704,CTALIBA@EC2611A
29707,CTTENCT@EC2611B
29708,UBXIAMI@EC2611A
29709,UBMTUAN@EP2611B
29710,UB-NTES@EC2612A
29711,UBKUASO@EP2611A
29713,UBXPENG@EP2611A
29714,JP-HSI @EC2611A
29716,JPCCOAL@EC2611A
29718,JPJDCOM@EC2611A
29720,CTKINGB@EC2701A
29725,CT-KBLH@EC2701A
29726,HSTENCT@EC2611C
29729,HS-SUNY@EC2611A
29734,CT-CTWR@EC2703A
29735,HU-GDS @EC2702A
29736,HU-HPE @EC2610A
29737,HUBOCAV@EC2611A
29739,MBHDLIH@EC2703A
29740,MBXIAMI@EC2612A
29741,CT-HSI @EP2611A
29742,MBTCTRA@EC2612A
29748,HUCCCCL@EC2703A
29749,HUAKESO@EP2609A
29750,CTKINGB@EP2703A
29751,JPHSCEI@EP2612A
29753,JPCITSE@EC2611A
29758,JPLENOV@EP2612A
29760,JPHSCEI@EC2611A
29761,BP-ZAI @EC2611B
29762,MBKINGB@EP2701A
29765,MS-CPIC@EC2611A
29768,MSCSHCL@EC2611A
29769,MSTBREW@EC2611A
29770,MSBUDWS@EC2702A
29774,MSCSAIR@EC2706A
29775,MSALIBA@EC2611C
29778,MSZJSHI@EC2611A
29780,MSLENOV@EC2611B
29781,MS-SUNY@EP2611A
29786,HS-HSI @EC2611A
29787,HS-HSI @EP2611A
29788,SG-KBLH@EC2611A
29793,BITENCT@EC2702A
29794,BITENCT@EC2611C
29795,BI-TIME@EC2702A
29798,BIHUAHO@EC2611C
29805,BI-KBLH@EC2702A
29808,BIMEITU@EC2702A
29809,UB-HSI @EP2611A
29811,UB-SUNY@EC2611A
29813,UBMTUAN@EC2611D
29814,UB-HSI @EC2611A
29819,UBLENOV@EP2611A
29820,UB-HSI @EC2611B
29822,JP-HSI @EC2611B
29824,JP-HSI @EC2611C
29826,JP-HSI @EC2611D
29827,CIHUAHO@EC2612A
29828,JP-HSI @EP2611A
29830,JP-HSI @EP2611B
29831,JP-HSI @EP2611C
29833,JPXPENG@EP2703A
29834,JP-SUNY@EC2612A
29840,HS-KBLH@EC2611C
29841,HSLENOV@EP2611A
29842,JP-TRIP@EC2706A
29843,JPLENOV@EC2611B
29844,MSLENOV@EP2611B
29845,MSHUAHO@EP2611B
29848,MSCPAIR@EC2611A
29852,MS-PICC@EC2611A
29856,CIALIBA@EC2609A
29857,CI-YOFC@EC2611A
29858,CILENOV@EC2701A
29860,CI-SMIC@EC2611A
29861,CIASMPT@EC2701A
29862,CIBYDEI@EC2701A
29863,SG-SMIC@EP2701A
29864,SGLENOV@EC2612B
29867,CTCLIFE@EP2611A
29869,CT-CKA @EC2701A
29870,CTZJSHI@EC2612A
29879,CT-TRIP@EC2611B
29880,CTLENOV@EC2611B
29883,JPMTUAN@EC2703A
29889,SG-SMIC@EC2701A
29890,SGHUAHO@EP2612A
29899,SGLENOV@EP2612A
29904,GJ-SMIC@EP2612A
29907,GJHUAHO@EP2612B
29909,GJ-SMIC@EC2612A
29911,GJHUAHO@EC2612A
29914,BP-KBLH@EC2611C
29915,BPLENOV@EC2612B
29917,BIHUAHO@EP2612C
29919,BIXIAMI@EC2611C
29920,UBCNOOC@EC2611A
29921,BIXIAMI@EC2612F
29922,BILENOV@EC2611B
29923,BILENOV@EP2611A
29925,MBVANKE@EC2707A
29928,MBLENOV@EP2612A
29930,CIBYDEI@EC2609A
29931,MBCSOFT@EC2705A
29932,UBLENOV@EP2611B
29933,MB3SBIO@EC2611A
29934,MBWREIC@EC2611A
29935,MB-KBLH@EC2611A
29936,HSHUAHO@EP2611C
29937,HS-SMIC@EP2611C
29938,HSMTUAN@EC2611A
29939,HSLENOV@EC2611A
29940,CTALIBA@EC2611B
29942,HSALIBA@EC2611C
29943,HSALIBA@EC2706A
29944,CI-DGL @EC2611A
29950,CI-GIGA@EC2611B
29951,MBLENOV@EC2612A
29953,DSALIBA@EC2611B
29954,DSXIAMI@EC2612B
29956,JP-KBLH@EC2611C
29957,CTLENOV@EP2612A
29958,BPBYDEI@EC2612A
29961,JPASMPT@EC2611C
29962,JPTENCT@EC2612C
29965,CT-CSPC@EC2708A
29966,CT-MGP @EC2702A
29967,GJPINAN@EC2701A
29968,GJLENOV@EC2612A
29971,GJLENOV@EP2612A
29973,GJTENCT@EC2612D
29975,JP-SMIC@EC2701A
29976,JPCSAIR@EC2701A
29977,SG-DGL @EC2611A
29978,SGTENCT@EC2611C
29979,SGKINGB@EC2612B
29980,SG-BYD @EC2702A
29981,MSHUAHO@EC2611B
29982,MSKUASO@EP2611A
29983,MSLENOV@EC2611C
29984,MS-KBLH@EC2611C
29985,MS-DGL @EC2611A
29986,MS-SUNY@EC2611A
29987,JP-HSBC@EP2703A
29988,UB-SMIC@EP2702A
29989,UBHZROB@EC2611A
29990,UBLENOV@EC2611B
29991,BP-SMIC@EC2612C
29992,BIXIAMI@EC2612G
29993,BIXIAMI@EP2612C
29994,BI-SMIC@EC2612C
29995,BI-SMIC@EP2612B
29996,BIFOPHA@EC2612A
29997,BI-CSPC@EC2612A
29998,BI-SUNY@EC2612A
29999,BI-HSI @EC2612C
40000,JOY TREA B2909
40001,CCB N2611C
40002,CINDA20 N3011
40003,INV GI N2711
40004,INV GI N2811
40005,CR LAND N2811
40006,FE HORI N2711
40007,GRNL GLB N2909
40008,BOCL N2811
40009,HKMC N3011
40010,HKMC N2711
40011,HKMC N5511
40012,QNB FIN N2811
40013,CTGIL N3012
40014,GZ DDH B2711
40015,CNOOC F13 N2909
40016,CNOOC F13 N4909
40018,WESTCHINA N2812
40019,CHGHK TM SGPSB
40020,JOY TREA N2812
40021,CHENGDA B2812
40022,AGRBK N2812
40024,BOCL N2812
40025,BOCL N2712
40026,MMET CS SGPCS
40027,MMET CS SGPCSB
40028,CDXC INV B2812
40030,SUN EXP N2910
40031,GZ URBAN N2812
40032,HKE FIN N3101
40034,SPMTNF N3101
40036,FE HORI N2901
40037,CNCB INTL N3312
40038,URA N3101
40039,URA N3601
40041,AGRBK N3101
40045,SJM INT N3101
40049,SINOPEC N2911
40050,SINOPEC N4911
40051,CSI MTN N3101
40052,FWD GHL N3312
40053,GYCIDC B2901
40056,VKEREHK N2911
40058,SHK&CO N2901
40060,CFAMC IV N2911
40061,KS N3101
40063,KS N3601
40064,XTALPI B2701
40066,CSSC B3101
40067,LINK FIN N3602
40071,PION REW N2802
40072,HKE FIN N3602
40073,YCDFHC B2901
40076,CHINA OVS N2911
40077,BOLT IN B3302
40078,ZOOMLN B3102
40080,WESTCHINA N2911
40081,CMBCIF B2902
40082,CDBL F1 N3102
40084,TF SEC N2802
40085,SHENGZHOU B2902
40086,CICCMTN N2802
40087,CICCMTN N2902
40088,YX REIT N2902
40090,XYGOLD B2902
40093,SXSY CIO N2903
40095,CHGHK TM B2912
40099,CHANG DEV B2903
40100,GUOTAI JA N2909
40102,WYNN MAC N2912
40104,TJ SCIM B2612
40105,TJ SCIM B2912
40106,TJ SCIM B3912
40108,INDSTRLBK N2903
40110,NWD (MTN) N4912
40111,SCGZ IN N2803
40117,KWG GROUP N2701
40124,ICBC N2903
40127,ICBC N2903B
40130,SHKP(CM)L N3001
40132,ICBC N2903C
40135,BCEG HK B2903
40136,DJ HAIYU B2903
40137,CHALCO CH B2904
40138,SOAR WIND GPCS
40141,SPAC MTN N3001
40142,20201WST N5108
40146,CSSC B3002
40149,ZJCXJK B2612
40152,SF HLDG N3002
40156,SINOSING B3002
40158,CCCI TSR SGPSB
40162,CITIC LTD N3002
40167,CFAMC IV N3002
40168,MICROPORT B2812
40172,MTRC N3104
40174,GRNL GLB N3003
40178,CHINA OVS N3003
40179,CHINA OVS N3503
40180,CDXJ B2612
40181,MTRC N3604
40182,MTRC N5604
40189,CP MTN N2904
40192,CINDA20 N2703
40193,CINDA20 N3003
40198,IFC DEV N3004
40199,AIA GROUP N3004
40200,PETRONAS N3004
40201,PETRONAS N5004
40202,PETRONAS N6004
40204,SUN EXP N3004
40208,AIR AUTH N2905
40209,XIAOMI BT N3004
40212,WHARFREIC N3005
40213,RUDONG JX B2612
40216,AIR AUTH N3105
40217,SHKP(CM)L N3005
40221,SINOPEC N3005
40222,SINOPEC N5005
40223,NWD (MTN) N3005
40226,CDYL B2612
40236,HYSAN MTN N2706
40240,TENCENT N3006
40241,TENCENT N5006
40242,TENCENT N6006
40247,SANDS N3006
40248,HKE FIN N3006
40251,AIR AUTH N3605
40253,CHAMP MTN N3006
40254,GRNL GLB N2812
40257,MENGNIU B3006
40260,CAPCO FC N3006
40262,NWD FIN GSPCSB
40265,MGM CHINA N3305
40271,CNPC GLB B3006
40272,CXSOA B2612
40278,COSL SG N3006
40282,BEA N3205
40286,RUDONG JX B2701
40287,RUDONGJX B2701B
40289,CLP-PF N3006
40290,CLP-PF N3506
40299,SHA PG B3007
40307,AIR AUTH N2707
40320,GRNL GLB N2904
40321,GRNL GLB N3101
40322,BOCL N2905
40327,ICBCIL N2905
40328,GREENTOWN N2905
40335,STATEGRI N3008
40336,NFTL B3605
40342,CMB ILM N3008
40349,MTR CORP N3008
40350,CGWIH V B3008
40353,EL GLO SGPCSA
40357,WYNN MAC N2808
40359,HKE FIN N3008
40361,JICZHIXIN B3008
40366,TME N3009
40373,FPC RES B2709
40376,TFI N2805
40378,PANTHER GSPCS
40380,GZ METRO N3009
40382,CON RD B3009
40383,ENNENERGY N3009
40384,AIA GRP T2S4009
40392,BOCL N3105
40398,HCG N2905
40402,CCBL1CORP N3009
40404,CFAMC IV N3009
40413,YSCO B2905
40416,BOCOMLM N2906
40418,SFG INTL B2906
40420,AMIPEACE N3010
40421,LICHENG B2906
40423,HLAND MTN N3306
40426,BLOSSOM N3010
40433,CDB N3010
40435,MEITUAN N3010
40436,MTRC N3406
40439,MTRC N3806
40443,WENS FOOD N3010
40448,MTRC N4606
40454,LENOVO N3011
40456,CCB N2906
40462,CCB N3106
40468,JOY TREA B3011
40470,TENCENT N3606
40472,TENCENT N4606
40491,HKMC N2806
40492,HKMC N3106
40494,WLI B3606
40497,ICBC N2906
40498,CHINA EDU B2906
40499,UETD CD N2701
40500,AIR AUTH SPCSA
40504,NWD FIN GSPCSC
40506,OTPBANK N3612
40508,LOGAN GRP N2612
40511,XIAOMI BT B2712
40512,PANTHER GSPCSA
40515,GNEPI B2906
40518,STANC PSCCSF
40521,SINOPEC N3101
40522,SINOPEC N5101
40527,LOGAN GRP N2801
40534,NWD (MTN) N3101
40536,SX CD B2906
40541,CINDA20 N2801
40542,CINDA20 N3101
40544,CHGHK TM B3101
40548,WESTWOOD N3101
40549,CDB N2707
40553,CDB N2907
40554,SWHY INTL B2907
40557,FWDGHL SDCS3204
40560,CHAM PATH N2801
40565,XUNCE B2707
40566,FUBON BK N3607
40567,JKPHK B2907
40573,CNCB IT UCS E
40581,AIR AUTH N3102
40582,AIR AUTH N5102
40585,SANDS N3006A
40586,HLP FIN N2702
40587,ANHUI THG B2907
40589,CMB ILM N3102
40593,CMB ILM N2907B
40599,TZ URBAN B2907
40604,CAPCO FC N3103
40608,LAISUN26 N2907
40609,HLP FIN N2703
40619,MYS SSB C3204
40625,PETRONAS N2803
40634,MGM CHINA N2702
40637,MYS SSB C3607
40647,YLDKING N2908
40648,PIONREW N2908
40654,PIONREW N2908B
40655,TENCENT N3104
40656,TENCENT N4104
40657,TENCENT N5104
40658,TENCENT N6104
40660,MEITUAN B2704
40661,MEITUAN B2804
40662,MYS WSB C3104
40663,MYS WSB C5104
40665,LUSO NCCB
40671,PETRONAS N3201
40672,PETRONAS N6104
40676,TAL Y IN B3105
40677,CSI MTN N3108
40680,CNMCL B3109
40691,CLP-PF N3605
40693,SC NXI B2909
40698,CKI FIN GPCS
40700,AAC N3106
40708,JN LIXIA B2909
40709,TME N3109
40711,NWD FIN GSPCSD
40713,TME N3609
40721,AIA GROUP RSPSB
40742,NWD (MTN) N5106
40763,XIAOMI BT B3107
40764,XIAOMI BT B5107
40771,CLP-PF N3107
40772,CLP-PF N3107B
40789,CKI FIN GPCSB
40793,ICBCIL FN N3108
40813,BAIDU N3108
40814,BAIDU N2702
40835,AIA GRP SDS3309
40849,GZ METRO N2609
40851,EHI CAR N2609
40852,SANDS N2703
40853,SANDS N2903
40854,SANDS N3108
40856,SINOCHEM N2609
40857,SINOCHEM N3109
40864,ICBC UCB
40870,SE GLOBAL N2609
40872,PANTHER GSPCSB
40875,XINGCHENG N2610
40878,20211WST N5304
40882,AIA GRP SDS5110
40886,CDHT INV N2610
40887,FE HORI N2610
40889,HUALU INT B2610
40890,HNXJ NAD B2610
40895,ICBC N2610
40900,HCG N2610
40903,DAHSING B N3111
40905,ICBCIL FN N2611
40908,YCIC IHK N2611
40910,AMIPEACE N2611
40920,SF HLDG N2611
40921,SF HLDG N2811
40922,SF HLDG N3111
40930,CGWIH V B2611
40931,RONGSHI N2611
40932,SY UCHK B2611
40935,YUEYANG B2611
40939,SINOCHEM N2611
41533,XA GX GOLD CC-U
41555,AGX HSDIV ENH-U
49514,UB#DJIA RP2812V
49515,SG#DJIA RC2609C
49522,SG#NQ100RC2609D
49525,SG#DJIA RC2612A
49535,SG#DJIA RC2612B
49537,SG#NQ100RC2612A
49539,SG#S&P  RC2612A
49541,UB#DJIA RC2612A
49546,SG#NQ100RC2612B
49559,JP#NQ100RC2609C
49560,SG#DJIA RC2612C
49561,SG#NQ100RC2612C
49562,SG#NQ100RC2612D
49563,SG#S&P  RC2612B
49564,UB#DJIA RC2612B
49565,UB#DJIA RC2612C
49566,UB#DJIA RC2612D
49567,UB#NQ100RC2612A
49568,UB#NQ100RC2612B
49569,UB#NQ100RC2612C
49570,SG#S&P  RC2612C
49571,SG#NQ100RC2612E
49572,MS#NQ100RC2612A
49573,MS#DJIA RC2612A
49574,MS#S&P  RC2612A
49575,SG#NQ100RC2612F
49576,SG#NQ100RC2612G
49578,JP#NQ100RC2609D
49584,UB#NQ100RC2612D
49585,UB#NQ100RC2612E
49586,UB#NQ100RC2612F
49588,SG#S&P  RP2812T
49590,SG#S&P  RC2612D
49592,SG#NQ100RC2612H
49593,SG#DJIA RC2612D
49595,SG#NQ100RC2612I
49596,JP#NQ100RC2612A
49597,JP#S&P  RC2612A
49598,JP#DJIA RC2612A
49599,UB#NQ100RC2612G
49600,UB#NQ100RC2612H
49603,SG#NQ100RP2812K
49604,SG#NQ100RC2612J
49608,JP#S&P  RP2812L
49609,SG#S&P  RC2612E
49610,SG#NQ100RP2812E
49611,SG#NQ100RC2612K
49612,SG#DJIA RP2812Z
49613,SG#DJIA RC2612E
49614,SG#NQ100RP2812F
49616,UB#DJIA RC2612E
49617,UB#DJIA RC2612F
49618,UB#DJIA RP2812Y
49619,UB#NQ100RC2612I
49622,UB#NQ100RP28123
49623,UB#NQ100RP28124
49624,UB#NQ100RP28125
49625,UB#NQ100RP28126
49626,HS#NQ100RP2812D
49627,HS#NQ100RP2812E
49628,SG#NQ100RP2812C
49630,BP#NQ100RP2812H
49631,BP#NQ100RP2812I
49632,JP#NQ100RP2812Z
49633,JP#NQ100RP28121
49634,JP#NQ100RP28122
49635,JP#NQ100RP28123
49637,SG#S&P  RP2812V
49638,JP#NQ100RP28124
49639,UB#NQ100RP28127
49640,SG#DJIA RP28121
49642,SG#NQ100RP2812D
49643,UB#NQ100RP28128
49644,UB#NQ100RP28129
49647,UB#DJIA RP2812Z
49648,UB#DJIA RC2612G
49649,SG#DJIA RP28122
49651,SG#NQ100RP2812A
49652,SG#S&P  RP2812W
49653,SG#DJIA RC2612F
49657,MS#NQ100RP2812E
49658,MS#DJIA RP2812F
49660,MS#DJIA RC2612B
49662,MS#S&P  RC2612B
49663,MS#NQ100RP2812F
49665,SG#NQ100RP2812R
49667,UB#NQ100RP2812G
49671,UB#DJIA RP28121
49672,UB#DJIA RC2612H
49676,JP#DJIA RC2612B
49681,JP#NQ100RP28129
49683,SG#DJIA RP28123
49684,SG#DJIA RC2612G
49685,SG#S&P  RC2612F
49686,JP#S&P  RP2812N
49687,JP#DJIA RP2812Z
49688,JP#S&P  RC2612B
49689,JP#DJIA RC2612C
49690,JP#NQ100RC2612D
49691,UB#NQ100RC2612P
49692,UB#DJIA RP28122
49693,UB#DJIA RP28123
49695,UB#DJIA RC2612J
49696,SG#DJIA RP28124
49697,SG#NQ100RC2612P
49698,SG#S&P  RP2812X
49699,JP#DJIA RP28121
49700,JP#NQ100RP2812A
49701,JP#NQ100RP2812C
49702,JP#DJIA RP28122
49703,UB#DJIA RP28124
49704,UB#NQ100RP2812F
49982,JP#NQ100RC2609B
49983,JP#DJIA RP2812R
49984,JP#DJIA RP2812S
49993,SG#S&P  RC2609B
50006,CI#HSI  RC2709A
50010,HU#HSI  RC2609X
50016,HS#HSI  RC2708A
50018,HS#HSI  RC2708B
50045,BP#HSI  RC2610S
50048,BP#HSI  RC2610T
50050,SG#HSI  RC27078
50051,SG#HSI  RC27079
50052,SG#HSI  RC2707A
50053,BP#HSI  RC2610W
50057,BI#HSI  RC2609M
50058,HS#HSI  RC2611P
50059,HS#HSI  RC2609P
50060,HS#HSI  RC2609Y
50063,JP#HSI  RC2610U
50086,UB#HSI  RC2708Q
50099,JP#HSI  RC2709A
50106,CT#HSI  RC2709C
50114,UB#HSI  RC2611W
50115,BI#HSI  RC2609N
50116,BI#HSI  RC2609O
50131,HS#HSI  RC2708D
50132,HS#HSI  RC2708E
50134,HU#HSI  RC2609O
50136,HU#HSI  RC2609S
50137,HU#HSI  RC2609W
50141,HU#HSI  RC2609P
50168,SG#HSI  RC2709A
50169,SG#HSI  RC2709B
50170,SG#HSI  RC2709C
50171,SG#HSI  RC27087
50196,HS#HSI  RC2610T
50205,UB#HSI  RC2707R
50206,SG#HSI  RC2609E
50234,BP#HKEX RC2703A
50266,BP#HSI  RC2708Y
50272,HU#HSI  RC2708B
50276,CI#HSI  RC2709B
50277,CI#HSI  RC2709C
50289,BI#HSI  RC2609P
50290,BI#HSI  RC2609Q
50292,HS#HSI  RC2611V
50293,BI#HSI  RC2609R
50294,BI#HSI  RC2609S
50316,MS#HSI  RC2809A
50325,HS#HKEX RC2611C
50330,JP#HKEX RC2704A
50347,JP#HSI  RC2709I
50379,UB#HKEX RC2609D
50385,UB#HSI  RC2709A
50392,UB#HSI  RC26113
50400,SG#HSI  RC2707E
50401,SG#HSI  RC2709D
50402,SG#HSI  RC27088
50403,SG#HSI  RC27089
50404,SG#HSI  RC2708C
50405,SG#HSI  RC2708D
50411,SG#HKEX RC2610A
50429,BI#HSI  RC2609T
50430,BI#HSI  RC2609U
50432,BI#HSI  RC2609V
50453,HS#HSI  RC2708H
50456,HS#HSI  RC2708I
50461,HU#HSI  RC2708D
50463,HU#HSI  RC2708F
50466,BP#HSI  RC27085
50473,BP#HSI  RC2708A
50488,MS#HSI  RC2806J
50489,MS#HSI  RC2806K
50490,SG#HSI  RC2708F
50491,SG#HSI  RC2707H
50496,SG#HSI  RC2709E
50503,SG#HSI  RC2709F
50504,SG#HSI  RC2708H
50505,SG#HSCEIRC2709A
50514,SG#HSI  RC2708G
50515,SG#HSI  RC2709G
50518,GJ#HSI  RC2709A
50522,GJ#HSI  RC2709B
50523,GJ#HSI  RC2709C
50547,UB#HSI  RC2708Y
50562,UB#HSI  RC2709E
50570,UB#HSI  RC2707T
50584,JP#HSI  RC2709M
50599,HU#HSI  RC2708G
50624,GJ#HSI  RC2709D
50626,CI#HSI  RC2805C
50648,BP#HKEX RC2703B
50649,BP#HKEX RC2703C
50671,BI#HSI  RC2709A
50672,BI#HSI  RC2709B
50673,BI#HSI  RC2709C
50677,MS#HSI  RC2809B
50685,SG#HSI  RC2709H
50688,SG#HSI  RC2707I
50689,SG#HSI  RC2707J
50699,UB#HSI  RC2709F
50702,UB#HSI  RC27085
50706,UB#HSCEIRC2709A
50720,JP#HSI  RC2709Q
50754,BP#HSI  RC2706I
50756,BP#HSI  RC2706J
50758,BP#HSI  RC2706K
50771,HU#HSI  RC2708K
50772,HU#HSI  RC2708L
50785,BP#HKEX RC2703D
50802,BP#PINANRC2706C
50826,GJ#HSI  RC2709G
50827,GJ#HSI  RC2709H
50842,MS#HKEX RC2610A
50843,MS#HKEX RC2610B
50852,MS#HSI  RC2809C
50863,HS#HSI  RC2709G
50870,BI#HSI  RC2709D
50871,BI#HSI  RC2709E
50907,CT#HKEX RC2610A
50914,SG#HSI  RC2707K
50933,HS#HSI  RC2611Z
50935,SG#HSI  RC2709K
50936,SG#HSI  RC2709L
50937,SG#HSI  RC2709M
50938,SG#HSI  RC2708I
50940,SG#HKEX RC2610B
50941,SG#HKEX RC2610C
50949,SG#CMB  RC2708A
50957,SG#HSCEIRC2709B
51002,UB#HSI  RC2709I
51003,UB#HSI  RC2709J
51005,UB#HSI  RC27088
51006,UB#HSI  RC2707W
51021,UB#HKEX RC2610D
51030,JP#HSI  RC2709V
51051,JP#HKEX RC2610C
51052,JP#HKEX RC2610D
51073,HU#HSI  RC2708Q
51085,HS#HSI  RC2709M
51088,HS#HSI  RC2709P
51121,CT#HSBC RC2612B
51129,BP#HSI  RC2706C
51137,GJ#HSI  RC2709J
51152,SG#HSI  RC2708K
51167,SG#CCB  RC2709A
51171,SG#ICBC RC2712A
51172,SG#PINANRC2710A
51176,SG#BOCL RC2709A
51224,UB#HSI  RC2709M
51227,UB#HSI  RC2708D
51275,JP#HKEX RC2610E
51346,MS#HKEX RC2611A
51373,BP#HKEX RC2703E
51374,BP#HKEX RC2703F
51391,UB#CMB  RC2611A
51419,SG#HSI  RC2709Q
51422,SG#HKEX RC2610D
51447,SG#HSI  RC2707B
51535,JP#HKEX RC2704B
51554,BP#HSI  RC2709E
51561,BP#HSI  RC2709K
51602,UB#HKEX RC2610E
51613,UB#BOCL RC2707A
51615,UB#HSBC RC2704B
51627,UB#HKEX RC2610F
51644,UB#HSI  RC2709R
51657,HS#HSI  RC2708J
51666,HS#HKEX RC2609A
51678,UB#HSI  RC2610Z
51911,SG#HKEX RC2704A
51980,UB#JDCOMRP2712A
51984,UB#MTUANRP2712G
52422,SG#JDCOMRP2712B
52450,CT#JDCOMRP2712A
52532,UB#MTUANRP2712H
52539,UB#JDCOMRP2712B
52559,UB#AIA  RP2712B
52660,JP#JDCOMRP2703B
52809,BP#JDCOMRP2703I
52888,HS#MTUANRP2712C
52942,MS#MTUANRP2712E
53000,UB#HSI  RP2811C
53002,UB#HSI  RP28118
53003,UB#HSI  RP2804U
53004,UB#HSI  RP2811D
53005,UB#HSI  RP28086
53008,JP#AIA  RC2710J
53009,UB#HSI  RP2808D
53011,UB#HSI  RP2811G
53012,UB#POMRTRP2812L
53013,HU#CLIFERC2712A
53021,SG#HSI  RP29033
53022,SG#HSI  RP2903Q
53023,UB#HSI  RC28037
53031,SG#PETCHRC2710C
53033,UB#HSI  RP2804Z
53039,UB#CLIFERP2805D
53040,UB#CLIFERP2805I
53041,JP#HSI  RC2710P
53046,BI#TENCTRP2812I
53055,GJ#HSI  RP28042
53056,GJ#HSI  RP28047
53057,GJ#HSI  RP2903H
53062,GJ#HSI  RP2804A
53070,UB#HSI  RP2811H
53071,HU#HKEX RC2612A
53072,SG#MTUANRP2712I
53073,HU#HSI  RC28098
53074,GJ#HSI  RP2804C
53079,UB#HSI  RP2811B
53081,UB#HSI  RP28041
53089,HS#POMRTRP2711C
53094,UB#LIAUTRP2612A
53095,HS#TENCTRP2801D
53099,JP#PINANRC2710K
53101,JP#AIA  RC2710E
53111,UB#SENTMRP2611A
53123,UB#HSI  RP2811K
53124,JP#HSI  RP29023
53125,HS#HUAHORC2611A
53127,SG#HSI  RP2802B
53130,SG#TENCTRP2812P
53131,JP#HSI  RP29026
53133,UB#PINANRC2710Q
53134,UB#PINANRC2710R
53138,SG#TENCTRP2812Q
53144,JP#HSI  RP2902D
53146,JP#HSI  RP28122
53147,DS#HSI  RC2811Q
53150,UB#YOFC RC2612K
53151,JP#HSI  RP2812I
53154,UB#HSI  RP2901E
53155,UB#HSI  RP2901F
53161,JP#HSI  RP2812O
53165,SG#HSI  RP29032
53166,SG#TENCTRP28122
53168,JP#HSI  RP2812U
53174,JP#HSI  RP28114
53176,SG#ALIBARP2810O
53181,SG#BYD  RP2811C
53182,HS#PINANRC2711L
53183,JP#HSI  RP2812W
53184,JP#HSI  RP28117
53185,JP#HSI  RP2811L
53188,UB#CP&CCRC2711B
53189,SG#SMIC RP28122
53194,UB#PETCHRC2611A
53196,UB#CSHENRC2707D
53197,JP#HSI  RP28115
53200,SG#ALIBARP2811I
53203,DS#HSI  RC2811R
53204,JP#HSI  RP28116
53206,JP#HSI  RP2902S
53209,GJ#HSI  RP2811Z
53213,SG#CLIFERC2612B
53219,UB#POMRTRP2808F
53223,BI#HSI  RP2804R
53224,DS#HSI  RC2811V
53225,BI#HSI  RP2804Y
53234,JP#HSI  RP28119
53238,JP#HSI  RP2812C
53241,JP#HSI  RP2812X
53242,JP#TENCTRC2612F
53245,JP#SMIC RC2701E
53246,JP#AIA  RP2804A
53248,BI#POMRTRP2808F
53270,SG#HSBC RC2809B
53273,HS#PINANRC2710H
53276,JP#HSI  RP2906B
53281,MS#HSI  RC2708S
53284,SG#HSI  RP28043
53286,JP#POMRTRP2808M
53290,JP#MTUANRP2808D
53301,JP#HSTECRP2812B
53302,JP#HSTECRP2812C
53303,SG#HSI  RC2711C
53304,SG#HSI  RP28035
53313,UB#JDCOMRP2712D
53315,HU#YOFC RC2702C
53316,HS#HSI  RP2903L
53318,JP#HSTECRP2812D
53319,SG#HSI  RC2712A
53320,SG#HSI  RC2712B
53327,JP#HSTECRP2812E
53329,UB#MTUANRP2712I
53331,UB#MTUANRP2712J
53332,GJ#HSI  RP2804T
53333,GJ#HSI  RP2804I
53334,SG#HSI  RP2802C
53335,BP#POMRTRP2806F
53336,GJ#HSI  RP2804K
53340,HU#HSI  RC2612L
53345,GJ#HSI  RP28045
53346,GJ#HSI  RP2804B
53349,SG#HSTECRC2609G
53350,BP#MTUANRP2806B
53357,BP#ALIBARC2611N
53359,UB#CLIFERC2808E
53363,SG#HSI  RP28045
53370,SG#HSI  RP28046
53374,GJ#HSI  RP2804P
53378,CT#HKEX RC2610C
53379,BI#HSI  RP2803F
53381,BI#HSI  RP2803H
53384,BI#HSI  RP2803M
53388,SG#PINANRC2710L
53390,BI#TENCTRP2812B
53394,MS#HSI  RP2902R
53395,BP#HKEX RC2803S
53397,UB#SMIC RC2702B
53406,BI#HSI  RP2803P
53408,UB#YOFC RC2702F
53412,MS#HSI  RP2811Y
53413,SG#XIAMIRP2811G
53415,BP#XIAMIRC2611D
53417,HS#POMRTRC2702B
53418,SG#HSTECRP2812W
53419,MS#HSI  RP2712J
53420,MS#HSI  RP28036
53422,SG#HSTECRP2812X
53429,MS#HSI  RP2802U
53431,HS#MTUANRP2711D
53432,HS#POMRTRP2711D
53433,HS#ZIJINRP2811B
53435,MS#HSI  RP28045
53437,HS#TENCTRC2702A
53438,BP#HSI  RC26104
53439,MS#HSI  RP2803E
53440,MS#HSI  RP28048
53441,HS#SMIC RC2611B
53443,MS#HSI  RP2811Z
53444,SG#YOFC RC2702G
53451,BP#HSI  RC28102
53452,HU#HSI  RP2803P
53453,HU#HSI  RP2803Q
53454,SG#TENCTRP28124
53462,UB#HSI  RC28038
53465,HU#HSI  RP2803R
53466,BP#HSI  RC28103
53472,SG#TENCTRP28125
53473,HU#HSI  RP2803S
53474,UB#HSI  RC28039
53477,UB#HSI  RC2712P
53478,CI#HSI  RP2812H
53487,CI#HSI  RP2812I
53488,CI#HSI  RP2812J
53489,UB#HSI  RC2712Q
53491,SG#POMRTRP2812N
53492,CI#HSI  RP2812K
53497,CI#HSI  RP2812L
53498,CI#HSI  RP2807C
53499,BP#HSI  RC28104
53503,SG#CLIFERC2612D
53511,SG#MTUANRP28127
53517,SG#BYD  RP28129
53525,SG#XPENGRP2812C
53549,CI#HSI  RC2710H
53566,JP#HSTECRP2711A
53568,HS#HSI  RP2904Q
53570,JP#HSCEIRP2710A
53572,UB#TENCTRC27067
53574,UB#TENCTRC27068
53575,JP#HSCEIRC2709A
53577,UB#TENCTRP28113
53579,BP#HSI  RC28101
53589,JP#HSCEIRP2712A
53591,BP#MTUANRC2611I
53593,UB#ALIBARP2812M
53596,JP#HSCEIRC2710B
53605,CI#HSI  RP28028
53607,SG#POMRTRC2702B
53610,CI#HSI  RP2802Z
53611,CI#HSI  RP2808M
53612,CI#HSI  RP28029
53615,SG#HSI  RP2904N
53616,SG#HSI  RP2904O
53617,SG#HSI  RP2903Y
53622,CI#HSI  RP2802A
53626,BP#HSI  RC2901X
53641,BP#HKEX RC2803C
53656,MS#ALIBARP2804A
53660,HS#HSI  RP2803J
53666,JP#JDCOMRP2708C
53686,SG#HSI  RP2804B
53690,BP#ALIBARC2701F
53691,SG#HSI  RP2802E
53695,SG#HSI  RP2803S
53696,MS#HSTECRP2812A
53699,SG#HKEX RC2704T
53701,UB#GJINTRP2706A
53704,SG#CLIFERP2805I
53705,HS#AIA  RC2710A
53706,HS#CLIFERC2710A
53714,BP#HSI  RP2905F
53715,UB#PINANRC2711B
53718,BP#HSI  RP2905H
53730,HS#NTES RC2612A
53732,UB#C MOBRC2809A
53733,HS#HSI  RC28039
53736,SG#SMIC RP28123
53737,HS#HSI  RP2802A
53740,SG#SMIC RC2609F
53742,HS#HSI  RC2710I
53743,JP#MTUANRP2808F
53744,HS#HSI  RC2710H
53745,JP#JDCOMRC2805G
53749,HS#HSI  RP2802E
53753,MS#MTUANRP2712F
53760,HS#HSI  RP2802Z
53762,SG#KUASORP2812Q
53763,UB#XPENGRP2805D
53765,JP#HSI  RC28094
53770,HS#HSI  RP28031
53773,HS#HSI  RP28026
53774,HS#HSI  RP2803I
53777,JP#HSI  RC2710T
53784,BP#LENOVRC2701B
53786,JP#HSI  RC2710U
53791,SG#CLIFERC2711B
53793,HS#HSI  RP2803O
53795,JP#HSI  RC2809D
53799,HS#HSI  RP28028
53801,SG#PINANRP2704D
53802,HS#HSI  RP28033
53804,CT#HSI  RP2802A
53827,CT#HSI  RP2802B
53830,UB#MTUANRP2808D
53832,JP#CITSERC2708B
53834,JP#PINANRC2712D
53835,JP#CLIFERC2712B
53836,JP#HSI  RC2808J
53846,CI#HSI  RP2905E
53853,JP#HSI  RC2710W
53858,UB#GANFERP2710B
53861,JP#TENCTRP2812U
53864,HS#C MOBRC2710C
53870,CI#HSI  RP2905F
53876,UB#HSI  RP2802W
53878,GJ#HSI  RC27113
53881,HS#CCB  RC2808B
53884,JP#HSI  RC2808V
53890,UB#AIA  RP2804A
53893,JP#CLIFERC2612A
53894,JP#HSI  RC2808M
53897,UB#HSI  RP2802E
53898,UB#HSI  RP2802G
53899,UB#ALIBARP2811C
53906,UB#HSI  RP2811L
53907,JP#BYD  RC2701B
53919,UB#HSI  RP2811I
53923,CT#HSI  RP2612Z
53928,UB#HSI  RP2811J
53930,JP#MTUANRC2701F
53936,JP#ALIBARC2707M
53939,UB#PINANRP2804D
53942,UB#HSI  RP2804I
53945,HU#KUASORP2812D
53947,SG#TENCTRC2612E
53949,BP#BYD  RP2806C
53952,HS#XPENGRP2807A
53954,JP#HSI  RP2906E
53956,JP#XIAMIRC2701H
53958,JP#HSI  RP2906F
53959,BP#HSI  RP2812B
53965,UB#JDCOMRC2805V
53969,UB#HSI  RP2804L
53971,BP#HSI  RP2812H
53979,HU#BYD  RP2812D
53980,MS#XIAMIRP2812H
53981,UB#HSI  RP2811M
53998,SG#CLIFERC2808D
53999,SG#CITSERC2611B
54004,JP#HSI  RP2906H
54008,JP#HSBC RC2810E
54015,UB#XPENGRP2812D
54029,JP#XIAMIRP2812H
54049,HS#MTUANRP2712N
54050,UB#HSI  RP2811N
54054,SG#HSI  RC2712E
54058,SG#JDCOMRC2705A
54060,SG#HSI  RC2712G
54063,UB#KUASORP2804F
54066,SG#TENCTRP2811C
54067,SG#CATL RC2706B
54068,SG#CCB  RC2708A
54069,BP#HSI  RP2812L
54070,UB#HSI  RP2811Q
54073,SG#HSBC RC2803D
54075,UB#HSI  RP2808E
54076,UB#KUASORP2807A
54080,CI#HSI  RC2809R
54082,UB#HSI  RP2811R
54084,UB#HSI  RP28048
54085,BI#HSI  RC2809H
54093,UB#MTUANRP2712K
54101,CT#HSI  RC2709Y
54112,CT#CLIFERC2612A
54123,UB#ALIBARP2811D
54151,UB#SMIC RP2703F
54152,CT#HSI  RC2809D
54156,HS#HUAHORC2610B
54157,JP#HSBC RC2806B
54158,HS#TENCTRC2611M
54159,UB#ALIBARP2812E
54165,CT#HSI  RC2809H
54167,UB#ALIBARP2807D
54168,UB#HSI  RP2811T
54169,UB#HSI  RP2804O
54170,UB#HSI  RP28112
54172,BP#BYD  RC2701B
54174,UB#TENCTRP2807K
54181,UB#HSI  RP28117
54182,UB#HSI  RP2804K
54183,UB#HSI  RC2707N
54184,DS#HSI  RP28037
54185,SG#HSI  RC2810X
54186,DS#HSI  RP2803E
54188,UB#HSI  RC2712T
54189,BI#CATL RP2612C
54190,UB#HSI  RC2803L
54193,UB#XPENGRP2805E
54194,SG#HSI  RC2809P
54196,SG#MTUANRP28129
54199,SG#JDCOMRC2611A
54200,SG#JDCOMRC2611B
54201,SG#HSI  RP2902X
54202,SG#HSI  RC2811G
54205,UB#POMRTRC2702A
54206,UB#SMIC RP2703G
54207,SG#HSI  RP29035
54209,HS#CCB  RC2903A
54210,SG#HSI  RP2904G
54212,HS#TENCTRP2907A
54217,SG#ALIBARC2701M
54218,SG#XIAMIRP2811H
54219,SG#HSI  RP2803M
54220,SG#HSI  RC2810Y
54223,SG#HSI  RP28047
54225,SG#HSI  RP28048
54237,SG#BYD  RC2702A
54238,CI#HSI  RP2807Y
54241,SG#HSI  RP2804C
54244,HU#SMIC RC2701B
54245,JP#HSBC RC2810B
54246,SG#HSI  RC28101
54247,SG#HSI  RC2809X
54248,HU#XIAMIRP2812A
54250,HU#XIAMIRC2702B
54254,BP#HSI  RC29018
54256,SG#HSI  RC28093
54257,JP#SMIC RC2610C
54259,UB#HSBC RP2812B
54262,SG#AIA  RP2812F
54265,HS#HSI  RC27102
54266,HS#HSI  RC27103
54267,CT#HSI  RP2804A
54272,JP#AIA  RP2810C
54276,JP#HKEX RP2709B
54278,CT#HSI  RP2802V
54279,CT#HSI  RP28029
54281,JP#HSI  RP2812Y
54283,UB#HSI  RP29016
54287,JP#TENCTRP2903A
54289,UB#HSI  RP2808W
54291,UB#HSI  RP2808X
54292,JP#KB LHRP2702A
54295,UB#HSI  RP29018
54296,UB#HSI  RP2901D
54299,UB#HSI  RP2808Y
54300,BP#HKEX RP2707I
54306,JP#ALIBARP2903A
54308,JP#HKEX RC2709N
54309,SG#TRIP RP2812B
54310,HS#HSI  RP2903C
54314,JP#BYD  RP2812H
54315,HS#HSI  RP29042
54319,UB#SMIC RP2704A
54320,GJ#HSI  RC27117
54321,UB#KUASORP2804G
54322,BP#MTUANRP2803A
54323,UB#HSI  RC2612X
54324,HS#HSI  RP2903E
54326,UB#KUASORP2807B
54337,HS#XIAMIRP2811K
54340,JP#ZIJINRP2811B
54342,HS#HSI  RP2808K
54346,DS#HSI  RP2902D
54352,SG#HSI  RC2712L
54356,SG#HSI  RC2712M
54363,CI#HSI  RC2811L
54364,CI#HSI  RC2901E
54365,BP#POMRTRC2706A
54366,SG#HSI  RC2712N
54369,CI#HSI  RC2804S
54370,HS#CNOOCRC2612C
54375,JP#HSI  RP2812T
54376,CI#HSI  RC2802M
54382,JP#HSI  RP2812V
54384,JP#HSI  RP2812Z
54387,JP#HSI  RP28125
54388,GJ#HSI  RC2809Y
54389,GJ#HSI  RC28095
54391,JP#HSI  RP28126
54401,HU#CATL RP2812H
54402,BI#HSI  RP2803R
54404,BP#XIAMIRP2806X
54406,BI#HSI  RP28032
54407,CI#HSI  RP2808G
54410,GJ#HSI  RC28096
54411,BI#HSI  RP28035
54412,UB#MTUANRP2712L
54413,BI#HSI  RP28036
54417,BI#HSI  RP28037
54418,JP#MTUANRP2807B
54419,UB#HKEX RP2707D
54426,UB#HSTECRP2712D
54428,CI#HSI  RP2808H
54434,UB#HKEX RC2704E
54438,UB#SMIC RC2702C
54440,CI#HSI  RP2808I
54441,UB#HSCEIRP2712A
54445,JP#CITSERC2708C
54446,BP#HSI  RP2905A
54450,BP#HSI  RP2905G
54452,DS#HSI  RP2803F
54453,HS#LIAUTRP2807A
54454,MS#HSI  RC2812U
54455,DS#HSI  RP2803H
54456,DS#HSI  RP2803O
54459,CI#HSI  RP2808J
54460,CI#HSI  RP2808K
54465,CI#HSI  RP2808L
54468,MS#HSI  RC2809N
54469,MS#HSI  RC2811H
54472,DS#HSI  RP2803I
54479,UB#KINGBRP2811B
54481,GJ#HSI  RP2804Q
54482,GJ#HSI  RP2804S
54483,UB#TRIP RP2708B
54484,GJ#HSI  RP28046
54485,UB#CLIFERC2808A
54487,SG#JDCOMRP2712E
54488,UB#CLIFERC2808B
54489,UB#HKEX RP2812O
54490,UB#CLIFERC2808C
54491,UB#TENCTRP28114
54492,UB#BYD  RP2811A
54499,UB#HSI  RP2811P
54500,CI#HSI  RP2808F
54502,UB#HSBC RC2811A
54503,UB#CLIFERC2808D
54504,SG#ICBC RC2710A
54505,UB#HSBC RC2811B
54508,CI#HSI  RP2809B
54509,MS#HSI  RP2803R
54510,SG#BOCL RC2710A
54511,CI#HSI  RP2809C
54512,UB#HSBC RC2811C
54516,CI#HSI  RP2809D
54517,BP#KUASORP2804G
54518,MS#HSI  RP2804O
54519,BP#KUASORP2804H
54522,BI#POMRTRP2808G
54523,CI#HSI  RP2805M
54527,SG#HSI  RP2904Z
54531,SG#CCB  RC2709B
54537,SG#XIAMIRP28122
54538,UB#CITSERC2708C
54539,UB#NTES RC2612A
54540,UB#NTES RC2612B
54541,SG#TENCTRC2612G
54542,JP#HUAHORC2711A
54548,UB#HSI  RC2707U
54549,UB#HSI  RC27071
54550,MS#HSI  RP2902O
54551,MS#HSI  RP2902P
54553,UB#HSI  RC2809A
54554,SG#HKEX RP2811A
54557,SG#YOFC RC2703F
54560,SG#XIAMIRP2812T
54561,SG#TENCTRP2811B
54562,HS#MTUANRP2712D
54566,SG#C MOBRC2809A
54568,HU#TENCTRP2812B
54571,JP#TENCTRP2812G
54574,UB#HSI  RC2809R
54577,UB#POMRTRP2807H
54579,UB#JDCOMRC2805I
54580,JP#TENCTRP2812H
54581,DS#XIAMIRP2712B
54583,UB#HSBC RC2806H
54587,UB#XIAMIRC2612L
54588,JP#CCB  RC2809A
54590,BP#HSI  RP2905Q
54592,BP#TENCTRP2907A
54594,SG#BYD  RP2812A
54596,HS#HSI  RC27107
54601,JP#HSI  RP2812B
54603,HS#TENCTRC2702B
54604,JP#HSI  RP2812F
54605,JP#HSI  RP2812G
54606,UB#ZIJINRC2612C
54608,HS#C MOBRP2711A
54610,BP#ALIBARP2905B
54611,JP#CCB  RP2811A
54613,HS#HSI  RC27108
54614,JP#BYD  RP2810A
54619,UB#YOFC RP2811A
54620,JP#XIAMIRP2907A
54625,DS#HSI  RP2901K
54635,UB#XIAMIRP2612H
54637,JP#HSI  RP2906K
54641,CI#HSI  RP2904X
54644,UB#TRIP RC2612D
54645,SG#HSI  RP2804E
54646,SG#HSI  RP2802L
54647,SG#HSI  RP2803O
54648,SG#HSI  RP2804F
54649,SG#HSI  RP2803T
54651,JP#HSI  RP2906L
54653,SG#TENCTRP2812B
54658,JP#HSI  RP2906M
54662,MS#HSI  RP29025
54668,BP#POMRTRP2806H
54675,HU#HSI  RP2803T
54676,HU#HSI  RP2803U
54684,BP#HSI  RP2804B
54688,SG#LIAUTRP2612B
54689,BI#SMIC RC2612O
54691,BP#HSI  RP2804C
54693,SG#HSI  RC2802A
54696,SG#HSI  RP2904Q
54697,SG#HSI  RP29039
54698,BI#HUAHORC2612E
54699,BP#HSI  RP2804P
54700,SG#HSI  RP2903E
54701,SG#HSI  RP29044
54702,SG#HSI  RP2903S
54703,BP#HSI  RP2804V
54708,SG#XIAMIRP2811I
54709,UB#YOFC RP2812C
54711,UB#HSI  RP28104
54712,UB#HSI  RP2810C
54713,CT#XIAMIRP26122
54717,UB#CCB  RC2808E
54718,UB#AIA  RC2810F
54725,UB#HSI  RC28123
54726,HS#ICBC RC2710A
54727,UB#HSI  RC28126
54730,UB#HSI  RP2804V
54731,UB#HSI  RP28119
54732,HS#CCB  RC2709A
54733,UB#HSI  RP28049
54734,SG#HSI  RC2802B
54735,UB#HSI  RC2812B
54736,BP#HSI  RP28047
54738,SG#HSBC RC2809A
54739,UB#XIAMIRC2702E
54740,BP#HSI  RP2804J
54741,BP#HSI  RP2804K
54742,JP#AIA  RC2706C
54743,UB#HSI  RP2804B
54744,UB#ALIBARP2812F
54747,JP#HSI  RP2902M
54749,JP#HSI  RP2902R
54752,UB#TENCTRC2610M
54754,SG#HKEX RP2712A
54760,UB#HSI  RC2809S
54761,UB#TENCTRP2704A
54763,UB#HSI  RP2901I
54764,UB#HSI  RP2811A
54765,JP#POMRTRP2808N
54767,UB#HSI  RP2804N
54768,UB#HSI  RP2804S
54769,UB#HSI  RP2804T
54770,UB#HSI  RP2811E
54774,BP#TENCTRP2807F
54775,HS#HSI  RP29033
54777,HS#HSI  RC2803H
54780,BP#SMIC RP2712I
54783,BI#HSI  RP2804K
54790,UB#XIAMIRP2812V
54793,HU#TENCTRC2706B
54794,HS#HSI  RP2904B
54795,HU#TENCTRP2809E
54796,HU#ALIBARC2702B
54801,UB#POMRTRP2904E
54802,CI#HSI  RP2805L
54803,JP#HKEX RP2707C
54804,JP#TRIP RP2708B
54805,UB#HSI  RP2901J
54806,HU#AIA  RC2707A
54807,CI#HSI  RP28055
54808,HS#HSI  RC2808B
54809,CI#HSI  RP2805F
54810,JP#XIAMIRP2805A
54812,SG#BYD  RP2812F
54814,SG#HSI  RP2904D
54816,UB#HSI  RP2901K
54821,CI#HSI  RP2812O
54822,JP#XIAMIRP2809E
54824,SG#HSI  RP29024
54825,CI#HSI  RP2805G
54827,HS#YOFC RP2712E
54828,SG#KB LHRC2703D
54830,SG#ALIBARP2810B
54831,UB#HKEX RP2707F
54832,UB#MTUANRP2712M
54833,JP#POMRTRP2808R
54835,HS#BYD  RC2611K
54836,UB#HSCEIRP2712C
54837,JP#TENCTRP2810B
54838,UB#HSCEIRP2712D
54840,SG#CCB  RP2706A
54841,CI#HSI  RP2802C
54842,HS#XIAMIRC2612E
54844,JP#HSI  RP2903Q
54845,HS#HKEX RC2612D
54847,SG#HSBC RC2611A
54849,HS#TENCTRC2611Y
54850,BP#HSI  RP29054
54855,HS#XIAMIRP2810G
54856,BP#HSI  RP2812P
54857,HS#ZIJINRC2612A
54858,BP#HSI  RP2812S
54859,BP#HSI  RP2812T
54860,HS#HSI  RC2808C
54862,BP#HSI  RP2812Z
54863,BP#HSI  RP28126
54864,HS#HSI  RC2808D
54865,BP#HSI  RP29056
54866,HS#HSI  RC2808G
54873,HS#HSI  RP2904Y
54875,HU#HSI  RC28099
54876,HS#HSI  RP29043
54881,SG#TENCTRP2812V
54882,HU#HSI  RC2809I
54885,SG#XIAMIRP2812L
54886,SG#HSTECRP2812Q
54888,SG#XPENGRP2812E
54889,BP#HSBC RC2803A
54892,HS#HSI  RP29044
54894,BP#HSI  RP2905I
54895,BP#HSI  RP2905J
54898,UB#CLIFERC2808G
54899,SG#MTUANRP2812A
54902,UB#HSBC RC2809K
54906,HU#BYD  RC2612B
54911,HS#HSI  RP29048
54912,HS#HSI  RP2904A
54914,UB#MTUANRC2702A
54919,HS#PINANRP2807C
54921,UB#BYD  RP2808A
54923,HU#MTUANRC2701A
54927,BP#HSTECRP2901L
54929,HU#PINANRC2710B
54930,HS#ZIJINRP2807B
54931,BP#HSTECRP2901M
54933,HS#HSI  RP2804S
54934,HS#HSI  RP2804Y
54935,HS#HSI  RP28042
54938,BP#HSI  RP2905K
54944,BP#HSI  RP2905C
54945,HS#HSTECRP2612A
54947,CT#HSI  RP2803Z
54948,CT#HSI  RP28031
54949,HS#HSTECRC2612A
54950,HS#HSTECRP2612B
54959,MS#HSTECRC2609E
54962,DS#HSI  RP2902A
54963,UB#CNOOCRC26102
54964,DS#HSI  RP2902T
54966,DS#HSI  RC28096
54967,DS#HSI  RC28099
54968,DS#HSI  RC2809A
54970,HS#TENCTRP2812C
54972,HS#XIAMIRP2807C
54983,GJ#HSI  RP2903X
54986,JP#HSI  RC2809R
54987,HS#BYD  RP2811B
54989,GJ#HSI  RP2903O
54991,UB#HSI  RC2708L
54992,CI#HSI  RP2805D
54994,HS#CLIFERC2711A
54996,JP#HSI  RP2905X
54998,UB#HSI  RC2708S
54999,JP#HSI  RP2905Z
55000,BP#ALIBARP2805G
55004,JP#HSI  RP29051
55005,CI#HSI  RP2811S
55007,HS#XIAMIRP2711A
55015,JP#HSBC RC2812E
55017,JP#HSI  RP2902W
55018,JP#HSI  RP2902N
55025,JP#HSI  RC2809C
55026,JP#MTUANRC2701G
55029,BP#HSTECRP2901K
55030,BI#HSI  RP2803Q
55031,CT#HSI  RP2902F
55034,CI#HSI  RP2903U
55039,MS#HSI  RP29018
55045,JP#XIAMIRC2701I
55048,JP#ALIBARC2701N
55051,MS#HSI  RP2904A
55053,MS#HSI  RP2904B
55055,JP#AIA  RC2710F
55057,MS#HSI  RP2903L
55060,SG#HSI  RP2904S
55061,SG#HSI  RP2902B
55066,UB#XIAMIRP2809B
55077,SG#HSBC RC2803G
55078,MS#HSI  RP2904D
55079,UB#JDCOMRP2812A
55080,UB#XPENGRP2805F
55081,SG#MTUANRC2611C
55083,UB#PINANRP2804E
55084,BP#HSI  RP2812Y
55085,CI#HSI  RP2905Q
55089,CI#HSI  RP2905R
55092,JP#AIA  RP2811C
55093,SG#HSBC RP2801D
55097,SG#YOFC RC2703B
55100,GJ#HSI  RP2804H
55103,UB#HUAHORC2703B
55106,UB#HSI  RP2811S
55107,CT#JDCOMRP2712B
55108,JP#HSI  RP2906S
55110,JP#ZIJINRC2701G
55111,HU#HSI  RC2809J
55112,HU#HSI  RC2809K
55114,BP#C MOBRC2809C
55116,MS#MTUANRP2812A
55117,MS#KUASORP2812C
55119,UB#HSI  RP2810D
55123,HU#YOFC RP2812B
55125,UB#HSI  RP2810P
55129,UB#HSI  RP2802S
55130,MS#BAIDURP2612C
55137,JP#TENCTRP2810C
55140,UB#HSI  RP2803J
55141,UB#HSI  RP2803P
55147,UB#LENOVRP2810A
55148,UB#HUAHORP28129
55152,UB#GIGA RC2702D
55153,JP#TENCTRC2612G
55157,SG#HSI  RP2902J
55159,SG#HSI  RP2902P
55164,JP#HSI  RP2906O
55165,SG#HSI  RP2903A
55166,SG#HSI  RP29043
55174,UB#AIA  RP2812G
55175,MS#HSTECRP2812C
55176,JP#HSI  RP2906Q
55178,JP#HSI  RP2906R
55179,SG#HSI  RP29034
55180,JP#ALIBARP2812S
55181,BP#TENCTRP2807K
55183,UB#HSI  RC2809H
55187,SG#HUAHORP2810A
55191,BI#HSI  RP2904R
55194,UB#JDCOMRC2805S
55195,HS#TENCTRP2811B
55197,BI#HSI  RP2804U
55198,BI#HSI  RP2804C
55199,HS#HSI  RP2903J
55202,HS#POMRTRP2711E
55204,HS#XPENGRP2807B
55205,SG#HSI  RC2802H
55206,BP#HSI  RP2905N
55208,SG#HSI  RC2802I
55209,BP#HSI  RP2905U
55210,HS#BYD  RP2812C
55211,UB#ZIJINRP2812H
55213,BP#HSI  RP29055
55214,BP#YOFC RC2701E
55222,DS#HSI  RP2902U
55223,MS#HSI  RP2810P
55227,CT#HSI  RP2811G
55229,UB#MTUANRC2612I
55232,BI#CATL RP2612B
55233,GJ#HSI  RP2903T
55237,SG#MTUANRP2712X
55245,JP#HSI  RP2906I
55247,JP#WUXI RC2708B
55248,UB#HSI  RC2802G
55250,DS#POMRTRP2806A
55251,JP#HSI  RP29069
55252,JP#YOFC RC2706C
55258,SG#POMRTRP2812O
55260,MS#MTUANRP2712G
55261,UB#HUAHORC2611A
55262,HS#HSI  RP28032
55264,JP#KB LHRC2702F
55272,JP#HSI  RP2811H
55274,JP#HSI  RP2811R
55277,UB#HSI  RC2812C
55278,JP#TENCTRP2811E
55280,UB#HSI  RC2812H
55281,MS#TENCTRP2808D
55282,GJ#HSI  RP2903L
55283,UB#HSI  RC2812O
55287,UB#HSI  RC2812R
55288,UB#XIAMIRP2907A
55289,CT#HSTECRP2812B
55290,HS#CATL RC2610B
55292,HS#HSI  RP28034
55294,CI#HSI  RP2904Z
55295,CI#HSI  RP29041
55298,SG#HSI  RP2902Q
55304,SG#HSI  RP2908A
55312,HS#HSI  RP28044
55315,SG#HSI  RP2903L
55316,UB#HSI  RC2812Y
55317,CT#CCB  RC2709B
55318,SG#HSI  RP29049
55319,HS#HSI  RP28035
55321,SG#LENOVRC2703C
55325,SG#YOFC RC2703G
55327,UB#HSI  RC2812Z
55328,SG#GEELYRC2707C
55329,MS#HSTECRP2612A
55330,HS#HSI  RP2903D
55331,HS#HSI  RP2903F
55332,GJ#HSI  RC28097
55333,GJ#HSI  RC28098
55336,SG#HSTECRP2812R
55337,UB#HSI  RP2901M
55339,GJ#HSI  RC28099
55340,UB#HSI  RP2901P
55343,SG#AIA  RP2812M
55346,HS#XIAMIRP2812I
55348,HS#HSI  RC2712K
55353,HS#ALIBARP2907A
55354,HS#HSI  RP2903G
55356,BP#HSBC RC2805Q
55361,HS#TENCTRP2907B
55363,JP#XPENGRP2805G
55364,HS#KB LHRC2703B
55366,CI#HSI  RP2808B
55367,HS#BYD  RP2907A
55369,JP#XPENGRP2805F
55373,MS#HSI  RP2903V
55374,BP#HSI  RC26105
55376,BP#HSI  RC2707W
55379,MS#HSI  RP2903W
55382,MS#HSI  RP2903X
55384,HU#HSBC RC2805A
55387,HU#LENOVRC2701B
55388,HS#HSI  RP2903P
55389,HS#MTUANRP2808B
55390,UB#AIA  RC2810C
55391,HS#HSI  RP2804D
55392,HS#TENCTRP2808F
55397,JP#HSI  RP2901L
55399,BP#HSI  RC27071
55401,BP#HSI  RP2905D
55402,HS#ALIBARP2808G
55406,JP#HSI  RP2901M
55407,BP#HSI  RC27072
55408,UB#TENCTRC2706B
55414,MS#HSI  RP28028
55417,UB#AIA  RC2706E
55421,BP#HSI  RC27073
55422,HS#HSI  RP2803C
55423,UB#HSI  RP2901L
55424,UB#KB LHRC2702B
55425,BP#HSI  RC27074
55432,HS#HSI  RP2803F
55434,BP#HSI  RP2905M
55436,UB#HSI  RP29013
55438,HS#HSI  RP2803G
55439,SG#HSI  RP29042
55440,UB#HSI  RP29015
55441,SG#HSI  RP29041
55442,SG#CNOOCRP2705F
55444,UB#HSI  RP2901C
55445,CT#HSI  RP2902G
55450,UB#AIA  RC2610H
55451,CI#HSI  RP29011
55452,CI#HSI  RP2901Y
55458,DS#HSI  RP2901A
55461,UB#CSPC RC2711M
55462,DS#HSI  RP2901B
55466,BI#HSI  RC2809I
55471,JP#ZIJINRP2810B
55474,JP#HSI  RP2906A
55477,JP#LENOVRC2703A
55478,UB#HSBC RC2704D
55481,UB#ICBC RC2708A
55483,JP#GEELYRC2703A
55488,JP#HSI  RC2808A
55489,JP#YOFC RP2811A
55491,MS#HSBC RC2804B
55492,JP#HSI  RC2808B
55496,JP#HSI  RP2901H
55499,JP#HSI  RP2901K
55504,DS#HSI  RP29026
55506,JP#JDCOMRP2802A
55508,BI#SMIC RP2812D
55509,BI#SMIC RP2812E
55511,HS#SMIC RP2801A
55514,HS#HSI  RP2904O
55516,JP#HSI  RC2808D
55518,HS#HSI  RP2904R
55520,HS#HSI  RP2904X
55524,CT#HSI  RP2802G
55526,CT#HSI  RC2812R
55527,HU#YOFC RC2701D
55531,HU#HSBC RP2701C
55532,GJ#HSI  RP28119
55534,HS#SMIC RP2903A
55536,BI#XIAMIRP2701A
55537,HU#HSBC RP2812B
55542,SG#JDCOMRP2812F
55544,HS#TENCTRP2712T
55546,GJ#HSI  RP2903U
55549,GJ#HSI  RP2903V
55550,UB#POMRTRP2808G
55554,UB#CATL RC2705E
55556,MS#CLIFERP2804A
55557,UB#KUASORP2812C
55559,UB#HSI  RP2810Z
55563,UB#XIAMIRC2702H
55575,UB#HSI  RP28089
55576,HU#ALIBARP2809B
55578,UB#HSI  RP28085
55579,UB#HSI  RP2808H
55584,MS#HSI  RP29027
55585,MS#HSI  RP29028
55591,HS#TENCTRP2808A
55595,SG#HSI  RP2812E
55596,SG#HSI  RP29025
55597,HS#HSI  RC2809E
55601,CI#HSI  RP2804C
55603,HS#AIA  RC2710B
55605,HS#TENCTRC2610N
55606,UB#MTUANRP2812C
55607,HS#HSI  RC2809G
55608,HS#XIAMIRP2811E
55609,HS#HSI  RC2809N
55611,HS#HSI  RC2809O
55617,UB#ALIBARP2812G
55620,HS#MTUANRC2612M
55622,SG#HSI  RP29028
55624,UB#HKEX RP2812C
55625,SG#SMIC RP2810A
55627,SG#XIAMIRP2810A
55634,HU#HSI  RP2812E
55635,UB#TENCTRP2812I
55636,UB#TENCTRP2810D
55638,HS#YOFC RP2712F
55647,BP#HSI  RP2905L
55649,UB#CLIFERP2805F
55651,UB#XPENGRP2805G
55653,UB#HSI  RC2612Q
55654,MS#CLIFERC2712A
55656,BP#HSI  RP2905O
55657,HS#KUASORP2712D
55659,BP#HSI  RP2905P
55661,UB#BAIDURP2812C
55663,MS#CLIFERC2612E
55665,MS#HSBC RC2812B
55666,SG#HSI  RP2904X
55669,SG#HSI  RP2902O
55670,MS#HSBC RC2803D
55673,BP#LENOVRC2701D
55677,JP#YOFC RC2702B
55682,JP#XIAMIRP2810D
55685,SG#TENCTRP2812J
55688,SG#AIA  RC2706A
55691,SG#AIA  RC2706B
55694,DS#HSI  RP2901C
55696,CI#HSI  RC2809U
55698,CI#HSI  RC2809Z
55700,BI#ZAI  RP2702A
55702,JP#HSI  RP29062
55705,HS#HSI  RP2903H
55706,HS#HSI  RP2903I
55711,SG#YOFC RC2703C
55712,HS#HSI  RP2903N
55713,SG#CATL RC2609C
55717,UB#HSI  RP2804A
55720,BI#HSI  RP2904S
55721,JP#MTUANRP2908A
55723,UB#HSI  RP2804C
55725,UB#HSI  RP28088
55726,JP#HSI  RP2902I
55727,JP#HSI  RP2902A
55728,DS#HSI  RC2710A
55729,UB#HSI  RP2808L
55730,UB#HSI  RP2804F
55731,HS#HSI  RP29023
55732,UB#HSI  RP2811O
55735,BP#HSI  RC2610Y
55736,CI#HSI  RC28095
55737,BI#POMRTRP2808H
55738,CI#HSI  RC2809E
55740,SG#HSI  RC2811B
55742,SG#HSI  RC28105
55745,HS#HSTECRP2812A
55750,SG#HSI  RC28099
55752,SG#HSI  RC2809D
55753,DS#POMRTRP2807C
55756,SG#XPENGRP2812F
55757,UB#YOFC RC2701E
55758,JP#HSI  RP2902E
55760,SG#HSI  RC2811I
55768,CI#HSI  RP2902B
55770,GJ#HSI  RP29032
55771,HS#MTUANRP2712F
55772,HU#KB LHRC2703B
55774,BP#ALIBARP2810I
55775,UB#ZIJINRC2701C
55777,HU#KB LHRP2810A
55779,SG#MTUANRC2702C
55780,HU#YOFC RC2706B
55782,HU#BAIDURP2810B
55783,HU#PINANRP2802B
55787,UB#AKESORP2702A
55789,SG#ALIBARC2702D
55791,MS#HSI  RP29029
55794,BP#LENOVRC2701E
55803,BP#HSI  RP2905V
55804,BP#HSI  RP2905W
55805,BP#HSI  RP2905X
55807,BP#HSI  RC2610E
55809,SG#YOFC RP2811B
55810,BP#HSI  RP29057
55811,BP#HSI  RP2905B
55815,UB#HSI  RP2812X
55817,UB#KUASORP2907A
55818,UB#XIAMIRP2907E
55823,MS#ALIBARC2701B
55824,HS#HSI  RP28036
55828,HU#BAIDURP2812C
55830,SG#AKESORC2704B
55831,MS#XIAMIRC2701F
55833,UB#HSI  RP2901R
55834,UB#HSI  RP2901T
55835,UB#HSI  RP2812I
55838,SG#C MOBRC2610A
55840,SG#HSI  RP2904B
55841,SG#HSI  RP2904E
55842,SG#HSI  RP29029
55843,UB#HSI  RP29011
55846,DS#XIAMIRP2807A
55847,HS#HSTECRP2812B
55848,SG#POMRTRP2812P
55852,SG#POMRTRP2812Q
55854,SG#HSI  RP29037
55855,SG#GEELYRC2707D
55857,SG#AKESORC2705A
55858,UB#HSI  RP2901N
55860,SG#XIAMIRP2812K
55861,MS#HSI  RC2810V
55862,UB#XPENGRP2804D
55863,SG#GIGA RC2703D
55864,MS#HSI  RC2811I
55865,MS#HSI  RC2812W
55866,SG#HSI  RP2812Y
55868,DS#HSI  RC2809C
55881,CI#HSI  RP2902C
55882,CI#HSI  RP2902D
55884,BI#HSI  RP2809A
55885,BI#HSI  RP2809B
55886,DS#HSI  RC2809H
55891,DS#HSI  RC2809I
55895,HS#HSI  RP29046
55903,DS#HSI  RP2902Z
55904,DS#HSI  RP29021
55905,JP#POMRTRP2807A
55923,UB#HSCEIRP2812B
55926,JP#BYD  RP2812I
55927,HS#ZIJINRC2701C
55932,JP#KUASORC2703A
55933,BP#HSI  RP2812R
55934,JP#XIAMIRP2812K
55935,BP#HSI  RP2812C
55936,JP#ZAI  RC2703C
55937,HS#BYD  RP2907B
55938,CT#HSI  RC27077
55940,HS#C MOBRP2704A
55942,MS#CLIFERP2805A
55943,JP#HSI  RC2809E
55946,HS#YOFC RC2701E
55947,UB#HSI  RP28105
55949,UB#HSI  RP2810U
55950,JP#HSI  RC2809Q
55952,SG#ALIBARC2610A
55953,MS#HSBC RC2812A
55954,JP#HSI  RC2808K
55956,HS#ZAI  RC2703C
55957,UB#HSI  RP2810I
55958,MS#PINANRP2704E
55960,MS#HKEX RP2812B
55965,JP#HSI  RC2808P
55966,HS#XIAMIRP2907A
55967,HS#HKEX RP2812A
55971,JP#HSBC RP2810A
55976,HS#HSI  RP29049
55977,HS#CNOOCRC2812A
55979,JP#AIA  RC2710G
55981,BP#POMRTRP2806I
55982,HS#HSI  RP2812A
55985,HS#XPENGRP2807D
55989,CT#HSI  RP2812V
55990,CT#HSI  RP2902H
55991,MS#HSTECRP2812F
55995,SG#HUAHORC2609D
55997,HS#ALIBARP2802I
55998,CI#HSI  RC2805J
55999,GJ#HSI  RC2810D
56000,GJ#HSI  RP2903M
56002,HS#HSI  RP2904F
56003,JP#BAIDURP2811B
56006,DS#HSI  RP2804X
56008,CI#HSI  RC28053
56009,UB#SMIC RC2702D
56010,CI#HSI  RC28055
56019,CT#MTUANRP2612E
56023,JP#ZIJINRC2701D
56025,HU#ALIBARP2805A
56027,HS#HKEX RP2710C
56031,HS#POMRTRP2710D
56040,JP#HSBC RC2809L
56041,UB#HSI  RP28106
56045,SG#ALIBARP2810H
56047,SG#KUASORP2812X
56048,SG#TENCTRP2812C
56049,SG#HKEX RP28129
56051,CT#HSI  RP2802U
56055,HU#HSI  RC2809L
56059,UB#HSI  RP2901Y
56061,HU#HSI  RC2809O
56062,UB#HSI  RC2807C
56063,UB#HSI  RP2812J
56066,UB#HSI  RP2812K
56069,UB#SMIC RP2812U
56070,CT#HSTECRP2812C
56071,UB#LENOVRC2702B
56072,HS#XIAMIRP2812B
56076,UB#BYD  RP2811B
56078,JP#SMIC RC2611A
56082,BP#HSI  RP2905R
56089,HU#MTUANRC2701B
56090,GJ#HSI  RC2809A
56091,GJ#HSI  RC2809F
56092,UB#KB LHRP2702C
56094,UB#MTUANRP2908A
56095,UB#ZAI  RC2702F
56101,BI#HSI  RC2809U
56107,UB#POMRTRP2807I
56109,SG#HSTECRP2812K
56115,MS#HSI  RC2811K
56116,HS#PINANRP2802A
56120,BP#HSI  RP2905S
56121,BP#HSI  RP29059
56125,BP#HSI  RP2905E
56127,BP#HSI  RP2905T
56130,MS#HSI  RC28099
56134,UB#SMIC RC2610G
56136,JP#ZIJINRC2707A
56137,MS#HSI  RC2810W
56138,BP#HSI  RP29052
56140,BP#HSI  RP29053
56141,JP#AIA  RP2812A
56142,SG#AIA  RC2706C
56143,BP#HSI  RP2904I
56147,UB#HSBC RC2809L
56148,UB#HSI  RC2809M
56153,UB#HSI  RC2809O
56156,HS#HSI  RC28128
56158,SG#MTUANRP2812F
56159,JP#HSI  RP2906Z
56160,UB#HSI  RC2809P
56163,HS#BYD  RP2710G
56164,HS#HSI  RP2904G
56165,HS#HSI  RP2904H
56168,HU#MTUANRC2702C
56170,HS#HSI  RC2611X
56200,UB#YOFC RP2811B
56202,HU#HSI  RP2901A
56203,MS#KUASORP2812A
56205,MS#KUASORP2812B
56208,HS#AIA  RP2811C
56223,SG#HSI  RP2802P
56224,SG#HSI  RP2803V
56225,SG#HSI  RP2804P
56227,UB#HSBC RP2701D
56228,UB#ALIBARC2612R
56229,MS#HSI  RP2904E
56230,UB#HSI  RC2812K
56233,HS#TENCTRP2810I
56236,UB#HSI  RC2812T
56238,MS#HSI  RP2904F
56246,DS#HSI  RC2710B
56247,HS#XIAMIRP2807E
56248,MS#HSI  RP2904G
56252,MS#HSI  RP2904H
56258,BP#TENCTRP2807A
56259,BP#TENCTRP2807B
56268,SG#HSI  RP2812F
56271,BP#HSI  RC26106
56272,SG#HSI  RP2903B
56274,UB#AIA  RP2812J
56275,BP#HSI  RC27075
56277,BP#HSI  RC27076
56278,SG#HSI  RP2904M
56279,HS#CNOOCRP2704B
56280,HS#SMIC RC2610B
56281,SG#HSCEIRP2812A
56282,BP#HSI  RC27077
56283,HS#HUAHORC2611B
56284,BP#HSI  RC27078
56288,GJ#HSI  RP2804F
56289,HU#HSI  RC2710I
56294,SG#HSI  RP2902E
56304,JP#HSI  RP28043
56306,HS#HSI  RC2808H
56307,HS#HSI  RC2808J
56308,SG#HSI  RP2803I
56309,JP#HSI  RP28046
56310,SG#HSI  RP2902F
56311,HS#MTUANRC2612N
56313,UB#BYD  RP2610A
56314,UB#TENCTRC2610O
56316,CT#HSTECRP2812D
56317,JP#POMRTRP2807B
56323,SG#BYD  RP2809A
56329,SG#MTUANRP2809A
56333,SG#BAIDURP2809A
56335,SG#KUASORC2707D
56337,JP#HSI  RP2902X
56341,JP#HSI  RP2902Y
56342,SG#AIA  RP2812K
56343,JP#HSI  RC2811A
56345,HS#HSI  RC2808K
56349,HS#TENCTRP2801E
56353,UB#HSI  RP2812G
56360,UB#CLIFERP2805C
56364,JP#GIGA RC2703A
56367,SG#HSBC RC2809I
56368,HS#HSI  RC2808P
56370,SG#ZAI  RC2703H
56371,SG#CNOOCRP2705C
56372,HS#HSI  RC2808Q
56377,GJ#HSI  RC27091
56379,JP#BAIDURP2810A
56380,SG#SMIC RC2610B
56381,SG#HSI  RC2810J
56382,SG#ZIJINRP2812H
56385,HS#JDCOMRP2802A
56387,CI#HSI  RP2905T
56388,SG#HUAHORC2612A
56390,JP#CLIFERP2811A
56392,GJ#HSI  RP2803M
56393,GJ#HSI  RP2803N
56394,SG#XIAMIRP28128
56401,CT#HSI  RP2802Y
56403,JP#HSI  RC2809T
56406,SG#CLIFERC2711C
56407,CT#HSI  RP2904E
56408,SG#HSI  RP2902Y
56409,SG#HSI  RC2810O
56421,GJ#HSI  RC2810E
56422,GJ#HSI  RP2903R
56430,MS#HSI  RP2902B
56431,SG#TENCTRP28116
56432,SG#BYD  RP2811B
56435,CT#HSI  RC2707J
56436,SG#BYD  RC2702B
56439,SG#HSBC RC2704C
56440,UB#AIA  RC2610I
56441,SG#HSI  RC28091
56444,UB#BYD  RP2802P
56445,UB#BYD  RP2802Q
56446,UB#HSBC RC2804B
56447,SG#HSI  RC28108
56448,UB#TENCTRP2808A
56449,UB#TENCTRP2808B
56451,SG#HSI  RC2811L
56453,MS#HSI  RP2902A
56454,MS#HSI  RP2902E
56459,SG#HSI  RC2811V
56462,UB#HSI  RP2803T
56463,UB#HSI  RP2803U
56465,BI#TENCTRP2812E
56468,BI#SMIC RC2612P
56471,BI#HUAHORC2612F
56472,UB#HSI  RP28037
56474,UB#HSI  RP2803K
56477,UB#HSI  RP2803R
56478,UB#BAIDURP2811B
56479,DS#HSI  RP29022
56483,DS#HSI  RP2902B
56484,HS#ALIBARP2807F
56492,HS#ALIBARP2808F
56499,HS#HSI  RP2903R
56500,BI#HUAHORP2812C
56501,JP#HSTECRP2806A
56503,JP#HSI  RC2708M
56504,JP#HSTECRP2806B
56506,CT#HSI  RP2612Y
56507,JP#HSI  RP2906T
56510,SG#MTUANRC2702D
56522,JP#HSTECRP2806C
56524,JP#KUASORC2703B
56528,JP#CATL RC2705G
56532,MS#HSI  RC2809F
56533,MS#HSI  RC28104
56535,MS#HSI  RC2811L
56536,SG#TENCTRP2812Y
56537,MS#XIAMIRC2702A
56538,JP#ZIJINRP2811G
56539,JP#ALIBARC2703J
56540,JP#TENCTRC2706C
56543,MS#ALIBARC2702A
56545,BP#HSI  RP29051
56551,BI#TENCTRP2812C
56553,MS#BYD  RP2807A
56554,SG#HSI  RP2802Y
56558,SG#HSI  RP2803Q
56561,SG#HSI  RP28023
56562,BP#MTUANRC2701F
56564,BP#MTUANRP2907B
56576,BP#XIAMIRP2907B
56579,BP#ALIBARC2701I
56581,BP#HKEX RP2901A
56590,BP#HSI  RP2904T
56591,BP#HSI  RP2904U
56592,BP#HSI  RP2904F
56593,JP#MTUANRP2812E
56594,SG#HSBC RC2803H
56597,MS#HSTECRP2712D
56599,UB#CCB  RC2709A
56602,HS#TENCTRP2803B
56604,BP#HSI  RP2904B
56610,GJ#HSI  RP2804L
56612,DS#HSI  RC2811D
56613,BP#HSI  RP2904G
56614,DS#HSI  RC2811L
56615,DS#HSI  RC2811T
56617,JP#BYD  RP2804A
56618,BP#HSI  RP2904H
56619,BP#HSI  RP2904S
56621,BP#TENCTRC2705C
56622,JP#HSBC RC2807A
56624,HS#HSI  RP2804P
56625,HS#HSI  RP2804N
56628,GJ#HSI  RP2811D
56630,MS#MTUANRP2801A
56633,BP#HSBC RC2805R
56636,JP#HSI  RP2902H
56639,JP#BYD  RP2804B
56640,BP#SMIC RC2609B
56643,BP#HUAHORC2609A
56645,MS#BYD  RP2801A
56647,JP#HSI  RP2902K
56648,SG#YOFC RP2812D
56649,JP#HSI  RC28116
56652,MS#HSBC RC2804A
56658,BI#HSI  RP2904A
56661,JP#POMRTRP2807C
56664,JP#XIAMIRP2810J
56666,JP#HSI  RP2804P
56671,CT#HSI  RP28048
56672,UB#TENCTRP2809B
56673,CT#HSI  RP28056
56674,UB#TENCTRC2706C
56676,SG#HSI  RP2802K
56677,UB#HSI  RP2902A
56678,CT#HSI  RP2802W
56681,JP#HSI  RP2804W
56682,JP#HSI  RP2804X
56683,UB#HKEX RP2806B
56684,UB#HSI  RP2902C
56687,UB#HSI  RP2902D
56688,SG#BYD  RP2812S
56690,SG#BYD  RP2812T
56694,UB#JDCOMRP2808A
56695,BP#HSI  RC2707J
56696,BP#HSI  RC2707O
56701,UB#HSI  RC28075
56702,UB#CNOOCRP2704F
56704,BP#HSI  RC2707P
56705,BP#HSI  RC2707Q
56707,SG#HSI  RP2903H
56708,UB#CNOOCRC2810O
56710,BP#HSI  RC2707R
56711,UB#SMIC RC2610H
56712,UB#AIA  RP2812E
56714,SG#HSI  RP2904C
56715,SG#HSI  RC2901K
56717,UB#CATL RP2812N
56718,UB#LIAUTRP2612D
56719,MS#HSI  RP2704F
56720,MS#HSI  RP2703A
56721,UB#HSI  RC2807J
56722,UB#HSI  RP2902E
56724,MS#HSI  RP2703B
56725,UB#HSI  RP2902F
56726,UB#CLIFERC2807C
56727,UB#ZIJINRP2812L
56731,BP#BYD  RP2803C
56734,MS#HSBC RC2611A
56735,UB#BYD  RP2804A
56739,SG#MTUANRP2812B
56740,SG#TENCTRP2812N
56743,HS#ALIBARC2702O
56744,HS#TENCTRC2703F
56745,UB#CCB  RC2707B
56747,HS#GIGA RC2702B
56748,BP#ALIBARC2611O
56750,BP#XIAMIRC2611E
56752,UB#BYD  RP2804B
56755,CT#HSI  RC2709J
56763,CT#HSI  RC2709L
56766,HS#YOFC RC2703A
56767,HS#HSI  RP2903W
56769,BP#HSI  RP2812U
56774,HS#HSI  RP2903O
56777,HS#HSI  RP29034
56778,UB#TENCTRP2811X
56779,UB#BYD  RP2812T
56783,HS#HSI  RC2810E
56789,UB#HSI  RP2901W
56790,UB#HSI  RP2901X
56792,HS#HSI  RC2810W
56797,BI#HSI  RP2804V
56799,CI#HSI  RC2808V
56807,SG#HSI  RP2902U
56808,SG#HSI  RP2904R
56809,SG#SMIC RP2812Q
56810,HS#AIA  RP2811D
56814,CI#HSI  RC2808W
56818,CI#HSI  RC2808X
56829,SG#HSI  RC28113
56830,HS#TENCTRP2808G
56831,SG#HSI  RC2811C
56832,BP#HKEX RP2806F
56833,HU#BAIDURP2812A
56839,SG#HSI  RP2902M
56840,MS#TENCTRP2812D
56843,MS#TENCTRP2812E
56844,JP#HSI  RP29066
56845,SG#HSI  RP2903C
56846,JP#HSI  RC28126
56847,SG#CATL RC2705D
56848,SG#HSTECRP2812I
56849,BP#BYD  RP2806F
56853,SG#ZAI  RC2703I
56855,MS#HSI  RP2712Q
56856,JP#HSI  RC28127
56857,SG#ZAI  RC2703J
56858,UB#ALIBARP2808I
56859,JP#HSI  RC2812C
56863,UB#HSTECRP2812C
56864,SG#GIGA RC2703E
56870,UB#HSTECRP2812D
56873,SG#C MOBRC2710C
56874,SG#C MOBRC2710D
56877,JP#BYD  RP2812G
56879,SG#GIGA RC2703F
56880,JP#YOFC RC2703A
56882,HU#HSI  RP2901B
56883,HU#GIGA RC2703B
56884,SG#MTUANRC2702A
56888,HU#TENCTRC2706C
56890,JP#TENCTRP2812O
56893,UB#C MOBRP2704A
56896,SG#HSTECRC2703B
56903,JP#HSI  RC2809U
56904,BI#ZAI  RC2702H
56905,BI#ZAI  RC2702I
56906,BI#HSI  RC2809W
56907,BI#HSI  RP2804D
56910,BI#HUAHORP2812F
56911,BP#XIAMIRP2801A
56914,CI#HSI  RP29042
56921,CI#HSI  RP29043
56922,CI#HSI  RC2812H
56929,HS#HSI  RP2803Z
56930,BP#HSTECRP2901D
56931,BP#HSTECRP2901E
56933,HS#HSI  RP2904M
56936,CT#HSI  RC27076
56937,DS#HSI  RP2901M
56939,UB#BYD  RP2804C
56941,HS#HSI  RP2803D
56942,DS#HSI  RP2901N
56946,JP#XIAMIRC2701J
56948,JP#PINANRC2811B
56953,DS#HSI  RP2901O
56956,BP#HSI  RP28041
56959,BP#HSI  RP2905Y
56960,BP#XIAMIRP2806K
56961,BP#HSI  RP2804Q
56962,BP#HSI  RP2804R
56963,JP#ZIJINRP2801B
56964,JP#XIAMIRP2712M
56968,JP#TENCTRP2812D
56969,UB#HSI  RP2808Z
56970,CT#HSI  RP2902B
56971,UB#HSI  RP28081
56974,UB#HSI  RP28082
56977,UB#SMIC RC2610I
56981,DS#HSI  RC2811Y
56982,UB#HSI  RP28083
56983,DS#HSI  RC28118
56985,JP#HSI  RP2906C
56988,JP#ALIBARC2702A
56990,HS#TENCTRC2701D
56991,CI#HSI  RP2808T
56993,JP#HSI  RP2903C
56996,JP#XIAMIRC2702D
56999,SG#HSI  RC2811X
57001,JP#HUAHORC2703G
57005,JP#TENCTRP2810D
57007,SG#BYD  RP2812C
57008,SG#XIAMIRP2812A
57009,JP#KUASORP2810C
57010,JP#KINGBRC2703A
57014,JP#ZAI  RC2703D
57015,JP#GIGA RC2703B
57016,SG#HSI  RC2810R
57017,CT#HSI  RC2709W
57027,HS#BYD  RP2711B
57030,SG#HSI  RC2811Z
57031,HS#KUASORP2712F
57032,MS#HSI  RC2811C
57033,BP#HSBC RC2803B
57038,MS#HSI  RC2811X
57039,MS#TENCTRP2812B
57040,HS#HKEX RP2706E
57042,MS#HSI  RP2902C
57048,MS#HSBC RC2704A
57053,SG#MTUANRP2812C
57057,UB#HSI  RP2803Y
57059,UB#HSI  RP28021
57060,UB#HSI  RP28031
57061,SG#HSI  RC2810T
57063,UB#ALIBARP2808J
57064,UB#HSI  RP28026
57069,UB#HSI  RP2802V
57072,HS#HSI  RP29027
57075,MS#HSBC RC2704B
57076,SG#HSI  RP2904H
57077,SG#SMIC RC2611C
57080,SG#HSTECRP2812A
57082,HS#POMRTRP2712A
57083,SG#HSI  RC28095
57088,MS#HSI  RP2902F
57090,MS#TENCTRP2811L
57098,MS#ALIBARP2811A
57100,UB#HSI  RP28084
57101,JP#HSI  RP2905U
57106,MS#HSI  RP2902H
57111,JP#HSTECRP2812F
57112,JP#CCB  RC2709D
57113,DS#HSI  RP2804V
57118,MS#HSI  RC2811D
57122,DS#HSI  RP2804W
57123,GJ#HSI  RC28109
57124,GJ#HSI  RP29031
57126,HS#CLIFERC2712D
57127,JP#HSTECRP2812G
57131,GJ#HSI  RP29034
57132,CT#HSI  RP28044
57135,SG#HSI  RC2811R
57136,CT#HSI  RP28046
57137,HS#SMIC RC2611C
57142,BP#HSI  RP2903O
57145,BP#HSI  RP2903V
57148,BP#HSI  RP2903J
57149,BI#HSI  RP28034
57150,HS#XIAMIRP2808B
57154,BP#HSI  RP29031
57155,BP#HSI  RP29033
57156,JP#HSCEIRP2812A
57162,MS#TENCTRP2806B
57163,BP#HSI  RC2807R
57165,SG#XIAMIRC2701K
57166,SG#XIAMIRC2701L
57169,SG#HSI  RP2903T
57170,SG#HSI  RP2904F
57173,UB#ALIBARP2802B
57174,SG#KUASORP28126
57175,MS#HSI  RP2804Y
57177,JP#HSI  RP2811X
57179,BP#HSI  RC26123
57180,BP#HSI  RC26126
57181,BP#HSI  RC2807T
57182,UB#HSTECRP2712I
57185,BP#HSI  RP2903X
57186,GJ#HSI  RC2809C
57192,HS#TENCTRC2702U
57193,JP#TENCTRP2809A
57195,SG#CCB  RC2808C
57197,BP#HSI  RP29037
57199,SG#ICBC RC2808B
57202,BP#HSI  RP2903A
57206,GJ#HSI  RP2903F
57211,SG#MTUANRP28122
57212,HS#SMIC RP2907A
57213,BI#HSI  RC28094
57214,BI#HSI  RC2809K
57219,JP#XIAMIRP2809G
57221,UB#C MOBRC2710D
57222,HS#SMIC RC2703A
57223,UB#C MOBRC2710E
57224,UB#HKEX RC2709E
57225,GJ#HSI  RP2903I
57226,HS#BYD  RP2710H
57229,HS#HUAHORP2907A
57230,BP#TENCTRP2807R
57235,HS#HUAHORC2610A
57236,HS#KUASORP2907A
57238,HS#GIGA RC2703B
57239,HS#ZAI  RC2703D
57240,UB#HSBC RC2704E
57242,JP#TENCTRP2811F
57247,BI#XIAMIRP2812A
57251,JP#HSI  RC2812K
57254,JP#HSI  RC2812F
57256,JP#HSI  RC2812P
57258,JP#HSI  RP2906D
57260,UB#GANFERP2710A
57262,JP#ALIBARP2812K
57263,JP#HSI  RP2906J
57266,JP#KUASORP2812E
57268,HU#SMIC RC2612A
57272,JP#HKEX RP2812G
57277,UB#BYD  RP2812K
57281,JP#HSI  RP2808G
57285,JP#HSI  RC2812Q
57290,JP#MTUANRP2811C
57291,UB#TENCTRC2706G
57294,UB#HSI  RP2810V
57295,UB#HSI  RP2810T
57300,UB#HSI  RP2810Q
57303,UB#MTUANRC2703B
57305,HS#HSI  RP2804G
57307,JP#TENCTRP2808F
57312,HS#HSI  RP2904J
57313,UB#HSI  RP28123
57314,JP#TENCTRP2808G
57317,JP#TENCTRP2808H
57321,UB#HSI  RP2902G
57322,HS#HSI  RP2803H
57324,UB#HKEX RC2809K
57326,JP#TENCTRP2808J
57327,UB#HSI  RC2810B
57329,UB#HSI  RP2902H
57331,JP#ALIBARP2808G
57335,UB#HSTECRP2812T
57337,JP#ALIBARP2808H
57340,JP#HKEX RP2707J
57342,UB#HSTECRC2703B
57344,UB#KINGBRC2703D
57345,UB#HKEX RC2704G
57347,UB#HKEX RP2812P
57356,UB#CCB  RP2811B
57358,UB#XIAMIRC2701I
57361,HS#HSI  RP28045
57363,UB#CCB  RC2808F
57367,CT#HSI  RP2811C
57368,UB#SMIC RP2812V
57370,HS#ZIJINRC2701D
57374,HS#HSI  RP2803B
57375,UB#SMIC RC2706B
57376,UB#KUASORC2707F
57382,HS#TENCTRP2807G
57383,GJ#HSI  RP2811G
57384,UB#ALIBARC2612T
57388,UB#XIAMIRC2703B
57396,GJ#HSI  RP2811B
57399,BI#HSI  RP28049
57400,UB#ZAI  RC2703A
57402,UB#ZIJINRP2812R
57408,BP#HSI  RP2905Z
57409,MS#PINANRC2710J
57410,UB#HSI  RC2810H
57412,UB#HSI  RC2810O
57413,SG#ALIBARP28104
57414,SG#ALIBARP28105
57415,CI#HSI  RP2807W
57417,UB#BAIDURP2809B
57419,UB#ALIBARP2907A
57426,SG#HSI  RP2712W
57427,BP#TENCTRP2807L
57428,SG#HSI  RP2803Y
57430,SG#HSI  RP2803Z
57431,SG#HSI  RP28034
57434,UB#ZIJINRP2812B
57437,UB#GIGA RC2702F
57438,UB#ALIBARC2703D
57441,SG#HSI  RP28032
57444,SG#HSI  RP2803D
57446,SG#BYD  RP2812U
57447,UB#HSI  RC2810T
57451,UB#HSI  RP2902I
57452,UB#HSI  RP2902J
57453,UB#HSI  RC2809T
57454,UB#HSI  RC2810V
57455,UB#TENCTRP2812D
57456,UB#HSI  RC28074
57458,UB#KUASORP2812D
57459,UB#HSI  RC2807B
57460,HU#BYD  RP2811B
57463,HS#TENCTRP2802G
57464,HU#SMIC RP2810A
57465,BI#HSI  RP2904W
57466,HU#KUASORC2707A
57467,HU#ZAI  RC2703C
57470,MS#TENCTRC2612B
57473,HS#HSI  RP29045
57476,SG#XIAMIRC2702B
57478,SG#XIAMIRC2702C
57479,JP#CLIFERC2811A
57480,HS#HSI  RP2904K
57482,HS#HSI  RP2904T
57483,UB#BYD  RP2804D
57488,HS#HSI  RC2812Y
57489,JP#HKEX RP2812B
57490,HS#HSI  RC28126
57491,HS#HSI  RC2812Z
57492,UB#BYD  RP2804E
57493,HS#HSI  RC28129
57495,SG#HSI  RC2810I
57496,SG#HSI  RC28104
57498,SG#HSI  RP2904T
57501,MS#HSI  RP2812B
57503,HS#XIAMIRP2710C
57504,MS#HSI  RP2811X
57507,SG#ALIBARC2702E
57508,SG#ALIBARC2702F
57509,SG#ALIBARC2702G
57511,HS#PINANRC2711M
57512,SG#HSI  RP2904U
57514,HS#SMIC RP2712G
57520,SG#HSI  RC2812Y
57521,UB#HSI  RP2808G
57523,SG#ALIBARC2702H
57524,HU#ALIBARC2612A
57525,SG#HSI  RP2902I
57526,SG#HSI  RP2907A
57527,SG#TENCTRP2812H
57528,SG#HSI  RP2902S
57529,SG#XIAMIRC2703H
57533,UB#ZIJINRC2611B
57534,UB#HSI  RP2811U
57536,JP#MTUANRP2807A
57539,CI#HSI  RP2802B
57542,SG#ALIBARP2812H
57545,SG#KINGBRP2805A
57546,HU#ALIBARC2612B
57548,SG#KB LHRP2811C
57549,CI#HSI  RP2905J
57550,SG#ZAI  RC2703K
57551,HU#ALIBARC2612C
57553,UB#XIAMIRP2802A
57555,HU#XIAMIRC2701D
57558,UB#TENCTRP2812J
57563,UB#TENCTRP2812K
57568,JP#PINANRC2807B
57576,BP#HSI  RP2804Y
57577,UB#HSCI RC2709A
57580,UB#TENCTRP2811Y
57581,HS#ALIBARP2711R
57584,BP#HSI  RP29041
57585,BP#HSI  RP2904Y
57586,UB#YOFC RC2701F
57588,HS#AIA  RP2811A
57589,HS#XIAMIRC2701C
57591,HS#ZIJINRC2701B
57598,SG#HSI  RP2804K
57599,SG#HSTECRP28129
57602,BP#HSI  RP2804Z
57603,HU#HSI  RC2809P
57604,HU#HSI  RC2809N
57605,SG#HSCEIRP2812I
57606,BP#HSI  RP28046
57612,BP#HSI  RP28048
57619,BP#HSI  RP2804I
57626,JP#HKEX RC2805F
57632,JP#AIA  RC2810A
57633,UB#HSI  RP2901B
57657,HS#TENCTRC2701E
57661,JP#HSI  RP2902O
57665,HS#TENCTRP2802F
57666,SG#CNOOCRC2611D
57673,CT#XIAMIRP2612M
57677,HS#TENCTRC2701F
57680,UB#MTUANRP2712T
57682,HS#XIAMIRC2701E
57687,HS#HSI  RP2903U
57691,HS#HSI  RP2804R
57692,UB#HSBC RC2703A
57693,SG#BYD  RP2812V
57694,DS#HSI  RC2811N
57699,HS#HSI  RP2804T
57702,SG#BAIDURP2812F
57705,SG#HKEX RP2812Q
57709,GJ#HSI  RP2803V
57714,HS#ALIBARC2701H
57719,GJ#HSI  RP2803W
57721,SG#TENCTRP2812W
57722,HS#HSI  RP2903V
57723,UB#KUASORP2812L
57730,SG#LIAUTRP2812D
57733,HS#ALIBARC2701I
57738,HU#HKEX RP2806B
57741,SG#XIAMIRP2812B
57742,HU#C MOBRC2810A
57743,JP#HUAHORC2611D
57745,UB#TENCTRP2812R
57746,UB#HSI  RP28046
57753,BP#HSI  RP2803E
57755,JP#ZIJINRC2701E
57758,HS#HSI  RP2804W
57763,HS#HSI  RP28043
57767,HU#C MOBRP2704B
57769,HS#HSI  RC28095
57773,BP#BYD  RP2803D
57775,BP#HSI  RP2803F
57776,UB#HSI  RP28101
57777,JP#XIAMIRC2612G
57778,HU#HSI  RP2803Z
57779,HS#HSI  RC2809C
57780,HS#HSI  RC2809W
57783,SG#TENCTRP2812U
57784,HS#HSI  RC2809X
57794,UB#HSI  RP28103
57795,UB#HSI  RP2810X
57797,SG#XIAMIRP2812Z
57800,HS#CCB  RC2710C
57802,GJ#HSI  RP2804M
57804,BP#HSI  RP2803G
57819,UB#ZIJINRP2812I
57822,UB#C MOBRP2704B
57828,UB#HSTECRP2812N
57829,SG#HSI  RP2903U
57832,DS#HSI  RP28046
57834,MS#HSI  RC28105
57835,DS#HSI  RP2804F
57842,BP#HSBC RC2805H
57844,MS#BYD  RP2802A
57847,BI#TENCTRP2812D
57850,HS#MTUANRP2712H
57852,SG#HSI  RP2804J
57854,BI#HSI  RP28038
57856,MS#HSI  RC2812A
57865,SG#TENCTRP28117
57870,SG#MTUANRP2811A
57872,UB#POMRTRC2703B
57879,SG#HSI  RP2902W
57882,SG#HSI  RP29045
57887,CI#HSI  RC2811P
57890,HS#WUXI RC2612B
57891,CI#HSI  RC2811T
57893,CI#HSI  RC2812S
57901,CI#HSI  RP2805X
57910,CI#HSI  RP2805Y
57911,SG#BOCL RC2808A
57915,CI#HSI  RP2805Z
57916,DS#HSI  RC28109
57920,DS#HSI  RC2810A
57923,MS#TENCTRP2812F
57930,CI#HSI  RP28051
57932,CI#HSI  RP28052
57940,HU#TENCTRC2610B
57947,MS#ALIBARP2808C
57954,HU#HSI  RP28039
57959,DS#HSI  RC2810K
57960,JP#TENCTRP2809N
57970,JP#ALIBARP2809J
57972,MS#HSI  RP2802V
57985,JP#BYD  RP2802J
57992,UB#HKEX RP2807D
57999,UB#PINANRC2711H
58001,UB#ALIBARP2808E
58002,MS#XIAMIRP2712J
58003,JP#KUASORP2812F
58009,UB#XIAMIRC2612G
58014,JP#HSI  RP2902Z
58020,JP#HSI  RP29022
58025,UB#C MOBRC2709A
58026,JP#POMRTRP2812J
58028,JP#TENCTRP2812P
58036,SG#C MOBRC2609A
58038,HS#BYD  RP2710I
58045,HS#CNOOCRC2612B
58047,UB#TENCTRP2812L
58049,UB#HSI  RP28022
58050,JP#TENCTRC2612J
58051,JP#TENCTRC2611Y
58053,UB#ALIBARC2611W
58055,CI#HSI  RP2807P
58063,CI#HSI  RP2807X
58064,CI#HSI  RP28074
58065,HS#HSI  RP2802B
58073,UB#HSI  RP28042
58074,GJ#HSI  RP2811C
58083,UB#CHQG RP2812C
58088,UB#HSI  RP28034
58094,BP#HSI  RC2707V
58096,UB#HSI  RP28039
58099,UB#HSI  RP2803A
58106,UB#TENCTRC2610T
58107,UB#XIAMIRP2809A
58109,UB#TENCTRC2610U
58111,BP#HSI  RC2707Y
58112,UB#HSI  RP2803I
58116,BP#HSI  RC2707Z
58118,UB#HSI  RP28127
58125,UB#HSI  RP28128
58127,UB#HSI  RP28129
58129,HS#HSI  RP2803P
58133,UB#HSI  RP2812A
58138,UB#HSI  RP2812B
58141,UB#TENCTRP2811Z
58144,UB#HSI  RP2810Y
58146,BP#HSI  RP2812V
58150,HS#TENCTRP2808H
58153,BP#HSI  RC2707X
58155,UB#BAIDURP2810B
58156,UB#ALIBARP2812J
58158,MS#HSI  RP2810T
58160,MS#HSI  RP2812L
58161,UB#CCB  RC2808B
58165,MS#HSI  RP2810R
58171,UB#HSI  RP2901G
58175,SG#XIAMIRP28125
58183,JP#XIAMIRP2810E
58193,BP#XIAMIRP2801B
58199,SG#HSI  RP2803B
58200,SG#HSI  RP29046
58205,SG#HSI  RP29047
58215,BP#HSI  RP28049
58217,SG#ALIBARP2810N
58220,JP#XIAMIRP2809B
58223,BP#HSI  RP29047
58224,BP#HSI  RP2904W
58242,BP#HSI  RP2804A
58251,BP#HSI  RP2904Z
58252,CT#LIAUTRP2612B
58253,DS#HSI  RP2803S
58255,HS#ALIBARP2812F
58259,HS#BYD  RP2812F
58262,HS#YOFC RC2702A
58269,HS#SENTMRC2702A
58272,HS#TENCTRP2809F
58273,SG#HSI  RP2803K
58276,CT#XIAMIRP2612N
58286,HS#XPENGRP2811A
58289,HS#INBIORC2701A
58292,HU#KUASORP2812C
58296,HU#BAIDURP2810A
58298,JP#TENCTRP2811G
58305,SG#HKEX RC2704Y
58308,SG#ALIBARP2810K
58318,SG#BAIDURP2812J
58321,UB#ICBC RC2807A
58325,HS#KUASORP2811D
58332,JP#BAIDURP2812A
58344,HS#HSI  RP2804B
58346,CT#C MOBRC2609B
58349,BP#SMIC RC2609C
58351,HS#POMRTRP2812D
58353,HS#HSI  RP2804Q
58355,HS#HSI  RP2804V
58362,HS#BYD  RC2612E
58369,SG#HSTECRP2812B
58373,SG#TENCTRP2812G
58374,SG#POMRTRP2812W
58381,SG#TENCTRP28127
58383,SG#TENCTRP28118
58384,SG#POMRTRP2811C
58386,SG#HSTECRP28121
58387,JP#HSI  RP2903M
58391,SG#HSCEIRP2812B
58397,SG#ALIBARP28101
58407,JP#ALIBARC2707N
58410,MS#XIAMIRC2701C
58417,SG#CNOOCRC2812A
58426,JP#HSI  RP2903W
58430,JP#POMRTRP2812K
58441,SG#XIAMIRP2812C
58454,SG#CCB  RC2808F
58455,SG#C MOBRC2710E
58460,SG#ALIBARC2609B
58463,JP#HSBC RC2812A
58467,HS#HSI  RP2803E
58470,SG#POMRTRP2812X
58471,MS#HKEX RC2704F
58474,BI#HSI  RP2803E
58476,JP#ALIBARC2701P
58477,JP#TENCTRC26111
58485,JP#XIAMIRC2702E
58493,BI#HSI  RP2804I
58497,DS#HSI  RP2802B
58498,JP#HSI  RC2808U
58499,DS#HSI  RP2802E
58503,DS#HSI  RP2802O
58504,GJ#HSI  RP2803Y
58507,BP#POMRTRP28068
58508,CI#HSI  RP2811J
58509,BP#TENCTRP2807Q
58510,CI#HSI  RP2811K
58513,CI#HSI  RP2811L
58518,JP#HSI  RC28081
58523,JP#HSBC RC2612D
58524,MS#HSI  RP2803M
58525,JP#HSI  RP27117
58535,JP#HSI  RC2808E
58536,UB#HSI  RP2708F
58539,MS#TENCTRP2811K
58541,MS#HSI  RP2812M
58542,UB#HSI  RP2708N
58549,MS#HSI  RP2810U
58554,MS#HSI  RP2812N
58560,JP#BYD  RP2802D
58566,MS#HSBC RC2611C
58570,BP#XIAMIRP2806E
58593,GJ#HSI  RP2811E
58595,CT#HSI  RP2805S
58596,MS#HSI  RC2711M
58599,UB#CNOOCRP2704C
58605,UB#KUASORP2812Q
58606,HU#JDCOMRP2711A
58607,HU#JDCOMRP2712A
58614,HU#HSI  RP2807A
58615,HU#HSI  RP2807B
58620,HS#HKEX RP2807A
58622,HS#XIAMIRP2807A
58634,HS#HSI  RP2802F
58636,HS#CNOOCRP2704A
58638,HS#HSI  RP29028
58640,HS#KUASORP2811A
58642,HS#HSI  RP29029
58644,HS#HSI  RP2902A
58645,HU#TENCTRP2811B
58646,HU#CLIFERC2812A
58650,HS#POMRTRP2811A
58651,JP#XIAMIRP2712O
58652,UB#HSI  RC2809V
58662,UB#HSI  RP2802J
58665,UB#HSI  RP2802K
58667,HS#SMIC RP2801B
58669,HS#KUASORP2712G
58672,UB#C MOBRC2710F
58673,HS#TENCTRP2811C
58676,HS#TENCTRP2807H
58677,JP#WUXI RC2708C
58685,HU#XIAMIRP2810B
58701,JP#HSI  RP29038
58707,JP#HSI  RP29037
58708,HS#BAIDURP2808A
58714,HS#POMRTRP2811E
58725,HS#TENCTRP2811O
58730,HS#AIA  RP2811B
58744,MS#XIAMIRP2806A
58752,SG#HSI  RP2712K
58755,SG#HSI  RP2712M
58758,HS#SMIC RC2611D
58760,JP#HSI  RP29039
58766,JP#TENCTRC2612K
58767,SG#XIAMIRP2812H
58777,UB#ALIBARC2612U
58779,SG#HSI  RP2712R
58782,SG#HSI  RP2712T
58783,UB#ALIBARC2612V
58787,CI#HSI  RP28053
58793,SG#HSI  RP2712U
58796,JP#XPENGRP2812A
58797,CI#HSI  RP28054
58801,UB#HSI  RC2810X
58806,UB#HSI  RC28101
58809,UB#HSI  RC2810K
58812,SG#HSI  RP2802X
58821,HS#MTUANRP2812C
58823,SG#HSI  RP2802F
58827,SG#HSI  RP2804O
58828,SG#HSI  RP2904W
58834,HS#XIAMIRP2810A
58837,BI#HUAHORP2812D
58840,GJ#HSI  RC2809E
58847,HS#C MOBRC2706B
58850,HS#BYD  RP2710E
58853,HS#LIAUTRP2610A
58874,UB#HSI  RP2804D
58875,UB#HSI  RP2708D
58876,UB#HSI  RP2812C
58879,UB#HSI  RP27102
58880,UB#HSI  RP2812D
58894,GJ#HSI  RC2809H
58896,UB#XIAMIRP2802B
58897,BP#HSI  RP2810H
58904,UB#HSI  RP2812F
58909,UB#XIAMIRP2802C
58910,UB#POMRTRP2807N
58914,HS#TRIP RP2811A
58921,UB#HSI  RP2812M
58923,JP#HSBC RC2809J
58927,CI#HSI  RP2710A
58929,JP#ALIBARP2808S
58931,UB#HSI  RP2812O
58932,BP#HSI  RP29043
58933,BP#HSI  RP29044
58934,BP#HSI  RP29045
58935,UB#NTES RP2701A
58937,BP#TENCTRC2610G
58939,UB#HSBC RC2806E
58941,BP#CNOOCRC2709E
58950,HS#HUAHORP2811G
58951,HS#MTUANRP2811C
58956,BI#HSI  RC28095
58962,BI#HSI  RP28043
58971,HU#HUAHORP2812K
58973,HU#AIA  RC2810A
58980,HU#YOFC RC2703A
58998,UB#MTUANRP2802E
58999,CI#HSI  RP2804Z
59001,CI#HSI  RP28105
59010,JP#TENCTRP2812I
59028,MS#HSI  RP2804M
59040,GJ#HSI  RP2811R
59041,JP#TENCTRP2811I
59046,UB#XIAMIRC2612H
59050,UB#BYD  RP2802G
59051,UB#MTUANRP2812U
59054,UB#BYD  RP2802H
59058,UB#POMRTRP2812X
59063,BP#XIAMIRP2806N
59067,UB#HUAHORP28126
59070,UB#HSBC RC2806A
59072,UB#XIAMIRP2802G
59092,SG#HKEX RC2610F
59093,CT#HSI  RP2802O
59094,UB#SENTMRC2708J
59095,UB#HKEX RP2707G
59099,UB#SENTMRP2811C
59100,UB#SENTMRP2811D
59103,UB#HSBC RC2812F
59104,UB#PETCHRC2810F
59105,UB#ALIBARP2802J
59106,SG#LIAUTRP2812A
59110,UB#PETCHRC2810G
59112,UB#PETCHRP2705C
59113,UB#CHQG RC2707A
59115,UB#CHQG RC2707B
59117,GJ#HSI  RP2811I
59120,GJ#HSI  RP2811J
59121,UB#CHQG RC2707C
59122,BP#MTUANRP2806J
59125,UB#CHQG RP2812E
59126,UB#CHQG RP2812F
59128,UB#CLIFERC2808L
59130,UB#CLIFERP2805L
59132,UB#HSTECRP2812P
59136,UB#HSI  RP2802R
59144,JP#PINANRC2807C
59150,SG#HSI  RC2809N
59151,UB#TRIP RC2712B
59153,UB#TRIP RC2712C
59154,UB#TRIP RC2712D
59155,UB#TRIP RP2812C
59160,SG#HSI  RC28092
59161,DS#HSI  RP2803K
59162,UB#TRIP RP2812D
59166,SG#XIAMIRP28129
59169,GJ#HSI  RC2810G
59171,JP#ALIBARP2808J
59172,BP#HSI  RP29049
59173,BP#HSI  RP2904A
59177,BP#ALIBARP2810G
59180,BP#KUASORP2804L
59181,HS#ICBC RC2711A
59182,SG#HSI  RC2809Q
59184,BP#HSI  RP2904C
59188,JP#SENTMRP2812A
59189,JP#CLIFERC2812B
59190,SG#XIAMIRP28121
59192,UB#ICBC RC2708C
59194,JP#TRIP RC2702A
59195,JP#TRIP RP2812A
59200,JP#TRIP RP2805A
59202,HS#HKEX RP2807F
59203,HS#BYD  RP2811C
59206,JP#TENCTRC2707C
59207,HS#ALIBARP2810H
59208,JP#SENTMRC2702A
59209,SG#HSI  RC28111
59217,MS#HSTECRP2812D
59221,HS#HSI  RP2903Y
59223,HS#HSI  RP29031
59224,HS#HSI  RP29032
59230,SG#HSI  RP2802G
59233,JP#XIAMIRC2701F
59239,SG#HSI  RP2802Q
59248,SG#HSI  RP2804G
59251,BP#HSI  RP2805L
59252,BP#HSI  RP2805N
59253,SG#KUASORP28127
59254,SG#BYD  RP2812B
59257,CT#HSI  RC2609D
59260,SG#ALIBARP2810L
59264,MS#HSI  RC27124
59267,CT#HSI  RP2802M
59274,MS#MTUANRP2710B
59277,SG#BAIDURP2812I
59278,SG#INBIORC2703A
59290,SG#XIAMIRC2703A
59292,SG#GJINTRC2702A
59293,SG#WUXI RC2612A
59309,BP#XIAMIRP2806G
59313,SG#MTUANRP2812L
59316,SG#PETCHRC2810F
59318,BP#PINANRC2805G
59319,SG#CHQG RC2806A
59320,SG#JDCOMRP2812C
59324,SG#CLIFERC2807D
59329,BP#POMRTRP2806M
59331,UB#XIAMIRP2812Q
59332,SG#HSI  RP2812Z
59334,SG#TRIP RC2806B
59335,UB#BAIDURP2812F
59336,JP#XIAMIRP2802A
59343,SG#HSI  RC28122
59344,SG#KUASORP2812Y
59357,UB#HSI  RP2812U
59358,SG#MTUANRP2811B
59359,UB#HSI  RP2812W
59361,SG#KUASORP2811B
59362,UB#HSI  RP2812Y
59363,SG#PINANRP2704I
59364,JP#PINANRC2807D
59366,UB#ICBC RC2808E
59367,UB#ICBC RC2808F
59369,SG#HSI  RP2902C
59374,JP#BYD  RP2802E
59375,JP#MTUANRP2802E
59376,UB#ICBC RC2808G
59380,UB#ICBC RP2804D
59381,UB#ICBC RP2804E
59395,SG#HSBC RP2801A
59403,UB#SENTMRC2708C
59404,UB#SENTMRC2708D
59405,UB#BYD  RP2801I
59407,UB#SENTMRP2708B
59408,JP#TENCTRP2807R
59410,UB#SENTMRP2708C
59412,UB#CSPC RC2711O
59413,UB#MTUANRP2802F
59416,UB#CSPC RC2711P
59417,UB#CSPC RP2709A
59419,UB#CSPC RP2709B
59420,UB#CSPC RP2709C
59422,UB#GJINTRC2707A
59423,BP#ALIBARP2805H
59425,UB#GJINTRC2707B
59427,SG#CLIFERP2805F
59428,JP#MTUANRP2907A
59432,UB#HSI  RP27103
59433,UB#HSI  RP2802T
59436,UB#LIAUTRP2712D
59439,JP#YOFC RC2702C
59441,CT#XIAMIRP2612P
59442,UB#BYD  RP2812L
59443,UB#LIAUTRP2712E
59446,CT#BYD  RP2612F
59448,SG#HSTECRP28127
59453,UB#XTAPIRP2708A
59457,UB#XTAPIRP2708B
59458,UB#XTAPIRP2708C
59461,UB#WUXI RC2708F
59462,UB#WUXI RC2708G
59464,UB#WUXI RC2708H
59468,HU#PINANRP2704B
59469,UB#WUXI RC2708I
59470,HS#MTUANRP2710B
59472,UB#WUXI RC2708J
59479,UB#AKESORC2707C
59480,UB#AKESORC2707D
59481,JP#TENCTRP2807S
59484,HS#YOFC RP2712G
59486,HS#ALIBARC2612E
59492,UB#GANFERP2710C
59495,HS#ALIBARC2612F
59496,UB#GANFERP2710D
59499,UB#INBIORC2710B
59502,HS#ALIBARP2711S
59503,UB#INBIORC2710C
59504,UB#INBIORC2710D
59505,HS#KUASORP2712E
59518,UB#INBIORP2802C
59527,UB#JDCOMRC28051
59531,UB#JDCOMRC28052
59532,UB#JDCOMRC28053
59535,UB#HSI  RP2810G
59537,UB#HSI  RP2810H
59542,UB#JDCOMRP2812D
59555,UB#HZROBRP2809A
59556,UB#HZROBRP2709B
59558,UB#HZROBRP2709C
59559,HS#HSI  RP28048
59561,UB#HZROBRP2709D
59562,UB#CATL RP2812H
59566,UB#MTUANRP2812B
59567,HS#ALIBARP2809A
59568,UB#CNOOCRP2705C
59572,HS#XIAMIRP2812A
59582,UB#XPENGRP2812F
59583,UB#XPENGRP2812G
59585,HU#LENOVRP2810A
59586,HU#PINANRC2810B
59592,UB#XIAMIRP2810E
59593,JP#HSI  RP2903A
59595,JP#HSI  RP2903F
59606,HS#HSI  RC28081
59609,JP#AKESORC2710A
59610,GJ#HSI  RP2903J
59612,JP#CCB  RC2805D
59618,JP#ICBC RP2811A
59620,HU#HSBC RC2809A
59623,JP#ALIBARP2812B
59631,BP#MTUANRP2907A
59634,UB#HSTECRP2812G
59636,JP#HUAHORC2612A
59637,JP#INBIORC2612A
59643,DS#HSI  RP28034
59651,HU#XPENGRP2809A
59652,HU#GANFERP2710A
59654,HU#GANFERP2711A
59658,CI#HSI  RP2810H
59659,HU#GANFERP2712A
59663,HU#HSI  RP2802C
59664,HU#HSI  RP28035
59665,HU#HSI  RP2802D
59667,HU#HUAHORC2612A
59668,HU#JDCOMRP2712B
59677,UB#KINGBRC2703A
59680,MS#PINANRP2704D
59681,DS#HSI  RP28027
59682,UB#KINGBRP2701A
59683,HS#HSI  RC28088
59684,MS#HSI  RP2803S
59686,SG#TENCTRP2812A
59687,SG#TENCTRP2812F
59688,UB#GEELYRC2707E
59689,UB#GEELYRP2802A
59692,BI#HSI  RP2803D
59693,HS#HSI  RC28089
59694,UB#LENOVRP2703A
59701,UB#ZAI  RP2703A
59702,MS#TENCTRC2612C
59703,MS#ALIBARP2810Q
59707,UB#GIGA RP2702A
59715,HS#AIA  RC2711B
59717,GJ#HSI  RP2811K
59721,CT#HSI  RP2804W
59723,HU#HSI  RC2809Q
59724,HU#HSI  RC2809R
59725,BP#HSI  RP28057
59731,SG#HSI  RP2803F
59732,GJ#HSI  RP2804X
59733,GJ#HSI  RP2804G
59743,UB#MTUANRP2712W
59744,UB#JDCOMRP2802A
59751,JP#HSI  RP2810E
59753,MS#PINANRP2704B
59757,MS#XIAMIRP2812C
59767,JP#HSBC RC2809D
59781,UB#CNOOCRC26105
59783,BI#POMRTRP2807A
59784,BI#POMRTRP2807B
59786,HS#KB LHRC2702A
59790,HS#LENOVRP2812A
59792,HS#KINGBRC2702A
59793,JP#C MOBRC2709A
59795,CT#HSI  RP28036
59801,HU#BYD  RP2812B
59812,HS#HSI  RP2902H
59816,DS#HSI  RC28102
59822,DS#HSI  RC28107
59824,SG#HSBC RC2812D
59825,DS#HSI  RC2810O
59831,BP#CNOOCRC2806B
59832,SG#HSI  RP2802Z
59837,DS#HSI  RC2810V
59840,BI#KB LHRC2612B
59842,BI#KINGBRC2612B
59849,JP#SMIC RC2610D
59850,SG#CATL RC2609A
59851,UB#HSTECRP2812E
59859,CI#HSI  RP2903D
59861,UB#CCB  RC2802A
59867,BP#HSBC RC2805P
59873,HS#ICBC RC2808B
59874,HU#BYD  RP2803A
59883,HS#C MOBRC2808A
59887,HS#HSI  RP2803L
59891,HS#HSI  RP2803R
59903,BP#HSI  RP2904R
59908,UB#C MOBRC2809D
59909,SG#POMRTRP2812Y
59912,BP#HSI  RP29042
59919,BP#TENCTRC2610J
59925,HS#XIAMIRP2712H
59929,SG#MTUANRP28123
59931,JP#LENOVRC2702A
59932,SG#TENCTRP28126
59933,SG#TENCTRP28128
59940,UB#HSBC RC2812G
59941,HS#MTUANRP2711A
59945,UB#BYD  RC2611F
59946,JP#LENOVRP2810A
59947,JP#GEELYRC2702B
59949,MS#HSI  RC28112
59950,UB#HKEX RP2812H
59952,JP#GEELYRP2802A
59953,UB#KUASORP2812E
59954,UB#KUASORP2812M
59956,UB#BYD  RP2812N
59957,JP#LENOVRC2702B
59965,JP#HSCEIRC2711B
59968,JP#ALIBARP2812T
59969,JP#HUAHORP2812I
59971,MS#HSI  RC2810A
59976,UB#HSI  RP2812R
59977,UB#MTUANRP2712X
59978,UB#HSI  RP28122
59981,JP#KB LHRC2702A
59982,HS#ZIJINRP2811A
59983,JP#KINGBRC2702A
59985,UB#HSI  RP2802P
59986,UB#ALIBARP2810T
59988,JP#KINGBRC2702B
59989,MS#HSI  RC2811J
59990,JP#BYD  RP2805C
59991,UB#HSI  RP2803S
59992,UB#HSI  RP2802B
59994,UB#HSI  RP2803F
59998,HS#XIAMIRP2807B
60000,UB#HSBC RC2809G
60003,UB#HSBC RP2702B
60006,JP#KINGBRP2811A
60014,DS#HSI  RP2803Z
60020,HS#TENCTRP2811D
60021,UB#MTUANRP2801D
60022,JP#HSI  RP2804L
60024,HS#POMRTRP2807A
60026,DS#HSI  RP28033
60028,UB#LIAUTRP2712A
60029,UB#LIAUTRP2712B
60036,BP#HSI  RC28106
60038,BP#HSI  RC2810L
60039,BP#HSI  RC2810P
60044,BP#HSI  RC2810Q
60046,BP#HSI  RC2810U
60047,BP#PINANRC28054
60053,UB#SENTMRP2811A
60055,UB#SENTMRP2811B
60058,UB#PETCHRP2705A
60060,UB#PETCHRP2705B
60061,BP#HSI  RP2805F
60083,BP#HSI  RP28054
60087,BP#HSI  RP28059
60098,JP#HSI  RC2812N
60099,JP#HSI  RC2812Y
60101,BP#HSI  RP2805D
60102,JP#HSI  RC28076
60104,HS#ALIBARC2702A
60107,JP#HSI  RC2812J
60111,JP#HSI  RC2808R
60113,JP#HSI  RC2808T
60114,DS#HSI  RP28028
60124,JP#ALIBARC2702B
60125,BP#HSI  RP2805J
60126,UB#TRIP RP2812A
60130,HU#HSI  RP2712C
60141,JP#HSI  RP2808Q
60142,JP#HSI  RP2808W
60145,JP#POMRTRP2812A
60147,BP#HSI  RP2805M
60148,JP#POMRTRP2812B
60149,MS#TENCTRP2812J
60155,HS#ALIBARP2712F
60157,UB#MTUANRP2712Y
60160,JP#HSI  RP28082
60161,GJ#HSI  RC2809I
60168,JP#HSI  RP2808A
60170,JP#HKEX RP2807F
60173,MS#HSI  RP2803V
60181,JP#HSI  RP2903L
60187,BI#HSI  RC2809A
60190,JP#XIAMIRP2809C
60196,UB#TENCTRP2810E
60199,UB#KB LHRC2703B
60200,MS#HSI  RP2804F
60201,JP#ALIBARP2808K
60209,UB#LENOVRC2702A
60210,JP#ALIBARP2808L
60214,CI#HSI  RC28102
60215,CI#HSI  RC2810B
60217,JP#TENCTRP2808K
60218,CI#HSI  RC28103
60219,JP#HSI  RP29024
60232,HU#ZIJINRC2701B
60234,CI#HSI  RC28107
60237,HU#YOFC RC2702D
60238,HU#HSI  RC2809S
60243,CT#HSI  RP28047
60255,JP#TENCTRP2808L
60257,HU#SMIC RP2812C
60258,HU#HUAHORP2812G
60263,JP#BYD  RP2811B
60264,JP#TENCTRP2808M
60265,BI#HSI  RP2803V
60277,BI#HSI  RP2803Z
60288,UB#POMRTRP2704A
60289,HU#KINGBRC2702A
60291,JP#KUASORP2811A
60292,BI#HSI  RP2803B
60297,JP#HSI  RP2808S
60299,HU#KB LHRC2703A
60302,HU#KB LHRC2702A
60305,JP#HSI  RP2808U
60312,CT#MTUANRP2612F
60313,BI#XIAMIRC2701C
60314,BI#XIAMIRC2701D
60325,MS#HSI  RP28038
60327,MS#HSI  RP2803B
60333,UB#HZROBRP2709A
60335,GJ#HSI  RP2811L
60336,UB#HSI  RC28097
60337,UB#HSI  RC2809C
60338,UB#HSI  RC2809D
60339,GJ#HSI  RP2811O
60345,CT#HSI  RP27048
60347,MS#MTUANRP2807A
60348,CT#HSI  RP2805T
60349,GJ#HSI  RP28048
60353,MS#MTUANRP2807B
60354,UB#HSI  RC2812D
60355,HS#AIA  RC2710C
60356,UB#CATL RP2812F
60357,CT#LIAUTRP2612C
60364,CI#HSI  RP2808Y
60366,HS#BOCL RC2710B
60367,MS#TENCTRP2807C
60373,HS#CCB  RC2710D
60376,CI#HSI  RP28084
60378,CI#HSI  RP2808Z
60379,UB#XIAMIRC2701J
60380,UB#PINANRC2810V
60381,UB#CATL RP2812L
60398,SG#CNOOCRC2812D
60401,UB#HSI  RC2810N
60406,SG#HSI  RC2809U
60409,SG#HSI  RC2811S
60410,GJ#HSI  RP28032
60411,GJ#HSI  RP28033
60412,SG#HSI  RC2810G
60413,HS#LENOVRC2703A
60416,HS#HSI  RP2804H
60423,GJ#HSI  RP28034
60426,HS#KINGBRC2703A
60427,CT#C MOBRC2709A
60428,CT#HSI  RP2702K
60433,HS#GEELYRC2703A
60434,JP#XIAMIRP2810G
60435,JP#CCB  RC2805C
60436,SG#MTUANRP2812M
60439,JP#HSBC RC2810D
60446,HS#HSI  RP2804J
60448,UB#HSI  RP28126
60452,SG#HSI  RC2810K
60453,HS#HSI  RP2804U
60456,HU#CLIFERP2805A
60457,HU#AIA  RC2706A
60462,HS#GIGA RC2703A
60464,HU#AIA  RP2812A
60465,HU#ALIBARP2809A
60466,CI#HSI  RP28049
60468,CI#HSI  RP2804A
60470,SG#HSI  RC2812C
60475,HS#KB LHRC2703A
60477,JP#BOCL RC2808A
60478,UB#HSI  RP2812E
60485,UB#TRIP RP2805A
60486,HS#HSI  RP28041
60488,JP#HUAHORC2611B
60493,UB#HSTECRP2812A
60495,SG#HKEX RC27041
60502,HS#C MOBRC2709A
60504,SG#HUAHORP2811C
60510,UB#ALIBARP2807B
60515,HS#MTUANRP2801A
60520,UB#HKEX RP2807E
60522,SG#HSBC RC2803F
60523,SG#LENOVRC2703A
60526,HS#HSI  RC2809H
60527,HS#HSI  RC2809K
60529,SG#KB LHRC2703A
60536,HS#XIAMIRC2612F
60537,BP#HSI  RP2904J
60538,UB#PINANRP2704C
60541,UB#HKEX RP2712S
60547,HS#ALIBARC2701J
60552,SG#GEELYRC2707B
60553,HS#HKEX RC2612E
60554,HS#HSI  RC2809P
60555,JP#TENCTRP2810M
60557,HS#HSI  RC2809F
60561,HS#C MOBRP2712A
60563,SG#KINGBRC2707A
60567,UB#HSI  RP2808I
60568,SG#C MOBRC2810E
60573,DS#HSI  RC28108
60574,DS#HSI  RC2810M
60584,MS#HSI  RC2812D
60590,SG#C MOBRC2810F
60604,BP#HSI  RP2903I
60606,BP#HSI  RP2903L
60610,BP#HSI  RP2903N
60612,JP#HSI  RP2804O
60613,JP#HSI  RP2804R
60614,MS#HSI  RC2811Q
60616,SG#HSI  RP2803R
60619,MS#HSI  RC2810L
60620,MS#HSI  RC2812V
60622,MS#TENCTRC2611E
60624,SG#HSI  RP28033
60626,SG#HSI  RP28037
60627,MS#HSTECRP2812K
60628,CI#HSI  RC28091
60639,CI#HSI  RC2805M
60640,CI#HSI  RC28084
60642,BP#ALIBARP2805D
60644,HS#BYD  RC2612F
60645,JP#HSI  RP2804I
60646,BP#HSI  RP2904P
60647,SG#HSI  RP28039
60650,HS#ALIBARC2702B
60652,BP#BAIDURC2701B
60653,SG#BAIDURP2812E
60656,GJ#HSI  RC2809J
60661,HS#CNOOCRP2704C
60669,SG#MTUANRP28128
60673,GJ#HSI  RC2809K
60682,BP#HSTECRP2901J
60691,BP#HSI  RC2810W
60692,BP#HSI  RC2810X
60701,BP#YOFC RC2701A
60704,JP#HSI  RP28041
60705,BI#HSI  RP2804Q
60710,BP#HSI  RP2804M
60712,BP#HSI  RP2804O
60714,UB#CCB  RP2706C
60715,BP#YOFC RC2701B
60716,BP#HSI  RP28042
60718,UB#AIA  RP2812F
60720,BP#HSI  RC2811I
60722,BP#HSI  RC28114
60726,BP#HSI  RP2903W
60728,BP#HSI  RC2610Q
60729,BP#HSI  RP2903Z
60732,SG#HSBC RC2704A
60737,UB#HUAHORC2611B
60738,UB#ICBC RP2804B
60739,GJ#HSI  RP28041
60744,JP#PINANRP2808A
60745,CI#HSI  RP2804P
60746,CI#HSI  RP2804R
60747,CI#HSI  RP28041
60749,CI#HSI  RP2811T
60751,BP#SMIC RP2812H
60752,BP#HUAHORP2808L
60754,UB#HSBC RC2812D
60764,BP#HKEX RC2803V
60765,CT#HSI  RC2807F
60766,CI#HSI  RP28106
60768,UB#HSI  RC2810W
60772,UB#HSI  RP2810N
60774,JP#HSI  RP2811Q
60775,JP#HSI  RP2811V
60777,HS#HSI  RP2803M
60778,JP#BAIDURP2812B
60779,HS#HSI  RP2803N
60781,JP#BAIDURC2704A
60782,UB#HSI  RC28104
60783,JP#BAIDURC2704B
60784,UB#HSI  RC2810A
60785,UB#HSI  RC2810D
60789,GJ#HSI  RP2811U
60790,SG#TRIP RP2812F
60795,HS#HSI  RP2803Q
60796,JP#HSI  RP2902T
60797,JP#HSI  RP2902U
60798,SG#MTUANRP2812N
60803,SG#XIAMIRP2812V
60805,SG#XIAMIRP2812W
60809,HS#ALIBARP2711M
60816,SG#HKEX RP2812R
60817,SG#HKEX RP2812S
60821,HS#TENCTRP2712R
60822,UB#SMIC RP2812P
60824,UB#HUAHORP28122
60826,UB#MTUANRC2701F
60829,CT#HSI  RP2702M
60834,UB#C MOBRC2709B
60837,MS#HSI  RP2902Z
60841,SG#HUAHORC2609F
60842,UB#BOCL RC2808B
60844,UB#ALIBARC2612W
60845,UB#POMRTRC2706D
60847,HS#BAIDURP2812A
60849,SG#TRIP RP2812C
60854,SG#HSI  RP28049
60860,HU#HSI  RC2809T
60863,HS#XIAMIRP2810B
60865,SG#HSI  RP2804A
60866,SG#HSI  RP2804D
60875,SG#CNOOCRC2812B
60877,JP#HUAHORC2610A
60878,CI#HSI  RC2809G
60882,HU#HUAHORC2702D
60883,SG#HSI  RP2802H
60886,SG#HSI  RP2804Z
60887,SG#HSI  RP2802T
60889,SG#HSI  RP28041
60890,SG#HSI  RP28044
60891,SG#HSI  RP2802N
60892,UB#CCB  RC2807C
60893,HU#HUAHORP2811E
60896,MS#XIAMIRP2812A
60898,SG#TENCTRP2812X
60905,HU#BAIDURC2701C
60906,JP#HSI  RP2810X
60908,SG#HSI  RP2812A
60911,BP#HKEX RP2806A
60912,SG#XIAMIRP2812P
60921,JP#HUAHORP2811I
60938,CI#HSI  RP2803O
60941,CI#HSI  RP2803Q
60942,JP#KUASORP2808A
60945,SG#ALIBARP28106
60948,HS#HUAHORC2611C
60950,SG#ALIBARP28107
60952,JP#HSI  RC28073
60956,UB#MTUANRP2802G
60958,SG#HSCEIRP2812F
60959,BI#TENCTRP2812A
60960,JP#HSI  RC28075
60962,HS#HSI  RP29036
60963,HS#HSI  RP29037
60965,BI#SMIC RP2812C
60967,SG#HSTECRP2812U
60970,SG#HSTECRP2812V
60971,BI#HUAHORP2812E
60979,BI#HSI  RC2809B
60987,JP#HKEX RP2807A
60992,GJ#HSI  RP28038
60997,JP#HKEX RP2807B
60998,UB#ALIBARP2811E
60999,SG#TENCTRP2812O
61001,JP#PINANRP2810C
61007,UB#KINGBRC2703B
61011,HS#HUAHORP2811E
61016,SG#HUAHORC2611A
61017,UB#GIGA RC2702B
61018,UB#SMIC RP2812S
61023,JP#HSI  RC28123
61025,UB#HUAHORC2701I
61028,JP#HSI  RC28125
61029,JP#HSI  RC2809X
61033,HU#TENCTRP2809B
61038,JP#HSI  RC2809Z
61044,HS#HSI  RC2808E
61049,UB#HUAHORP28127
61053,HS#HSI  RC2808F
61055,CT#C MOBRC2709B
61056,UB#HKEX RP2712T
61057,UB#BYD  RP2805C
61064,HS#HSI  RC2808L
61065,SG#HSI  RC28094
61070,MS#XIAMIRP2712M
61072,UB#PINANRC2807B
61073,UB#BAIDURP2812G
61074,UB#HSI  RP2901Z
61076,UB#HSI  RP2812Z
61078,JP#HSI  RP29028
61084,SG#HSI  RC2811M
61089,BP#XIAMIRP2806L
61094,SG#SMIC RP2811D
61096,SG#HUAHORP2811D
61108,SG#CHQG RC2707A
61110,MS#BAIDURP2812B
61111,MS#HSI  RC28103
61112,HU#CATL RP2812D
61113,MS#BAIDURP2612A
61114,MS#HSI  RC2812Z
61120,GJ#HSI  RP29036
61122,HS#XIAMIRP2808C
61128,JP#TENCTRP2810F
61134,SG#CSPC RC2711I
61137,CI#HSI  RC28114
61138,HS#HSI  RP2804O
61140,CI#HSI  RC2811N
61141,JP#XIAMIRP2810I
61150,CT#HSI  RP28026
61156,JP#BYD  RP2811C
61159,BP#HUAHORC2609B
61165,HS#HSI  RP2904P
61166,GJ#HSI  RC2809B
61167,GJ#HSI  RC2809L
61169,HU#HSI  RC2809D
61174,DS#HSI  RC2811U
61185,BI#HSI  RP2804M
61191,HS#XIAMIRC2702A
61195,SG#HSBC RC2809E
61196,HS#HUAHORP2812H
61200,UB#HSI  RP28033
61202,BI#HSI  RC2809L
61207,HS#KUASORP2812F
61212,UB#HSI  RP2803E
61217,UB#HSI  RP2803H
61218,BI#HUAHORP2812A
61220,BI#TENCTRC26128
61222,SG#BAIDURC2702B
61223,UB#HSI  RP28023
61230,CT#CCB  RC2709A
61243,UB#HSI  RP28025
61247,SG#BYD  RC2612C
61254,SG#KINGBRC2807B
61255,BP#MTUANRP2810A
61256,BP#MTUANRP2810B
61262,MS#HSI  RP28037
61263,UB#BAIDURP2812B
61268,UB#HSI  RP28027
61269,SG#LENOVRC2703B
61271,JP#SENTMRC2701B
61272,SG#HUAHORC2703C
61273,CI#HSI  RP2805H
61274,JP#AIA  RC2710H
61280,CI#HSI  RP2807G
61284,SG#KB LHRC2703B
61296,CI#HSI  RP2811X
61297,CI#HSI  RP2811Y
61298,CI#HSI  RP28021
61299,DS#HSI  RP2804N
61302,JP#HSI  RC28074
61303,UB#TENCTRP2808C
61304,UB#TENCTRP2808D
61305,UB#HKEX RP2806A
61312,JP#HSI  RC2807R
61315,SG#GIGA RC2703B
61318,SG#BAIDURP2810D
61320,UB#XIAMIRP2812J
61322,UB#HSI  RP2808J
61323,UB#HSI  RP2808K
61332,UB#HSI  RP2808M
61334,UB#HSI  RP2808N
61335,UB#HSI  RP2808O
61342,UB#HSI  RP2808P
61343,BP#HSI  RP2903Y
61344,SG#ALIBARP2810S
61346,SG#GEELYRP2811A
61347,UB#HSI  RP2808Q
61349,UB#HSI  RC2810F
61351,DS#HSI  RP2804R
61352,JP#MTUANRP2802G
61355,GJ#HSI  RP2811V
61356,UB#HSI  RP2808R
61357,UB#HSI  RC2810I
61361,UB#TENCTRP2812S
61362,UB#HSI  RC2810Z
61379,BI#HSI  RP2803C
61384,SG#HSBC RC2712A
61388,BP#HUAHORP2901A
61395,UB#CHQG RP2812D
61397,UB#CLIFERC2807F
61399,BI#HSI  RP2803O
61400,BI#HSI  RP2803W
61405,UB#HSI  RC28105
61407,BP#HUAHORP2901B
61411,UB#HSI  RC28108
61412,UB#HSI  RP2810R
61414,BP#KUASORP2901A
61417,UB#PINANRP2804A
61419,MS#HSI  RP2804H
61422,MS#HSI  RP28122
61423,UB#HSBC RC2704G
61428,BP#KUASORP2901B
61431,SG#HSI  RC28096
61433,BP#BYD  RP2901D
61442,JP#MTUANRP2812F
61444,HS#HKEX RC2710F
61446,HS#MTUANRP2712I
61449,SG#ALIBARC2701N
61451,SG#HSI  RC2810A
61456,SG#HSI  RC2810P
61463,SG#BYD  RP28125
61466,SG#HSI  RC2810Q
61470,SG#HUAHORC2609G
61473,CT#HSI  RP28023
61475,DS#HSI  RC28097
61478,DS#HSI  RC2809W
61481,JP#HSI  RP2903J
61486,JP#BAIDURP2710C
61488,MS#XIAMIRP2712O
61489,MS#XIAMIRP2712P
61490,HS#ALIBARP2810C
61501,JP#HSI  RP2812M
61505,JP#HSI  RP2812S
61512,SG#HSI  RP29048
61513,HS#BAIDURP2812B
61516,DS#HSI  RP2902J
61519,MS#HSTECRP2612E
61524,HS#TENCTRP2810B
61531,SG#XIAMIRC2702D
61532,SG#CLIFERC2702A
61540,HS#HSI  RC2809J
61542,HS#HSI  RC2809L
61549,BP#HSBC RC2805S
61551,JP#PINANRC2810A
61555,HS#HSI  RC28098
61566,HS#JDCOMRC2612F
61570,CI#HSI  RP2901L
61573,HS#TRIP RP2712A
61575,BP#HSI  RC2610R
61578,SG#ICBC RC2808C
61580,CT#HSI  RP2812R
61583,SG#PINANRC2710T
61594,BP#HSI  RC28118
61595,BP#HSI  RC2811B
61597,BP#HSI  RC2811K
61602,BI#HSI  RP29045
61606,SG#HSI  RP2903D
61617,SG#CCB  RC2808H
61618,HS#TRIP RC2612B
61619,HS#XIAMIRC2701D
61622,SG#HKEX RP2812U
61624,HS#ALIBARC2701D
61625,HS#BYD  RC2701A
61626,HS#PETCHRC2812B
61633,BP#HSI  RC28112
61638,SG#XIAMIRP2812Q
61639,JP#MTUANRP2802H
61640,SG#HKEX RP2812V
61642,HS#HKEX RP2710A
61648,BI#HUAHORC2612G
61650,BI#HUAHORC2612H
61664,SG#XIAMIRC2701M
61665,DS#HSI  RC2809P
61670,DS#HSI  RC2809B
61677,GJ#HSI  RC2809N
61679,BI#TENCTRP2612B
61680,UB#KUASORC2707A
61682,GJ#HSI  RC2809O
61685,UB#KUASORC2707B
61687,JP#XIAMIRP2809H
61690,UB#HSI  RP2810K
61702,GJ#HSI  RC2710X
61706,MS#HSI  RC28111
61709,MS#HSI  RC28106
61710,BP#HSI  RP2904N
61714,UB#HSI  RP28121
61715,BP#HSI  RP2904D
61716,JP#ICBC RC2708B
61720,HS#XPENGRP2807C
61721,CI#HSI  RP2802P
61724,BP#TENCTRP2801I
61725,UB#HSI  RP28125
61727,JP#ALIBARP2812I
61730,CI#HSI  RP2802Q
61731,CI#HSI  RC2807N
61733,MS#ALIBARP2810A
61734,CI#HSI  RC2807L
61738,MS#TENCTRP2806C
61739,CI#HSI  RC2807M
61740,SG#HSI  RC2809A
61744,SG#HSI  RC2810U
61745,SG#HSI  RC2809B
61758,GJ#HSI  RP2804U
61759,GJ#HSI  RP2804D
61763,SG#POMRTRP28129
61768,HS#CLIFERC2712A
61771,SG#HSI  RC28112
61772,SG#HSI  RC28103
61773,SG#HKEX RC27042
61776,SG#MTUANRP2812O
61777,SG#PINANRC2706A
61778,CT#HSTECRP2612F
61780,HS#HSI  RP28037
61785,MS#HSTECRP2712C
61791,SG#HSI  RC2708W
61792,SG#HSI  RC2708X
61795,UB#KB LHRC2701A
61799,UB#GEELYRP2811A
61801,CT#HSI  RC2807G
61802,CT#HSI  RC2807H
61808,UB#LENOVRC2701A
61810,HS#POMRTRP2808E
61813,JP#TENCTRP2810G
61815,UB#HSI  RC2809N
61817,UB#KUASORP2812R
61823,JP#TENCTRP2810H
61825,UB#YOFC RC2701G
61828,UB#HSI  RC2810M
61840,UB#HUAHORP2811B
61846,JP#HSTECRC2612B
61849,HU#PINANRP2704A
61857,HU#KUASORP2812A
61860,UB#HSI  RC28106
61861,UB#HSI  RC2810C
61862,UB#HSI  RC2810L
61863,UB#HSI  RC2812E
61864,UB#HSTECRP2712K
61865,JP#HSI  RC2808F
61866,UB#HSI  RC2812N
61871,UB#MTUANRP2807B
61877,JP#HSTECRP2812L
61879,JP#HSI  RC2808Q
61880,UB#TENCTRP2812Z
61883,JP#HSTECRP2812M
61887,JP#HSI  RC28078
61889,BP#MTUANRP2806E
61890,JP#HKEX RC2709E
61892,JP#XIAMIRP2812I
61893,JP#HKEX RC2709F
61894,JP#HSI  RC2807K
61897,HS#PINANRC2711K
61900,JP#HUAHORP2812J
61902,HS#AIA  RC2711A
61904,HU#XIAMIRP2810A
61905,JP#HSI  RC2807M
61906,HU#KUASORP2808A
61908,JP#HSI  RC2807O
61910,JP#KUASORP2812G
61911,HU#POMRTRP2811A
61913,JP#HSI  RC28072
61914,JP#KUASORC2702C
61917,JP#HSI  RP29027
61919,HS#HSI  RP2803A
61922,HU#CNOOCRP2704A
61923,BP#HSI  RP2903D
61924,GJ#HSI  RC2710Z
61928,JP#BYD  RP2808C
61932,BP#HSI  RP2903G
61934,JP#HSI  RP29025
61935,BP#HSI  RP2903P
61937,JP#XIAMIRC2702F
61940,HU#HSI  RC2809U
61947,HU#LENOVRC2703A
61950,HU#BAIDURP2710A
61951,HS#HSI  RP28039
61952,JP#PINANRC2711G
61955,HS#BAIDURC2709A
61960,SG#TENCTRP2812L
61962,JP#HSTECRC2612C
61966,SG#BYD  RP2812J
61973,BP#HSI  RC2810Z
61974,BP#HSI  RC28119
61975,BP#HSI  RC2811A
61976,HU#HSI  RP28113
61977,BP#HSI  RC2811C
61979,HS#KINGBRC2704A
61981,BP#HSI  RC2811D
61982,UB#HSI  RP2811W
61983,UB#HSI  RP28028
61984,HS#HSI  RP2804A
61985,JP#HSCEIRP2812C
61991,UB#ALIBARP2807E
61992,BP#HKEX RC2803N
61993,BI#HSI  RC2809N
61997,UB#TENCTRP2808G
62000,JP#HSI  RP2709F
62002,HS#CNOOCRC2807C
62008,JP#HSTECRC2612D
62013,HS#KB LHRC2704A
62014,HS#KUASORC2702C
62016,JP#HSI  RC28086
62024,HS#LENOVRC2703B
62026,UB#KUASORP2812H
62027,HS#SMIC RP2811J
62032,JP#HSI  RP2802B
62033,HS#HSI  RP2904C
62036,HS#HUAHORP2811F
62038,SG#ZIJINRP2812D
62041,HS#PINANRC2811J
62051,UB#TENCTRP2812T
62053,UB#TENCTRP2812U
62054,HS#HSI  RC2808R
62058,HS#HSI  RC2808W
62059,HS#HSI  RC2808U
62061,GJ#HSI  RC27101
62062,HS#HSI  RC2808T
62073,SG#HSI  RP2902N
62082,SG#YOFC RC2702I
62091,SG#KUASORP2811C
62099,SG#KUASORC2707B
62101,UB#HSI  RP28108
62102,BP#HSI  RC2812L
62103,BP#HSI  RC28129
62104,SG#KINGBRC2807C
62108,BP#HSI  RC2812G
62111,UB#HSI  RP2804Y
62112,UB#HSI  RP2803Q
62118,BP#HSI  RP2904M
62134,SG#CCB  RC2809B
62136,BP#POMRTRC2705A
62137,BP#SMIC RP2901A
62138,SG#BYD  RP2812Z
62139,JP#XIAMIRP2811A
62143,BP#HSI  RP29048
62147,BP#HSBC RC2805T
62150,UB#HSI  RP28043
62151,JP#ZIJINRP2811C
62152,UB#HSI  RP28029
62157,JP#TENCTRP2811J
62161,UB#HSI  RP2803W
62162,CT#HSI  RC27098
62172,SG#HSTECRP2812D
62178,UB#CCB  RC2708C
62181,BP#TENCTRP28072
62182,BP#TENCTRP28073
62184,MS#HSI  RC2807H
62186,MS#HSI  RC2807I
62205,SG#TENCTRP2812T
62219,DS#HSI  RP2902L
62225,JP#HSI  RC2610B
62226,DS#HSI  RP2902M
62235,HS#CCB  RC2711A
62240,GJ#HSI  RC2809X
62243,GJ#HSI  RP2903Y
62250,SG#TENCTRP2811G
62251,UB#XIAMIRP2812B
62255,HS#C MOBRC2709B
62256,HU#MTUANRP2812B
62261,JP#HSI  RP29063
62270,JP#POMRTRP2812I
62271,BP#TENCTRP28077
62272,JP#HSI  RC28079
62276,UB#ZIJINRP2812C
62277,BP#CNOOCRC2709D
62282,UB#MTUANRP2810B
62285,JP#CLIFERC2812A
62287,UB#XIAMIRP2808D
62289,JP#KB LHRC2702C
62300,JP#HSBC RP2812E
62301,JP#KUASORC2707D
62304,SG#HSI  RP2712I
62305,JP#HSBC RC2812B
62310,BP#XIAMIRP2806A
62311,SG#XIAMIRP2812E
62314,UB#XIAMIRP2812C
62315,UB#TENCTRP28121
62316,UB#BYD  RP2812M
62321,SG#TENCTRP2812R
62326,SG#SMIC RP2812K
62328,SG#XIAMIRP2812F
62330,JP#HSI  RP2902C
62332,JP#HSI  RP2902G
62335,JP#HSI  RP29029
62342,HS#TENCTRP2812J
62343,MS#HSI  RP2904X
62347,MS#HSI  RP2904Z
62352,MS#HSI  RP29041
62361,HS#BYD  RP2811A
62365,MS#ALIBARP2712F
62369,HS#TENCTRP2812M
62372,MS#BAIDURP2612B
62380,MS#KUASORP2811A
62381,UB#HSI  RC2812F
62382,UB#HSBC RC2806I
62383,MS#KUASORC2904A
62385,UB#HKEX RC2704A
62396,UB#HSI  RC2812A
62398,UB#HSI  RC2812I
62401,SG#HSI  RC2809F
62405,SG#HSI  RC2811Q
62409,CI#HSI  RP2807H
62411,BP#HSI  RP2811G
62412,BP#HSI  RP2811H
62414,HS#XIAMIRP2811A
62418,SG#HSI  RC28109
62419,SG#ALIBARC2706A
62423,HS#AIA  RP2812B
62428,CI#HSI  RP2905O
62430,HS#CLIFERP2802C
62432,CI#HSI  RP2905P
62434,MS#HSI  RP27121
62435,BP#HSI  RP2812E
62437,BP#HSI  RP2812I
62439,BP#BYD  RP2803F
62446,JP#BYD  RP2808D
62447,JP#HUAHORC2610B
62450,MS#HSI  RP2803X
62454,SG#SMIC RP2811E
62468,UB#CHQG RC2612I
62482,HS#HSI  RP2904S
62484,HS#HSI  RP29041
62487,SG#TENCTRP28129
62488,JP#MTUANRP2812B
62493,GJ#HSI  RP2804J
62494,JP#HKEX RP2705A
62501,HS#BYD  RP2711E
62503,SG#TENCTRP2812S
62506,UB#MTUANRC2611H
62533,SG#TENCTRP2812D
62535,HU#POMRTRP2812B
62536,HU#POMRTRC2702C
62546,UB#HSI  RP2810S
62547,UB#LENOVRC2701B
62548,HS#TENCTRP2811A
62550,HS#HKEX RC2701A
62552,UB#HSI  RP2901S
62553,HS#C MOBRC2807C
62557,UB#ALIBARC2701D
62561,HS#XIAMIRC2701F
62562,HS#HSI  RC28097
62568,UB#HSI  RP29012
62572,UB#HUAHORC2610B
62576,HU#BAIDURP2812B
62583,SG#HSI  RP28024
62584,SG#HSI  RP2802I
62590,MS#ALIBARP2807A
62599,SG#HSI  RP2804S
62603,MS#ALIBARP2807B
62605,UB#HSI  RP2812H
62607,SG#HSI  RP2803A
62612,UB#SMIC RC2610J
62614,UB#KB LHRC2703C
62615,DS#HSI  RC2810T
62616,DS#HSI  RC28105
62617,DS#HSI  RC2810E
62621,UB#KB LHRC2703D
62625,CT#CCB  RC2709C
62626,DS#HSI  RC2810P
62629,SG#HSI  RP2904I
62630,BI#HSI  RP2803Y
62631,BI#HSI  RP2803A
62633,SG#HSI  RP2904K
62639,SG#HSI  RP2904V
62640,SG#HSI  RP29022
62641,MS#HSI  RC2807T
62643,JP#ZIJINRP2811A
62646,MS#HSI  RC2807V
62653,SG#HUAHORP2811I
62659,SG#BYD  RP28126
62661,SG#ALIBARP2812G
62666,SG#LIAUTRP2812C
62670,BP#HSI  RC2812I
62672,BP#HSI  RC28122
62677,UB#ZIJINRP2812G
62678,BP#HSI  RC2812A
62683,CI#HSI  RP29025
62684,CI#HSI  RP29026
62693,MS#MTUANRP2712N
62694,HS#MTUANRP2711B
62695,SG#SMIC RP2812Y
62696,BP#ALIBARP2905A
62697,UB#HSI  RP28032
62700,UB#HSI  RP2802F
62705,UB#HSI  RP28036
62709,MS#TENCTRP2812K
62711,MS#TENCTRP2812L
62713,BP#BYD  RP2806A
62715,BP#HUAHORC2610B
62716,BP#XIAMIRP2907A
62719,BP#SMIC RC2610B
62720,UB#XIAMIRP2808C
62721,SG#HSCEIRP2812K
62722,CI#HSI  RC2805K
62723,SG#ALIBARP28108
62724,CI#HSI  RC2805W
62727,SG#ALIBARP28109
62731,BP#HSI  RP2904E
62737,HS#KUASORP2812A
62739,BP#HSI  RP2904L
62741,HS#HSI  RP2804L
62747,MS#XIAMIRP2812G
62752,BI#HSI  RP28031
62755,BI#HSI  RP28039
62756,MS#HSI  RP28046
62760,CT#HSI  RC2811Z
62761,DS#HSI  RP2902P
62762,JP#BYD  RP2812A
62769,UB#PETCHRC2810C
62770,MS#HSI  RP2804G
62772,MS#HSI  RP2803D
62773,SG#ALIBARP2810C
62781,SG#HSI  RP2904Y
62783,JP#HSI  RC28097
62785,JP#ALIBARP2808O
62786,JP#HSI  RC2810Y
62787,MS#MTUANRP2808A
62790,MS#XIAMIRP2812D
62791,SG#TENCTRC2701B
62793,SG#TENCTRC2701C
62794,SG#TENCTRC2701D
62795,SG#TENCTRC2701E
62800,JP#HSI  RC2807Q
62803,SG#HSBC RC2809F
62812,UB#POMRTRP2812W
62815,MS#ALIBARP2804B
62818,JP#ALIBARP2808P
62819,SG#CMB  RC2708E
62820,UB#MTUANRP27125
62823,SG#XIAMIRP2812D
62825,SG#LIAUTRP2812E
62828,JP#HSI  RC2807X
62835,DS#HSI  RP2804D
62837,UB#ALIBARP2810U
62838,SG#SMIC RC2611D
62849,HU#TENCTRP2809A
62850,JP#ALIBARC2702E
62852,MS#HSI  RP28049
62856,MS#HSI  RP2803F
62858,JP#XIAMIRP2810B
62859,MS#HSI  RP2802S
62861,SG#XPENGRP2812G
62862,JP#PINANRP2808B
62867,MS#ALIBARP2812B
62869,MS#ALIBARC2702C
62871,UB#ALIBARP2808G
62872,MS#XIAMIRP2811B
62873,MS#HSI  RP28039
62875,MS#HSI  RP2804J
62877,SG#HUAHORC2611B
62883,MS#HSI  RP29044
62886,UB#SMIC RP2703D
62898,BI#HSI  RC2712D
62899,BI#HSI  RC2712E
62901,SG#BYD  RP28127
62903,SG#MTUANRP2612J
62911,GJ#HSI  RC2711B
62912,MS#HSI  RP2803G
62914,GJ#HSI  RC2711E
62915,SG#CP&CCRC2711A
62916,JP#HSI  RP2902B
62918,GJ#HSI  RC2711N
62919,SG#MTUANRP2812W
62921,JP#HSI  RP29021
62922,JP#HSI  RP2902P
62924,SG#KUASORP2812L
62926,HS#TENCTRC2612D
62927,HS#KUASORP2811E
62928,HS#ICBC RC2809A
62930,BI#HSI  RC2809M
62933,HS#TRIP RP2810A
62937,CI#HSI  RC2804J
62939,CI#HSI  RC2804K
62940,HS#TENCTRP2812K
62941,HS#ALIBARP2809C
62943,CI#HSI  RC2804F
62948,JP#ALIBARP2810F
62949,MS#HSI  RP2804Q
62950,JP#TENCTRC2701A
62951,HS#XIAMIRP2812E
62955,JP#KUASORP2810B
62957,JP#HKEX RP2811A
62958,CI#HSI  RC2810N
62964,JP#TRIP RP2811A
62965,JP#HSI  RP2811J
62966,JP#BAIDURP2811A
62968,MS#HSI  RC2708N
62969,MS#HSI  RC2712I
62970,MS#HSI  RC27109
62971,MS#HSI  RC2708O
62972,MS#HSI  RC2712D
62975,HU#HSI  RP2811O
62978,HU#MTUANRP2811B
62979,HU#ALIBARP2812A
62981,HU#ALIBARP2810D
62986,HU#HUAHORP2812H
62988,MS#HSI  RC27122
62989,UB#CNOOCRC2810M
62991,UB#SMIC RC2703C
62992,HS#MTUANRP2812A
62993,MS#HSI  RP2802T
62994,HS#BYD  RP2812A
63000,HU#HSI  RP28037
63004,HU#SMIC RP2811C
63006,HU#TENCTRP2808A
63008,HU#HSI  RC2809G
63017,UB#BYD  RP2805D
63019,UB#HSI  RP2901H
63020,UB#MTUANRP2807C
63021,UB#CSPC RC2711I
63022,MS#HSI  RP2804U
63024,UB#HSI  RP2901O
63025,UB#HSI  RP28111
63026,UB#HSBC RP2812A
63034,UB#KUASORP2804B
63037,DS#HSI  RC28111
63040,UB#MTUANRP2907A
63041,UB#ALIBARP2812K
63043,UB#POMRTRC2703C
63044,UB#KUASORC2707C
63045,SG#HSI  RC2810H
63046,SG#HSI  RC27117
63047,SG#HSI  RC27112
63048,SG#HSI  RC2711F
63049,SG#HSI  RC27111
63050,SG#HSI  RC27115
63051,SG#HSI  RC27116
63052,SG#HSI  RC27119
63053,SG#HSI  RC2711D
63054,SG#HSI  RC2712Y
63055,SG#HSI  RC2712Z
63058,UB#HSI  RC28121
63059,HU#HSI  RP2803K
63063,JP#MTUANRP2811I
63065,HU#HSI  RP2803L
63067,MS#BYD  RP2806A
63068,UB#HSI  RC2812Q
63070,JP#XIAMIRC2702M
63073,HU#HSI  RP2803M
63074,JP#TENCTRP2812S
63076,BI#HSI  RP2804Z
63080,GJ#HSI  RP28113
63083,JP#XIAMIRP2812J
63084,JP#ALIBARP2812U
63085,HU#HSI  RP2803N
63092,UB#HSBC RC2809B
63093,JP#ALIBARP2812V
63105,BP#XIAMIRP2806R
63106,GJ#HSI  RP2804R
63108,SG#MTUANRP2812P
63112,SG#JDCOMRP2812D
63113,CT#HSI  RP27044
63114,HU#HSI  RP2803O
63115,HS#SMIC RC2611E
63122,BP#TENCTRC2610L
63123,HS#HSI  RC2708W
63125,HS#HSI  RC2708C
63126,HS#HSI  RC2708Q
63127,HU#YOFC RP2712D
63133,HS#MTUANRP2710C
63135,HS#KUASORC2703A
63136,HS#HKEX RC2610D
63138,HS#HUAHORP2812I
63139,HS#MTUANRP2812J
63145,HS#ALIBARP2812G
63147,HS#SMIC RP2812H
63148,HS#LENOVRC2703C
63149,HS#HSI  RP29035
63151,HS#TENCTRP2811G
63157,SG#HSI  RP29026
63162,SG#HSI  RP2904J
63168,UB#KUASORP2812P
63171,SG#SMIC RP2812C
63175,BP#HSBC RC2805I
63177,HS#HUAHORC2611D
63178,SG#HSTECRP2811A
63181,SG#HKEX RP2812N
63182,SG#HSI  RC27103
63183,SG#HSI  RC27091
63184,SG#HSI  RC27104
63185,SG#HSI  RC27093
63189,HS#HSI  RP2802C
63199,UB#HSI  RC2812W
63201,HS#CATL RC2610A
63217,DS#HSI  RP2804H
63218,JP#HSI  RC2803N
63227,SG#HSI  RP2902R
63232,JP#CLIFERC2808A
63237,JP#GEELYRC2707A
63239,JP#HSBC RC2712A
63245,SG#POMRTRC2706D
63246,HS#HSI  RC2809Q
63248,UB#HSCEIRP2812D
63249,DS#HSI  RP2804Y
63251,JP#HSBC RC2809A
63252,SG#CNOOCRC2710A
63254,SG#ALIBARP2811H
63257,DS#HSI  RP28041
63259,SG#KB LHRC2702B
63264,JP#BYD  RP2808A
63267,JP#MTUANRP2808A
63270,BP#HSI  RC29012
63278,DS#HSI  RP28047
63280,DS#HSI  RP2804A
63281,DS#HSI  RP2804B
63282,BI#CATL RP2812A
63283,DS#HSI  RP2804I
63287,HS#ALIBARP2711O
63291,DS#HSI  RP2804Z
63296,UB#HSI  RP2802M
63297,HS#ALIBARP2802H
63298,UB#TRIP RP2812B
63300,BP#HSI  RP2904O
63302,HS#HSI  RC2809R
63303,BP#ALIBARC2701D
63304,BP#YOFC RC2701C
63309,UB#HSI  RP2802C
63319,CI#HSI  RP2901W
63320,UB#HSI  RP2802D
63324,JP#TENCTRC2701B
63332,JP#XIAMIRP2809I
63333,BP#HSI  RC29015
63334,BP#HSI  RC29016
63344,HS#SMIC RP2810B
63348,JP#HSI  RP2902J
63351,CT#HSI  RP2811F
63352,HS#HUAHORP2810C
63355,UB#HSI  RC28031
63359,MS#TENCTRP2811B
63362,HU#YOFC RC2701E
63363,HU#MTUANRP2811C
63368,HU#SMIC RP2812E
63370,SG#HSI  RC28116
63372,JP#TENCTRP2810I
63374,JP#KUASORP2809D
63375,BP#XIAMIRC2612E
63380,BI#HSI  RP2803I
63381,GJ#HSI  RP29038
63382,JP#YOFC RC2706A
63384,SG#HSI  RC2901A
63388,BI#HSI  RP2803J
63390,UB#CNOOCRC2710H
63392,SG#HSI  RC2812D
63393,SG#HSI  RC2812E
63395,UB#HSI  RP2802H
63397,SG#HSI  RC2812F
63400,UB#TENCTRP2812V
63402,UB#AIA  RC2610C
63412,UB#C MOBRC2709C
63415,JP#KUASORP2907A
63417,SG#HSI  RC2812G
63419,UB#HSI  RP2802I
63423,UB#MTUANRP2802I
63428,JP#KINGBRC2702C
63434,JP#HSI  RC2809S
63441,UB#HSI  RP2802Q
63442,UB#HSI  RP2803N
63444,SG#SMIC RC2706B
63445,JP#KB LHRC2702D
63453,JP#ALIBARP2907B
63455,JP#MTUANRC2702F
63458,JP#HSI  RC28093
63460,JP#HSI  RC28096
63464,UB#XPENGRP2812C
63467,UB#XIAMIRP2812K
63469,JP#HSI  RC28099
63474,BP#HSI  RC2812E
63475,JP#HSI  RC2809B
63477,BP#HSI  RC2812H
63478,SG#HSBC RC2809G
63485,UB#BYD  RP2812U
63492,SG#XIAMIRP2812N
63497,BP#TENCTRP2807U
63503,SG#XIAMIRP2812S
63508,SG#XIAMIRP2812Y
63516,JP#XIAMIRC2612H
63517,BP#ALIBARP2805S
63519,JP#BYD  RC2612G
63522,SG#BYD  RP28121
63525,SG#HUAHORC2609C
63532,BP#HSBC RC2805B
63540,BP#KUASORP2804I
63543,UB#HSI  RC2803C
63547,UB#WUXI RC2612A
63548,UB#WUXI RC2708A
63551,SG#KUASORP28122
63552,SG#SMIC RC2612A
63553,JP#HSCEIRC2709F
63554,SG#MTUANRP2812X
63556,JP#ALIBARP2809F
63558,UB#HSI  RC2707V
63560,JP#HSCEIRC2709G
63565,UB#CNOOCRC2810N
63569,UB#SMIC RP2812T
63575,UB#MTUANRP2907B
63577,JP#XIAMIRP2809D
63580,UB#YOFC RC2702D
63581,JP#ALIBARC2701K
63582,UB#HSI  RC2711Y
63585,UB#HSI  RC27111
63587,UB#HSI  RC27113
63593,SG#CNOOCRP2705D
63596,UB#HSTECRC2612H
63597,UB#HSTECRC2612I
63598,UB#SMIC RP2703E
63604,GJ#HSI  RC2711Z
63605,GJ#HSI  RC2711J
63606,UB#ALIBARP2808H
63609,UB#ALIBARP2807C
63611,UB#CNOOCRC26103
63612,UB#HSI  RP29014
63613,JP#KUASORP2812A
63614,JP#HSBC RC2612B
63617,UB#MTUANRP2804E
63620,GJ#HSI  RP2804N
63636,UB#TENCTRC27062
63639,CI#HSI  RP2807I
63645,UB#PETCHRC2810D
63649,UB#ALIBARP2812L
63651,CT#CLIFERC2611A
63652,CI#HSI  RP2805A
63667,CT#MTUANRP2612G
63669,UB#BYD  RC2612A
63674,UB#XIAMIRC2612I
63689,HS#HUAHORC2612A
63691,HS#YOFC RC2702B
63701,HS#ALIBARP2811O
63705,SG#HSI  RP2802U
63706,MS#HSI  RC2711X
63707,MS#HSI  RC2712U
63711,UB#CMB  RC2708B
63717,HS#KINGBRP2812A
63720,HS#KUASORP2812G
63724,HS#HSI  RP2904E
63725,UB#ALIBARC26112
63729,UB#ALIBARC2612J
63733,SG#XIAMIRP2812I
63735,BI#HSI  RC2809P
63739,JP#HSI  RP28118
63741,BP#ALIBARP2805K
63742,HS#HSI  RP2904I
63743,SG#HSI  RC27095
63744,SG#HSI  RC27105
63745,SG#HSI  RC27107
63746,SG#HSI  RC27108
63747,CT#HSI  RP2804X
63750,HS#XIAMIRP2711E
63753,HS#XIAMIRP2712J
63756,GJ#HSI  RP28043
63757,SG#HSI  RC2711E
63758,SG#HSI  RC2711U
63760,SG#HSI  RC2710B
63766,SG#PINANRC2710O
63768,GJ#HSI  RP28049
63772,UB#C MOBRP2705A
63776,BI#HSI  RC2712I
63780,JP#ALIBARC2707P
63781,BI#HSI  RC2712L
63782,SG#TENCTRC2701F
63789,JP#HSI  RP2811A
63794,SG#TENCTRC2701G
63795,JP#CCB  RC2808B
63796,SG#TENCTRC2701H
63798,UB#YOFC RP2812E
63799,UB#BAIDURP2811C
63803,CI#HSI  RC2810P
63809,SG#MTUANRP2810A
63815,BP#HSI  RC28078
63816,BP#HSI  RC2807E
63819,BP#HSI  RC2807J
63822,BP#HSI  RC28072
63830,JP#CLIFERP2805A
63835,GJ#HSI  RP28114
63837,SG#HSI  RP2902A
63846,MS#HSI  RC2811S
63847,BP#C MOBRC2809A
63849,BP#C MOBRC2809B
63851,BP#TENCTRC2610A
63854,SG#ALIBARP2810A
63855,SG#ALIBARP2810E
63869,HU#HKEX RC2703A
63873,HU#HSBC RC2704A
63879,HU#POMRTRP2811C
63880,BP#HSBC RC2711D
63881,HU#HSI  RC2809H
63885,GJ#HSI  RP2804O
63886,GJ#HSI  RP28044
63890,SG#C MOBRC2710F
63891,BP#PINANRC2709E
63893,UB#SMIC RP2811A
63896,UB#MTUANRP2802J
63901,HS#HSI  RP2802T
63906,UB#CCB  RC2808D
63910,SG#YOFC RC2703D
63912,HS#HSI  RP2802X
63923,UB#HSI  RC2709T
63943,UB#HSI  RC2810Y
63946,MS#MTUANRP2712I
63947,UB#HSI  RC2812G
63953,HS#ALIBARP2811B
63954,UB#TENCTRC2611C
63955,MS#HSI  RP2804C
63956,UB#TENCTRC2611D
63967,MS#ALIBARP2810H
63978,CI#HSI  RP2904V
63981,SG#HSI  RC2810W
63983,SG#HSI  RC2809G
63984,SG#HSI  RC2812H
63998,SG#CNOOCRC2810A
64000,UB#PINANRP2804F
64012,GJ#HSI  RP2804V
64013,HS#YOFC RP2712C
64016,HS#POMRTRP2812E
64017,JP#MTUANRP2803A
64020,JP#JDCOMRP2803A
64024,JP#HSI  RP2902V
64027,GJ#HSI  RP2804E
64030,CT#HSI  RP2802Z
64031,UB#BYD  RP2801N
64038,HU#HSI  RP2811P
64039,SG#ZIJINRC2703B
64041,SG#POMRTRP2812T
64042,SG#PETCHRC2810E
64045,HU#HSI  RP2811U
64047,HU#ZIJINRP2811B
64050,HS#HSI  RP2902V
64051,HS#TENCTRC2612E
64064,BI#HSI  RP29048
64078,HU#HSI  RC2710D
64079,HU#HSI  RC2710E
64080,BI#HSI  RC2712M
64081,BI#HSI  RC2712N
64085,GJ#HSI  RC2711Y
64086,GJ#HSI  RC27111
64091,SG#MTUANRC2610G
64092,HS#HSI  RC27072
64103,HS#C MOBRC2709C
64105,HS#TRIP RP2708B
64108,SG#ALIBARP2810D
64110,MS#HSI  RC2712T
64118,MS#HSI  RC2711O
64120,CI#HSI  RC28099
64133,HS#PETCHRC2812C
64135,GJ#HSI  RP2903N
64136,UB#HSTECRP2812S
64137,UB#KINGBRC2703C
64143,CI#HSI  RC2810S
64148,HS#SMIC RC2610A
64149,UB#KB LHRC2703E
64151,CI#HSI  RC2810T
64153,SG#HSI  RC2708A
64154,SG#HSI  RC27096
64155,SG#HSI  RC2708B
64156,SG#HSI  RC2708E
64157,SG#HSI  RC2708J
64158,SG#HSI  RC2708L
64159,JP#AIA  RP2810A
64160,HS#XIAMIRP2812F
64161,JP#HSBC RC2809B
64164,JP#MTUANRP2806A
64165,HS#CLIFERC2712C
64167,JP#BYD  RP2807A
64171,GJ#HSI  RP28037
64172,HS#SMIC RC2611A
64176,SG#ALIBARP2810X
64177,SG#HSI  RC2708M
64180,HS#TENCTRC2611D
64187,SG#SMIC RC2609A
64190,UB#HSI  RP2901Q
64193,SG#AIA  RC2806A
64203,SG#CLIFERC2807A
64206,SG#CLIFERC2807B
64218,UB#XIAMIRP2808A
64219,UB#CCB  RC2807F
64220,UB#XIAMIRP2808B
64228,SG#TRIP RC2701A
64231,JP#ALIBARP2812L
64232,UB#HSI  RP2901U
64233,BP#HSI  RC28073
64236,SG#XIAMIRC2701N
64239,CT#HSI  RP28054
64240,SG#BYD  RC2701A
64241,UB#HSI  RP2901V
64242,JP#TENCTRC2612N
64244,JP#PINANRP2810B
64253,UB#HKEX RC2710X
64254,UB#HKEX RC2710Y
64256,SG#BYD  RC2701B
64263,SG#AIA  RP2812E
64267,UB#PINANRC2710Z
64268,UB#HSBC RC2712B
64274,UB#GEELYRC2707A
64277,UB#TENCTRP28122
64282,SG#HSI  RP2902L
64284,SG#YOFC RP2812E
64285,SG#HSI  RP2902T
64293,BP#TENCTRP2807G
64294,UB#MTUANRP2803A
64295,HS#KUASORP2812C
64301,SG#CNOOCRC2812E
64303,BP#HSI  RP2904X
64307,BP#HSI  RP2904K
64308,HS#KUASORP2711C
64312,UB#HSI  RC2709P
64313,UB#HSI  RC2711B
64318,UB#HSI  RC2712X
64325,UB#ICBC RC2808C
64327,BP#XIAMIRP2806S
64329,BP#MTUANRP2801G
64341,BP#BYD  RP2806K
64348,HS#BYD  RP2812B
64352,BP#YOFC RC2701D
64357,HS#LENOVRP2810A
64360,HS#POMRTRC2702E
64361,UB#TRIP RP2712A
64373,HS#ALIBARP2810A
64374,SG#XIAMIRP28123
64379,HS#HSI  RP2903X
64383,CT#CNOOCRC2609C
64387,JP#XIAMIRC2701G
64398,UB#TENCTRC2611F
64458,UB#CNOOCRP2705G
64460,MS#HSI  RC2911A
64463,UB#BAIDURP2811A
64473,JP#HSI  RC2803Q
64475,MS#HSI  RP29012
64486,JP#BYD  RC2612I
64487,JP#MTUANRC2701B
64488,JP#POMRTRP2811H
64490,JP#BYD  RC2612J
64493,HS#ALIBARP2811C
64495,JP#PETCHRC2810B
64496,JP#XIAMIRC2612J
64511,HS#POMRTRP2812A
64512,JP#MTUANRP2803B
64518,BP#TENCTRC2609B
64521,BP#HKEX RC2803J
64525,JP#XIAMIRP2805D
64553,HS#HSI  RC27071
64573,HS#CLIFERC2610A
64574,UB#INBIORC2611C
64578,SG#CSPC RC2711J
64586,GJ#HSI  RC2711H
64587,GJ#HSI  RC27114
64589,UB#PETCHRC2810E
64590,UB#CNOOCRC2810L
64594,BP#HSI  RP28033
64595,SG#XIAMIRP2812G
64600,BP#HSI  RP28034
64604,MS#XIAMIRP2712R
64606,SG#HSTECRP28123
64613,CI#HSI  RC2809C
64615,CI#HSI  RC2810U
64619,BP#TENCTRP2807W
64621,UB#HSCEIRC2709K
64623,HS#HUAHORC2612B
64625,BP#ALIBARP2805T
64627,SG#AIA  RP2812L
64628,UB#HSCEIRC2709L
64629,SG#PINANRP2704F
64632,MS#HSI  RC2711Y
64633,MS#HSI  RC2712V
64635,BI#HSI  RC2712O
64636,BI#HSI  RC2712P
64640,DS#HSI  RP2802G
64654,BP#CNOOCRC2809B
64655,CI#HSI  RP2808D
64664,HS#TENCTRC2703A
64665,HS#HSI  RC27078
64666,HS#SMIC RP2812F
64667,HS#HSI  RC2707C
64678,GJ#HSI  RP2803O
64688,BP#XIAMIRP2806H
64690,CI#HSI  RP28079
64697,UB#HKEX RC2710Z
64698,BP#HSTECRP2901N
64710,CI#HSI  RP2808E
64718,SG#HSI  RP28027
64719,SG#HSI  RP2804Y
64721,SG#HSI  RP2803N
64722,UB#CNOOCRP2705D
64723,UB#HSBC RC2712C
64724,UB#GEELYRC2707B
64725,SG#HSI  RP2803X
64735,JP#HSI  RP29061
64737,CI#HSI  RP2807A
64740,HS#HSI  RP2609E
64741,HS#HSI  RC2609C
64750,UB#POMRTRP2812N
64751,JP#AIA  RC2708A
64753,UB#HSI  RC2709X
64754,UB#HSI  RC27107
64758,UB#HSI  RC27108
64761,UB#HSI  RC2711F
64764,UB#HSI  RC27092
64765,JP#HSI  RP29067
64769,HS#CNOOCRC2806A
64780,BI#TENCTRP2812J
64782,BI#CATL RP2812B
64799,CI#HSI  RP2807B
64804,UB#HSBC RC2704I
64807,JP#ICBC RC2708D
64809,UB#HSBC RC2809J
64812,CT#HSI  RC2711B
64824,CT#HSI  RC2711E
64826,SG#SENTMRC2705A
64836,SG#BAIDURC2706A
64838,CI#HSI  RP2807D
64849,HS#CNOOCRC2612A
64854,HS#HKEX RC2612B
64867,DS#HSI  RC28115
64874,BI#HSI  RP28041
64876,UB#HSI  RP2808T
64884,UB#AIA  RP2812A
64886,MS#CLIFERC2711C
64891,BP#HSI  RC2807S
64892,BP#HSI  RC28074
64894,BP#HSI  RC28075
64899,BP#HSI  RC28076
64902,BP#HSI  RC2807Q
64903,HS#TENCTRP2810C
64906,CT#HSI  RC28079
64909,GJ#HSI  RC2809Z
64910,GJ#HSI  RC2809D
64915,UB#HSI  RP2812S
64920,BP#HSI  RC2807P
64921,BP#HSI  RC2807V
64923,BP#HSI  RC2807A
64924,BP#HSI  RP28038
64925,BP#HSI  RP28039
64929,UB#SMIC RC2609B
64935,BP#HSI  RP2803M
64938,BP#HSI  RP2803Q
64939,UB#HUAHORC2612A
64947,JP#AIA  RC2708E
64948,UB#CLIFERC2712A
64951,UB#CLIFERC2712B
64957,UB#HSI  RP2812V
64962,UB#KB LHRP2702B
64965,JP#WUXI RC2708A
64966,JP#HSI  RC28039
64974,JP#CMB  RC2708B
64978,JP#HSI  RC2803O
64983,UB#BAIDURC2612A
64984,UB#BAIDURC2612B
64985,UB#BAIDURC2612C
64991,BP#TENCTRP2807Y
64994,SG#HSI  RC27099
64996,SG#HSI  RC27073
64997,SG#HSI  RC2709I
64999,SG#HSI  RC2709P
65001,SG#HSI  RC2709U
65002,SG#HSI  RC2709W
65003,SG#HSI  RC2707D
65004,BP#HSI  RC28123
65010,BP#HSI  RC28125
65011,SG#JDCOMRP2812J
65016,BP#HSI  RP2805B
65018,CI#HSI  RC2809D
65019,UB#XIAMIRP2907D
65022,BP#HSI  RP2805G
65023,BP#BYD  RP2803G
65025,BP#HSI  RP2805K
65026,BP#HSI  RP28031
65027,UB#YOFC RP2812N
65028,CT#HSI  RP2810A
65029,UB#XIAMIRC2612J
65033,HU#HSI  RC27119
65034,MS#HSI  RC27129
65040,MS#HSI  RC2712H
65041,MS#HSI  RC2710Q
65043,MS#HSI  RP2804L
65052,UB#KINGBRP2701C
65061,MS#HSI  RP28021
65062,JP#SUNY RP2805C
65063,UB#TENCTRC2612E
65064,JP#HSBC RC2810A
65074,UB#HKEX RC2610L
65076,UB#HSI  RC2710G
65079,UB#HSI  RC2711M
65086,UB#BYD  RC2611G
65087,UB#HSI  RC2707X
65090,CI#HSI  RP2811M
65092,BI#HSI  RC2712Q
65093,BI#HSI  RC2712R
65097,BI#HSI  RC2712S
65098,JP#AIA  RP2811B
65099,BP#HSI  RC2807B
65100,BP#HSI  RC2807C
65104,UB#BYD  RC2612B
65111,BP#HSI  RC2810K
65112,BP#HSI  RC2810G
65113,HS#HSI  RP2802S
65114,BP#HSI  RC2810I
65117,JP#MTUANRC2612C
65118,UB#MTUANRC2702B
65122,JP#HSI  RC28124
65126,CI#HSI  RP2811N
65127,JP#MTUANRC2611E
65134,CI#HSI  RP2811O
65137,HS#HSI  RP2802G
65143,UB#PINANRC27101
65147,UB#HSI  RC2709G
65148,UB#HSI  RC2709H
65150,UB#HSI  RC2711N
65154,JP#TENCTRC26117
65157,CI#HSI  RP2811P
65162,JP#XIAMIRP2809J
65165,JP#CLIFERC2809A
65172,UB#ALIBARP2811F
65175,UB#POMRTRP2812I
65177,SG#HSI  RC27128
65179,UB#CHQG RP2812B
65184,SG#HSI  RC2710C
65185,SG#HSI  RC2710D
65186,SG#HSI  RC2710E
65187,SG#HSI  RC27123
65188,SG#HSI  RC27125
65189,SG#HSI  RC27129
65190,JP#TENCTRC26118
65194,SG#HKEX RC2609B
65195,CT#AIA  RC2609B
65198,CI#HSI  RP2811Q
65200,HS#CSPC RP2712A
65204,HU#BYD  RC2612A
65207,CT#HSI  RC2710G
65209,HU#XIAMIRC2701C
65211,MS#HSI  RP2902I
65212,JP#TENCTRC2611E
65215,JP#HKEX RC2810B
65217,UB#BAIDURP2812A
65225,UB#HSI  RP2803X
65227,SG#HSTECRP2812Y
65230,SG#HKEX RP28122
65233,SG#SMIC RC2612B
65246,HU#TENCTRC2701A
65264,HS#HSI  RC2803D
65266,SG#TENCTRC2612L
65267,SG#TENCTRC2701I
65271,HS#HSI  RC2707Q
65272,JP#HSI  RC2807N
65274,HS#HSI  RC2708M
65275,SG#HKEX RC2704W
65276,HS#HSI  RC2708R
65277,HS#HSI  RC2803E
65279,BP#HSI  RP28121
65280,HS#GEELYRC2612A
65281,HS#HKEX RC2611E
65284,HS#XIAMIRP2812K
65286,HS#KB LHRC2702B
65291,SG#POMRTRP28125
65294,UB#AKESORP2808A
65296,GJ#HSI  RC2711K
65299,HS#MTUANRP2812K
65303,SG#HSI  RC2707F
65307,SG#HSI  RC2707G
65308,SG#HSI  RC27097
65311,SG#HSI  RC27098
65312,JP#ALIBARP2808Q
65318,UB#HSI  RP2803Z
65319,BI#TENCTRC26123
65321,UB#HSI  RP2811V
65322,UB#HSI  RP2804G
65323,UB#HSI  RP2808C
65330,SG#HSBC RC2812A
65334,SG#CCB  RC2809A
65335,BI#TENCTRC26124
65336,HS#YOFC RC2702C
65337,JP#ICBC RC2709A
65343,UB#HSBC RC2806C
65347,JP#BAIDURP2710A
65348,SG#XIAMIRP28124
65351,SG#HSI  RC2707P
65356,SG#HKEX RC2609C
65357,HS#HSI  RC2810J
65361,SG#PINANRC2710P
65364,HS#KINGBRC2702B
65365,SG#XIAMIRP28126
65370,HU#HSI  RC2709A
65377,HU#HSI  RC2709B
65379,HU#HSI  RC26125
65382,CT#HSTECRC2612C
65386,HS#HSI  RP2904N
65388,SG#BAIDURP2810B
65395,GJ#HSI  RC2712O
65397,JP#HSI  RP2812D
65403,SG#ICBC RC2712B
65405,SG#CMB  RC2708F
65421,SG#HSI  RP2904L
65423,JP#ALIBARP2808T
65427,CI#HSI  RC2809B
65428,CI#HSI  RC2810X
65429,CI#HSI  RC2810Y
65431,SG#HSI  RP2903F
65434,JP#HSI  RP2810M
65447,UB#HKEX RC2610M
65449,JP#CCB  RC2805B
65454,UB#HKEX RC2610N
65460,UB#HSI  RC2707E
65463,UB#HSI  RC27121
65464,UB#HSI  RC2709Q
65466,UB#HSI  RC2710T
65467,UB#HSI  RC2711Q
65468,UB#HSI  RC27122
65469,UB#HSI  RC27123
65470,UB#MTUANRP2808A
65474,UB#HSBC RC2712D
65477,UB#CNOOCRC2610Z
65483,JP#BOCL RC2709A
65484,UB#CNOOCRC26101
65491,SG#TENCTRC2612F
65499,BP#HSI  RC28105
65502,SG#KINGBRC2707B
65503,BP#HSI  RC28107
65504,BP#HSI  RC28108
65506,BP#HSI  RC28109
65509,BP#HSI  RC2810A
65510,BP#HSI  RC2810B
65512,BP#HSI  RC2810C
65513,SG#KB LHRC2703C
65519,CI#HSI  RP2811Z
65520,CI#HSI  RP2810I
65526,HS#HSI  RC2803F
65527,HS#HSI  RC2803G
65528,CI#HSI  RP2810J
65531,HU#HSI  RP2803E
65534,HS#HSI  RC2803I
65539,SG#HSTECRC2612G
65543,JP#CSPC RC2711C
65545,HS#PINANRC2711H
65546,HS#HKEX RC2710K
65548,SG#HSTECRC2612H
65554,BI#HSI  RC2712Z
65556,UB#TENCTRC2611H
65558,UB#TENCTRC2611I
65560,UB#MTUANRC2611E
65569,UB#TENCTRC2706I
65574,SG#HKEX RC2704Z
65577,HS#HSI  RC26099
65585,HS#XIAMIRP2712K
65586,CT#C MOBRC2609C
65591,CT#HSI  RC2711N
65596,UB#C MOBRP2704C
65598,SG#ALIBARC2701E
65599,CI#HSI  RP2807M
65601,DS#HSI  RP2903Y
65605,HS#PINANRP2807A
65609,UB#ZIJINRC2701B
65611,BI#HSI  RP2804W
65617,UB#C MOBRC2609B
65618,UB#HSI  RC28078
65621,HS#JDCOMRP2808A
65625,UB#HSI  RP2810B
65638,BP#ZIJINRP2812A
65639,SG#TENCTRC2701J
65641,UB#HSI  RC2807Y
65644,BP#HSI  RP28032
65645,BP#HSI  RP2803C
65647,SG#XIAMIRC2701O
65655,JP#PINANRC2710G
65657,UB#KB LHRC2702A
65659,SG#XIAMIRC2701P
65660,SG#C MOBRP2704B
65663,JP#PINANRC2710H
65664,GJ#HSI  RC2711L
65665,GJ#HSI  RC2711P
65666,HS#ALIBARP2711Q
65668,BP#HSI  RP2803K
65669,UB#HSI  RP2812N
65674,UB#HKEX RC2609G
65678,SG#BAIDURP2812D
65682,UB#ICBC RC2707A
65683,UB#PINANRC27102
65688,UB#AIA  RC2610D
65691,DS#XIAMIRP2712C
65699,UB#HSI  RC2710H
65700,UB#HSI  RC2710J
65701,UB#HSI  RC27102
65703,UB#HSI  RC2711R
65705,UB#HSI  RC2711S
65713,GJ#HSI  RP28039
65714,HS#ALIBARC2702C
65715,HS#ALIBARC2702D
65717,HS#MTUANRC2702A
65719,DS#HSI  RP28029
65723,HS#BYD  RC2701B
65725,SG#HSI  RC2707V
65727,SG#HSI  RC2709O
65728,HS#TENCTRC2701G
65730,SG#HSI  RC2707W
65732,SG#HSI  RC2707C
65737,SG#HSI  RC2709R
65738,HS#XIAMIRC2702B
65740,HS#PINANRP2802C
65751,BI#HSBC RC2612A
65753,BI#ICBC RC2708A
65755,SG#HSI  RC2707Q
65760,HS#TENCTRC2702C
65773,BI#C MOBRC2609A
65778,BI#HKEX RC2610A
65780,HS#TENCTRC2702D
65787,MS#HSI  RP28022
65795,SG#HSI  RP2812J
65796,SG#HSI  RP2812K
65798,HS#HSI  RC27091
65799,CT#HSI  RP2805B
65800,HS#HSI  RC27092
65813,HS#HKEX RC2710L
65819,HS#CCB  RC2710B
65822,HS#ICBC RC2710C
65825,SG#KUASORP2812B
65826,BP#HSI  RP28124
65829,HS#POMRTRP2812B
65831,BP#HSI  RP28125
65834,JP#TENCTRP2812T
65835,HS#HSI  RP2803T
65836,CI#HSI  RC28092
65837,JP#KB LHRC2702E
65846,HS#HSI  RP2803K
65854,BP#HSI  RC2809L
65861,JP#HKEX RC2610A
65863,JP#HSI  RP2902Q
65864,BP#HSI  RC2809R
65871,SG#TENCTRP28123
65874,CT#HSI  RC2711O
65877,BP#TENCTRC2611A
65886,HS#KB LHRP2810A
65887,CT#HSI  RC2711P
65901,MS#HSBC RC2805A
65903,BP#SMIC RP2712H
65905,SG#HUAHORP2811F
65906,SG#TENCTRP28121
65908,SG#KUASORP2812R
65915,JP#MTUANRC2701C
65916,JP#POMRTRP2809A
65920,JP#HSI  RP2810G
65928,JP#HSI  RP28102
65930,SG#HSBC RP2801B
65932,BI#CCB  RC2612A
65939,HS#HSI  RC2709Y
65940,JP#MTUANRC2701D
65942,HS#HSI  RC2709Z
65943,HS#HSI  RC27096
65944,HS#HSI  RC2707L
65945,HS#HSI  RP2804I
65951,SG#HSI  RC2811K
65957,JP#HUAHORP2812E
65958,SG#HSI  RC2812M
65970,BI#HUAHORC2612A
65973,SG#HSI  RC2710G
65975,SG#HSI  RC2710H
65976,SG#HSI  RC2710L
65983,SG#HSI  RC2710M
65984,SG#HSI  RC2710N
65991,SG#HSI  RC2709Y
65993,SG#HSI  RC2709X
65994,SG#HSI  RC2707X
66014,JP#HUAHORP2812G
66016,CT#HSI  RC2707N
66020,BP#ALIBARP2805E
66022,CT#HSI  RC2711Q
66024,HS#HSI  RP2802W
66028,BP#TENCTRP2807E
66029,UB#HSI  RP2803V
66034,UB#HSI  RP2804Q
66038,HU#HSI  RP2803F
66045,JP#TENCTRP2810N
66058,UB#HSI  RC2709W
66059,UB#HSI  RC2709Y
66060,UB#HSI  RC2710M
66061,UB#HSI  RC2710P
66066,UB#HSI  RC2803D
66068,UB#HSI  RC2709B
66074,MS#HKEX RC2704E
66075,JP#ZIJINRC2706A
66077,UB#JDCOMRP2803A
66082,UB#HSI  RC2709V
66083,UB#HSI  RC2711T
66087,UB#HSI  RC2711U
66094,JP#TENCTRP2807J
66095,JP#HSBC RC2806F
66096,SG#HSI  RP2804L
66097,SG#HSI  RP28036
66099,GJ#HSI  RC2711S
66100,SG#HSI  RP2804M
66102,MS#HSI  RC2711C
66103,MS#HSI  RC2712P
66107,MS#HSI  RC2708P
66108,MS#HSI  RC2712K
66109,MS#HSI  RC2710J
66113,HS#HSI  RP2802J
66114,CI#HSI  RC2709H
66115,CI#HSI  RC2709I
66117,CI#HSI  RC2709J
66118,CI#HSI  RC2709K
66120,CI#HSI  RC2709L
66122,CI#HSI  RC2709N
66123,SG#POMRTRP2812V
66124,SG#ALIBARP2810G
66132,BP#HSI  RC2809Z
66134,BP#HSI  RC28096
66139,DS#HSI  RP2803D
66142,DS#HSI  RP2803G
66146,BP#HSBC RC2711E
66147,BP#HSBC RC2711F
66150,HS#HSI  RP2802L
66164,HS#HSI  RP2802O
66168,UB#C MOBRC2610E
66172,BP#HSI  RP28037
66174,BP#TENCTRC2611B
66180,JP#HSI  RC2709H
66182,BP#TENCTRC2611C
66197,HU#MTUANRC2610C
66200,BP#POMRTRP2806Z
66205,BP#POMRTRP28061
66209,BI#HSI  RP28045
66214,BI#HSI  RP2804H
66223,JP#MTUANRP2804A
66225,HS#HSI  RC2803J
66226,UB#POMRTRP2808C
66227,HS#HSI  RC2803K
66228,HS#HSI  RC2803L
66237,SG#C MOBRC2710H
66238,HS#HSI  RP2804Z
66241,UB#TENCTRP2807E
66245,HS#MTUANRP2710D
66247,HS#JDCOMRP2710A
66249,HS#CLIFERC2612A
66250,HS#GEELYRC2611A
66251,HS#BOCL RC2711A
66252,GJ#HSI  RC2711T
66256,GJ#HSI  RP28035
66266,HS#HSI  RP2804C
66270,BP#SMIC RP2812I
66271,CI#HSI  RC2810Z
66272,CI#HSI  RC28101
66275,BP#HUAHORP2808M
66279,CI#HSI  RC2809S
66282,HU#SMIC RP2811A
66285,BP#HSBC RP2701F
66287,SG#HSI  RP2802R
66288,MS#PINANRC2710F
66291,MS#PINANRC2710G
66292,SG#HSI  RP2804W
66294,MS#HKEX RC2609B
66295,MS#HSI  RC2711G
66297,MS#HSI  RC27102
66304,HS#HSI  RP28025
66305,BI#HSI  RC27122
66307,SG#HSI  RC2709J
66308,SG#HSI  RC2709N
66309,SG#HSI  RC2711A
66310,JP#POMRTRP2812H
66312,HU#KB LHRC2704A
66314,HU#KB LHRP2811A
66317,SG#HSI  RC2711B
66320,SG#HSI  RC2711G
66325,SG#HSI  RC2711H
66328,UB#CSPC RP2610A
66330,UB#HSI  RP2704A
66335,SG#HSI  RC2710P
66339,SG#HSI  RC2710Q
66342,SG#HSI  RC2711I
66348,HS#XIAMIRP2809A
66350,BI#HSI  RC2612A
66359,UB#HSI  RC27091
66378,HS#HSI  RP2802M
66379,UB#HSI  RC2710Q
66380,UB#HSI  RC2711V
66387,HS#HSI  RP2802P
66391,UB#HSI  RC2711W
66395,UB#HSI  RC2711X
66397,UB#HSI  RC2710Z
66401,UB#HSI  RC27101
66403,UB#HSI  RC27103
66405,HS#HSI  RC26098
66422,BP#HSI  RC2809F
66423,BP#HSI  RC28095
66425,BP#HSI  RC2809A
66430,BP#HSI  RC2809B
66434,BP#HSI  RC2809D
66443,UB#HSI  RC26114
66445,BP#CNOOCRC2709C
66447,UB#POMRTRP2812J
66448,BP#PINANRC2709F
66449,BP#PINANRC2709G
66463,UB#CLIFERP2805G
66468,HS#HSI  RC2707V
66470,UB#HSI  RC26115
66471,UB#HSI  RC2612N
66479,SG#HSI  RC26097
66480,JP#HKEX RC2810D
66482,HS#HSI  RC27093
66488,HS#HSI  RC2709A
66489,HS#HSI  RC2709H
66501,JP#HSI  RC26112
66502,HU#KINGBRC2703B
66503,HS#CNOOCRC2611F
66514,JP#HSBC RC2612C
66521,UB#HSI  RP2804W
66525,UB#HSI  RP2804E
66527,UB#HSI  RP2804J
66528,UB#HSI  RP2804X
66535,BP#HSI  RC2706V
66547,JP#HSI  RC2709W
66548,MS#HKEX RP2807C
66552,JP#HSBC RC2812C
66558,DS#HSI  RP28021
66564,CI#HSI  RP2805J
66566,HS#HSI  RC26103
66567,HS#HSI  RC26104
66569,DS#HSI  RP2802Z
66573,BI#HSI  RC2712X
66574,BI#HSI  RC2712Y
66575,UB#TENCTRC2611L
66576,MS#XIAMIRP2712S
66577,UB#XIAMIRP2812L
66582,UB#XIAMIRP2812M
66584,UB#HKEX RC2809F
66595,DS#HSI  RP2802M
66600,UB#POMRTRP2812V
66601,HS#TENCTRP2802C
66605,HS#HSI  RC2803N
66611,HS#HSI  RC2709F
66617,HS#HSI  RC2803O
66621,UB#HSBC RP2802C
66622,BP#HSI  RC2706Y
66625,HS#HSI  RC2707I
66626,HU#HSI  RC2612W
66632,JP#KUASORP2812C
66633,UB#HSI  RC26118
66635,BI#HSI  RP2804A
66638,UB#MTUANRC2612F
66641,UB#HKEX RC2610A
66642,MS#HSI  RC2710Z
66646,UB#HSI  RC26108
66647,MS#HSI  RC2711K
66653,MS#HSI  RC27121
66655,GJ#HSI  RC2711U
66656,GJ#HSI  RC27112
66666,HS#HSI  RC2609E
66675,CI#HSI  RC2809T
66676,HS#MTUANRP2802B
66677,UB#HUAHORP28123
66680,UB#HUAHORP2812Z
66682,GJ#HSI  RP2803G
66683,CI#HSI  RC2710B
66684,UB#HUAHORP28121
66689,CI#HSI  RC2804B
66690,SG#HSI  RC2710R
66692,SG#HSI  RC2710S
66694,SG#HSI  RC2710U
66696,SG#HSI  RC2711J
66701,SG#HSBC RC2812B
66718,BP#HSI  RC2707E
66719,MS#HKEX RP2807A
66723,SG#HSI  RC2710V
66727,UB#HSI  RC2610U
66731,SG#HSI  RC2711K
66732,SG#HSI  RC2710W
66734,SG#HSI  RC2711L
66736,SG#HSI  RC2811W
66740,GJ#HSI  RC2709L
66742,CI#HSI  RP2807N
66743,UB#HSI  RC26119
66748,CI#HSI  RP28114
66749,HS#HSI  RP28027
66764,SG#ZIJINRC2707A
66770,BP#HSI  RP28055
66773,MS#HSI  RC2712L
66776,UB#PINANRC27103
66780,UB#HSI  RC27104
66786,BP#ALIBARP2805U
66787,HU#KINGBRP2812A
66791,SG#HKEX RC27043
66792,HU#C MOBRC2709A
66796,UB#HSI  RC2711A
66806,UB#HSI  RC2710R
66809,UB#HSI  RC2711D
66816,HS#XIAMIRP2812G
66819,BI#HSI  RC2609A
66829,SG#HSBC RC2704D
66831,CT#HSI  RP2805E
66834,UB#HSBC RC2803A
66837,UB#HSCEIRC2709C
66841,SG#BAIDURP2810C
66843,HS#HSI  RC27076
66844,SG#HUAHORP2812Z
66845,HS#HSI  RC2609F
66846,HS#HSI  RC2611K
66847,SG#CCB  RC2808J
66854,UB#HSI  RC27095
66859,SG#ALIBARC2701F
66870,UB#HSI  RC27099
66883,HS#HSI  RC2611A
66884,UB#HSI  RC2803E
66886,HS#HSI  RC2609L
66890,HS#HSI  RC2609N
66891,SG#ALIBARC2701G
66894,JP#HSI  RC27094
66899,UB#HSI  RC2803F
66901,UB#HSI  RC27106
66903,HU#CATL RP2812G
66905,UB#HSI  RC2711Z
66907,UB#HSI  RC26106
66916,BP#HSI  RC2707N
66918,SG#KUASORP2812P
66921,HS#HKEX RC2612C
66922,HS#HSI  RP2804E
66923,SG#TENCTRP2812Z
66924,SG#SMIC RP28121
66929,HS#HSI  RP28021
66934,BP#HSI  RC28113
66945,HS#HUAHORP2811C
66946,MS#ALIBARP2810I
66955,HS#PINANRP2802D
66959,HS#JDCOMRP2710B
66960,BP#HSI  RC2810D
66967,HS#HSTECRP2812D
66970,BP#HSI  RC2810E
66971,BP#HSI  RC2810F
66981,HU#POMRTRP2809A
66985,BP#HSI  RC2810M
66988,BP#HSI  RC2810N
66995,SG#HSI  RC2707M
66996,SG#HSI  RC2709S
67005,HS#HSI  RC2611W
67006,MS#TENCTRC2706A
67011,HS#HSI  RC2611Y
67018,HS#CLIFERP2802D
67019,DS#HSI  RC2811P
67020,HS#ALIBARP2811D
67028,HS#HSI  RP2804X
67029,HS#HSI  RP28046
67035,SG#HSI  RC2709T
67036,SG#HSI  RC2710Z
67039,JP#HSI  RC27119
67042,HU#HSI  RC2711V
67045,CI#HSI  RC2812A
67046,DS#HSI  RC2811S
67049,BI#HSI  RC2709Q
67052,BI#HSI  RC2709T
67056,GJ#HSI  RC2709U
67057,GJ#HSI  RC2709Z
67058,UB#KUASORP2812F
67063,JP#HSI  RC2803C
67072,HS#HSI  RP28024
67091,JP#POMRTRP2905A
67094,HS#HKEX RC2610C
67101,HS#HSI  RP28029
67106,SG#HSI  RC27101
67111,JP#JDCOMRP2803B
67113,SG#HSI  RC27109
67117,BP#HSBC RC2805U
67119,SG#HSI  RC2710X
67121,SG#HSI  RC27106
67123,UB#HSI  RC2611U
67127,BP#CNOOCRC2806H
67128,BP#CNOOCRC2806I
67130,JP#HSI  RC2611G
67132,SG#HSI  RC2707N
67133,SG#HSI  RC2710A
67134,SG#HSI  RC2709V
67138,JP#PINANRC2710I
67140,JP#HKEX RC2710Y
67144,JP#HKEX RC2710Z
67147,BP#HUAHORP2808I
67148,CI#HSI  RC2809I
67150,GJ#HSI  RC2711F
67152,JP#PINANRP2808C
67154,UB#HSI  RP2804P
67155,BP#HSI  RC28116
67156,BP#HSI  RC28117
67161,JP#HKEX RC2610B
67162,BP#HSI  RC2811U
67163,JP#PINANRP2808D
67165,UB#HSI  RP2802U
67166,BP#HSI  RC2811V
67168,BI#HSI  RC27125
67170,BP#HSI  RC28124
67172,UB#HSI  RP2802A
67176,JP#HSI  RC27092
67187,HU#HSI  RC2710F
67189,JP#HSI  RC2809N
67190,JP#HSI  RC2809O
67193,SG#HSI  RP2804H
67194,SG#HSTECRP2812C
67200,CT#HSI  RC2706C
67205,JP#HSI  RC28091
67212,JP#HSI  RC2809P
67219,SG#HSI  RP2804T
67221,SG#HSI  RP28042
67222,SG#HSI  RP2804N
67226,SG#HSI  RP2804I
67230,SG#KUASORP2812Z
67235,JP#HKEX RC2709J
67236,JP#HSI  RC2809V
67238,JP#TRIP RC2701A
67239,JP#TENCTRC2701R
67242,JP#HSI  RC2807Z
67244,SG#HSI  RP2803U
67250,SG#CLIFERP2805H
67251,JP#XIAMIRC2612K
67252,SG#POMRTRP2812R
67253,SG#HSI  RP2903O
67258,JP#ALIBARC2612M
67262,CT#PINANRC2610F
67267,SG#ALIBARP2810J
67273,JP#HSTECRC2812A
67274,HS#HSI  RC26109
67275,SG#HSI  RP2803W
67282,SG#TENCTRC2612D
67293,CT#HSI  RC2612B
67297,SG#HSI  RC2707O
67298,UB#PINANRC2710L
67299,SG#HSI  RC2707S
67301,SG#HSI  RC2707U
67303,UB#HSI  RP2808U
67311,UB#HSI  RC2612S
67316,UB#KUASORP2804H
67326,SG#CATL RC2610B
67327,GJ#HSI  RC2709M
67329,GJ#HSI  RC2709X
67330,JP#JDCOMRC2612A
67331,GJ#HSI  RC27092
67332,JP#BYD  RC2612A
67335,BI#HSI  RC2709X
67336,BI#HSI  RC27094
67339,HU#HSI  RC2711W
67340,HU#HSI  RC2711X
67342,SG#CLIFERC2808C
67343,UB#XIAMIRP2805A
67346,UB#HKEX RP2807G
67349,SG#HSI  RC27102
67356,GJ#HSI  RC28093
67359,SG#HSI  RC2710I
67360,SG#HSI  RC2710K
67361,SG#HSI  RC2707R
67362,SG#HSI  RC2707T
67363,SG#HSI  RC2708O
67367,HU#HUAHORP2812E
67371,UB#HSTECRP2812F
67372,HU#YOFC RP2712E
67373,HU#HSI  RC28071
67375,UB#PINANRC2710D
67376,CT#HSI  RC2612E
67378,JP#ALIBARP2809G
67379,BP#HSI  RC2809X
67380,HU#HSI  RC28075
67381,SG#HSI  RP2802J
67382,BP#HSI  RC28097
67383,SG#HSI  RC2812R
67384,BP#HSI  RC28099
67385,HU#HSI  RC2807B
67386,JP#HSI  RP2812Q
67389,HU#BYD  RP2812A
67393,SG#HSI  RP2802S
67394,SG#HSI  RP2803C
67395,UB#HSI  RC2612M
67396,SG#MTUANRP2812S
67399,BP#POMRTRC2611A
67400,SG#PINANRC2710Q
67402,JP#HSI  RP28127
67403,HS#HSI  RC2707Y
67406,SG#HSI  RC2711M
67408,JP#HSI  RC2610R
67410,MS#HSI  RC27115
67413,BI#HSI  RC2809Z
67420,SG#HSI  RP2803E
67421,JP#HSI  RP2812E
67422,CI#HSI  RC2804N
67427,SG#HSI  RP28025
67429,HS#HSI  RC2711X
67430,HS#HSI  RC27111
67432,BP#POMRTRP28064
67433,HS#HSI  RC2709L
67434,BP#POMRTRP28065
67437,HS#HSI  RC2709O
67446,HU#ALIBARC2701B
67456,HS#HSI  RC26111
67459,HS#HSI  RC2609Q
67462,UB#TENCTRC2612G
67463,UB#CHQG RC2612J
67465,UB#XIAMIRC2612K
67469,UB#MTUANRC2612G
67470,DS#HSI  RP2802R
67472,HS#HSI  RP2802U
67473,HS#HSI  RP2802V
67475,CT#PINANRC2610B
67476,UB#HSI  RC2807U
67477,UB#ALIBARC26114
67478,UB#ALIBARC26115
67485,UB#HSI  RC26112
67490,JP#HSI  RC2609R
67492,SG#HSI  RP2803G
67496,UB#HSBC RC2612B
67500,UB#YOFC RC2701C
67502,HS#KUASORP2812B
67503,UB#HSI  RC27105
67504,UB#HKEX RC2710P
67506,SG#HSI  RP2803H
67507,MS#HSBC RC2712E
67509,MS#HSBC RC2712F
67514,UB#HSI  RC2809U
67515,UB#HSBC RC2806J
67516,SG#HSI  RP28028
67521,SG#HSI  RP2803L
67531,SG#HSI  RP28029
67533,SG#HSI  RP2804V
67537,SG#HSI  RC2709Z
67549,BP#HSI  RC2609P
67555,HS#XIAMIRP2808D
67557,MS#HSI  RC2708Q
67558,MS#HSI  RC2711A
67559,UB#TRIP RC2612B
67564,HS#KUASORP2812E
67568,SG#HSI  RC27092
67570,SG#HSI  RC27094
67575,MS#HSI  RC2803B
67576,HS#CCB  RC2808D
67577,BP#HSI  RC2609F
67578,HS#PINANRP2807B
67579,UB#POMRTRP2812O
67580,UB#POMRTRP2812P
67583,HS#HSI  RC2810H
67584,BI#HSI  RP2804P
67586,HS#HSI  RC2610A
67595,CT#HSI  RC2807C
67599,HS#HSI  RP28023
67606,HS#HSI  RC2611G
67612,MS#XIAMIRC2702C
67616,HS#HSI  RC2708S
67617,CI#HSI  RC2710C
67618,CI#HSI  RC2809V
67619,HS#HSI  RC2708T
67624,CI#HSI  RC2802I
67625,SG#HSI  RP2802A
67639,BP#HSI  RC2809G
67642,BP#HSBC RC2808A
67643,SG#HSI  RP2803J
67652,MS#ALIBARC2701A
67653,UB#PINANRC27104
67655,MS#ALIBARC2611H
67658,MS#MTUANRC2612F
67663,BP#HSI  RC2809M
67666,MS#HSI  RC2809U
67669,GJ#HSI  RP2803E
67673,CI#HSI  RC2707C
67675,JP#HSI  RC2709U
67676,HS#POMRTRP2811B
67680,HS#POMRTRC2612A
67681,JP#HSTECRP2812I
67684,HS#XIAMIRP2811D
67685,JP#HSI  RP2810Q
67687,SG#HSI  RP2802D
67699,CI#HSI  RC2809J
67703,SG#HSI  RC2810S
67704,JP#KUASORP2809C
67705,SG#HSI  RP2802M
67708,SG#MTUANRC2701A
67711,UB#CCB  RC2807E
67713,SG#HSI  RP2812N
67714,SG#ZIJINRC2701C
67715,UB#C MOBRC2810D
67719,SG#HSI  RP2812O
67726,SG#TRIP RC2701B
67729,SG#XIAMIRC2701Q
67734,SG#ALIBARC2701H
67737,UB#HSI  RC27109
67741,HS#TRIP RC2612C
67742,HS#MTUANRC2702B
67744,UB#HSI  RC27073
67748,HS#ALIBARC2702E
67753,SG#NTES RC2612A
67754,SG#ICBC RC2808D
67757,SG#BOCL RC2808D
67762,UB#HSBC RC2803B
67763,SG#HSI  RP2812P
67769,SG#HSCEIRC2609A
67770,SG#HSI  RC2707L
67772,UB#HSI  RC2609Q
67774,UB#HSI  RC2609R
67775,UB#HSI  RC2803G
67776,SG#HSI  RC2710J
67777,UB#HSI  RC27124
67778,CT#HSI  RP2812U
67779,SG#PINANRP2704B
67781,UB#HSI  RC2710C
67782,UB#HSI  RC2710I
67783,UB#HSI  RC2803A
67785,HS#HSI  RC2809T
67790,SG#HSI  RP2812Q
67791,SG#HSI  RP2812R
67792,UB#MTUANRP2808B
67796,SG#HSBC RP2702A
67797,DS#HSI  RC2810N
67799,SG#HSI  RP2812S
67800,DS#HSI  RC2810R
67801,SG#HSI  RP2812T
67802,UB#HSI  RC2611D
67803,UB#HSI  RC2611E
67805,SG#HSI  RP2812U
67806,DS#HSI  RC2810B
67807,SG#HSI  RP2812V
67808,BP#HSI  RC2609A
67809,DS#HSI  RC2810C
67810,HS#HSI  RC2707Z
67811,SG#CATL RC2610C
67812,DS#HSI  RC28104
67819,DS#HSI  RC2810G
67820,CT#HSI  RP2802F
67821,HS#HSI  RC27074
67823,DS#HSI  RC2810U
67825,UB#TENCTRC2706K
67830,UB#POMRTRP2812K
67836,GJ#HSI  RC28094
67837,UB#ALIBARP2810F
67838,BP#HSI  RC2609O
67843,SG#POMRTRP28126
67844,SG#POMRTRP28127
67850,JP#HSBC RC2804H
67852,JP#PINANRC2710J
67853,SG#HSI  RP2812W
67855,HS#HSI  RP2903B
67860,SG#HSBC RC2612B
67862,JP#TENCTRC2612U
67864,SG#POMRTRC2612B
67866,JP#ALIBARC2612R
67868,JP#HSI  RC2809W
67870,JP#HSI  RC2812T
67871,JP#HSI  RC28092
67874,JP#HSI  RC2809A
67875,UB#CLIFERP2805H
67880,UB#HSI  RP2811F
67882,SG#CNOOCRC2812G
67885,JP#MTUANRC2701E
67893,SG#TENCTRP2812E
67897,JP#TENCTRC2612V
67898,BP#HSI  RC2810O
67900,JP#BYD  RC2612K
67901,UB#HSBC RC2612C
67909,JP#XIAMIRC2612L
67911,UB#LIAUTRP2705A
67913,HS#HSI  RC27086
67914,JP#ALIBARC2612T
67919,JP#HSI  RC28088
67920,JP#HSI  RC2808G
67923,GJ#HSI  RC27093
67924,GJ#HSI  RC27098
67928,SG#HSI  RC2707Y
67932,CI#HSI  RP2810N
67933,JP#HSI  RC2808Y
67936,UB#HSI  RC2609U
67938,HU#HSI  RP2803I
67940,BP#HSI  RC2810R
67942,HU#HSI  RP2803J
67944,JP#HSI  RC2808I
67945,BP#HSBC RC2705A
67946,UB#HSI  RC2611H
67950,JP#HSI  RC2808S
67951,BP#HSI  RC2810S
67952,UB#XPENGRP2804C
67955,BP#HSI  RC2810T
67958,JP#HSI  RC2808L
67959,JP#HSI  RC28083
67960,HU#ALIBARC2702A
67962,BP#HSI  RC2810V
67963,HU#ZIJINRC2611A
67970,BP#HSI  RC2810Y
67973,HU#HSI  RC2809Z
67976,BP#HUAHORC2610E
67977,HU#HSI  RC28091
67984,HU#HSI  RC28092
67985,GJ#HSI  RC2711G
67986,SG#CSPC RP2709A
67987,HU#HSI  RC28093
67989,SG#HSI  RP2812X
67990,HU#HSI  RC28094
67991,UB#BOCL RC2808C
67992,MS#KUASORP2812D
67994,HU#HSI  RC28095
67996,UB#TENCTRC2612H
67998,SG#HSI  RC2710F
67999,SG#HSI  RC2708Q
68000,JP#KUASORP2804C
68003,UB#TENCTRC2612I
68005,UB#ZIJINRC2612B
68016,MS#ALIBARP2810J
68017,BI#HSI  RC27126
68018,SG#HSBC RP2801C
68019,UB#BAIDURC2612V
68020,BI#HSI  RC27127
68021,UB#TRIP RC2612C
68029,UB#ALIBARC2612M
68030,MS#HSI  RC2711D
68031,UB#HSTECRC2612J
68034,UB#HSI  RC2809X
68036,BP#HSI  RP2805X
68039,BP#HSI  RC2611D
68041,UB#HSI  RC28091
68042,UB#HSI  RC28092
68044,UB#HSI  RC28094
68045,MS#HSI  RC2708R
68046,HS#HSI  RC27113
68049,HS#HSI  RC2709Q
68051,HS#HSI  RC27115
68052,HS#HSI  RC27116
68053,HS#HSI  RC27117
68057,BP#HSI  RP2805R
68065,CI#HSI  RC2804C
68068,BP#XIAMIRP2806M
68070,CI#HSI  RC2809W
68079,HS#YOFC RC2701D
68080,UB#CNOOCRC26106
68081,HS#MTUANRP2812B
68085,CT#HSI  RC2707O
68086,JP#POMRTRC2706A
68090,UB#YOFC RP2812F
68091,BP#KUASORP2804J
68093,UB#CNOOCRC26107
68095,CT#HSBC RC2712A
68101,CT#CLIFERC2712A
68105,UB#ALIBARC2612N
68109,JP#HSI  RC2710A
68111,JP#POMRTRC2706B
68112,UB#ICBC RP2804A
68115,JP#POMRTRP2809C
68120,JP#HSI  RC2710C
68121,JP#POMRTRC2706C
68125,SG#BAIDURC2701A
68128,UB#HSI  RC28122
68136,UB#HSI  RC28124
68137,BI#SMIC RC2612N
68142,JP#CLIFERC2712A
68147,BI#HSI  RC28099
68148,JP#POMRTRP2808E
68152,JP#AIA  RC2710D
68161,JP#TENCTRP2807V
68162,CI#HSI  RC2809O
68165,JP#TENCTRP2807W
68167,CI#HSI  RC2809P
68170,JP#HKEX RP2812A
68171,CI#HSI  RC28094
68172,CI#HSI  RC2809M
68175,UB#TRIP RP2708D
68176,BP#HSI  RC2810H
68178,BP#HSI  RC2810J
68181,UB#NTES RP2704A
68184,UB#NTES RP2704B
68185,UB#HKEX RC27101
68189,JP#ALIBARC2807B
68190,UB#GEELYRP2612F
68192,JP#ALIBARC2612U
68193,UB#HSI  RC2710W
68194,JP#ALIBARC2807C
68196,UB#HSI  RC2710S
68197,JP#HKEX RC2611A
68200,UB#HSI  RC2709S
68201,BP#HSI  RC2809C
68204,BP#HSI  RC2809I
68210,JP#KUASORP2804D
68211,BP#HSI  RC2809U
68212,BP#HSI  RC2809Y
68214,BP#HSI  RC28093
68215,UB#HSI  RC27127
68216,UB#HSI  RC2803H
68218,UB#POMRTRP2807B
68222,SG#HSI  RC2708S
68228,BP#ALIBARC2611J
68229,BP#ALIBARC2611K
68231,BP#XIAMIRC2612F
68234,SG#HSI  RC2708U
68235,BP#HUAHORP2808N
68240,BP#MTUANRC2611F
68243,SG#HSI  RC2711O
68245,BP#MTUANRC2611G
68246,SG#HSTECRC2612I
68248,HS#HSI  RC2611N
68249,SG#ALIBARC2701I
68251,SG#YOFC RP2812F
68252,SG#MTUANRP28125
68255,SG#ZIJINRC2609E
68256,GJ#HSI  RC2711M
68257,SG#ALIBARC2701J
68263,JP#CMB  RC2708C
68268,SG#XIAMIRC2701R
68269,BP#PINANRC2706A
68271,BP#JDCOMRC2704D
68274,HS#CLIFERP2803A
68278,SG#BYD  RC2701C
68281,SG#HSI  RC2809H
68282,SG#HSI  RC2809S
68285,SG#HSI  RC2809Y
68287,SG#HSI  RC28098
68288,SG#HSI  RC2809K
68289,SG#HSI  RC28106
68290,BP#HSBC RC2805D
68300,SG#POMRTRC2612D
68301,UB#HSI  RC27114
68302,UB#HSI  RC27115
68303,UB#HSI  RC2803B
68306,UB#HSI  RC2803I
68310,SG#POMRTRC2701B
68311,SG#POMRTRC2702A
68314,JP#HUAHORP2811J
68315,BP#POMRTRP2806C
68321,HS#HSI  RC2803P
68323,SG#MTUANRC2701B
68325,SG#HSI  RC2810E
68326,HS#HSI  RC2803T
68331,SG#HSI  RC2810L
68333,GJ#HSI  RC2709V
68336,JP#CCB  RC2808C
68340,SG#PETCHRC2610A
68345,CT#HSTECRP2812E
68346,CT#HSTECRC2610A
68350,MS#HSI  RC2810Q
68352,MS#HSI  RC2809W
68356,CI#HSI  RC28104
68357,MS#HSI  RC28101
68358,MS#HSI  RC2812Q
68366,MS#XIAMIRC2701E
68371,SG#SMIC RC2612C
68373,MS#HSTECRC2612E
68375,MS#HSTECRC2612F
68378,HS#ALIBARP2810D
68379,HU#YOFC RC2706A
68381,JP#JDCOMRP2812A
68386,UB#POMRTRP2807C
68387,HS#HSI  RC2808Y
68388,JP#TENCTRP2809C
68389,HS#HSI  RC2808A
68393,UB#POMRTRP2807D
68394,JP#ICBC RC2708A
68396,HS#HSI  RC2808N
68397,HU#HUAHORP2812I
68399,UB#POMRTRP2807E
68404,GJ#HSI  RC2711O
68407,JP#XIAMIRP2809A
68410,MS#PINANRC2710I
68411,DS#HSI  RP2803X
68412,DS#HSI  RP2803Y
68415,JP#TENCTRP2809D
68416,SG#HSI  RC2711P
68417,SG#HSI  RC2711Q
68418,HS#HSI  RC2808V
68425,HS#HSI  RC2808Z
68426,SG#HSI  RC2711R
68428,UB#CMB  RC2708C
68431,HS#ALIBARC2701E
68434,HS#XIAMIRC2702C
68435,HS#BYD  RC2701C
68439,CT#HSI  RC2612C
68440,CT#HSI  RC2708F
68441,CT#HSI  RC2707P
68444,UB#TENCTRC2706M
68446,UB#SMIC RC2701B
68447,GJ#HSI  RC27096
68448,CI#HSI  RC2804P
68451,HS#ALIBARC2702F
68457,UB#HUAHORP2811D
68458,SG#HSI  RP28121
68459,CI#HSI  RC28105
68461,CI#HSI  RC2709P
68463,HS#TENCTRC2702E
68464,JP#POMRTRP2808G
68465,HS#HSI  RC2803U
68466,JP#POMRTRP2808H
68467,HS#HSI  RC2803V
68468,HS#HSI  RC2803W
68469,HS#TENCTRC2702F
68470,HS#HSI  RC2803X
68473,MS#HSI  RC2711E
68479,CT#HSI  RC2807B
68482,UB#HSI  RC2803J
68483,UB#HSI  RC2803K
68485,UB#HSI  RC27129
68487,BP#SMIC RC2609A
68488,HS#PINANRC2710F
68489,CT#HSI  RC2809Y
68491,UB#HSI  RC2710U
68492,UB#HSI  RC2712A
68493,CT#HSI  RC2807D
68494,HS#HKEX RC2710G
68497,SG#POMRTRP2812E
68499,SG#POMRTRP2812F
68500,SG#POMRTRP2812G
68504,BP#HSI  RC2809Q
68508,BP#HSI  RC2809S
68513,BP#HSBC RC2711G
68516,UB#YOFC RC2701D
68518,DS#HSI  RC28112
68521,BI#HSI  RP2803G
68522,BP#HSBC RC2711H
68524,HS#POMRTRC2701B
68527,UB#HSI  RC2710X
68529,SG#C MOBRP2704C
68530,BP#PINANRC2709H
68533,HS#POMRTRC2701C
68536,DS#HSI  RC28113
68537,SG#KUASORP28121
68538,DS#HSI  RC2811Z
68540,SG#POMRTRP2812H
68541,SG#POMRTRP2812I
68542,SG#YOFC RC2702F
68543,SG#HUAHORP28121
68545,SG#ZIJINRP2812E
68550,BI#HSI  RP2803K
68551,JP#HKEX RC2610J
68552,BI#HSI  RP2803L
68553,BI#HSI  RP2803N
68554,GJ#HSI  RC2711Q
68555,GJ#HSI  RC2711R
68560,CI#HSI  RC2809X
68561,CI#HSI  RC2709Q
68563,SG#XIAMIRP2812U
68564,CI#HSI  RC2809Y
68565,MS#HSBC RC2803A
68566,SG#ALIBARP2810W
68567,SG#CNOOCRP2705B
68569,HS#HSI  RC2803Y
68570,UB#PINANRC2711G
68571,CI#HSI  RC2809N
68575,HS#HSI  RC2803Z
68577,HS#HSI  RC28031
68578,UB#CNOOCRP2704A
68581,HS#POMRTRP2711B
68582,CI#HSI  RC2811H
68583,CI#HSI  RC2901C
68584,HS#POMRTRP2710C
68585,CI#HSI  RC2901D
68586,CT#PINANRC2610G
68589,CT#HSI  RC2707Q
68592,SG#HSI  RC2711S
68593,HS#HKEX RP2711C
68596,SG#HSI  RC2711T
68599,MS#HSI  RC28102
68600,MS#HSI  RC2812X
68602,MS#HSI  RC28109
68603,MS#HSI  RC28093
68605,SG#HSI  RC2811A
68606,SG#HSBC RC2808A
68607,SG#HSI  RC2708T
68608,SG#HSI  RC2710Y
68613,BP#HSI  RC2901A
68619,JP#HSI  RC2809F
68622,JP#HSI  RC2809Y
68628,JP#ZIJINRC2701F
68629,UB#HSBC RC2804D
68636,JP#ALIBARC2701L
68638,JP#HUAHORP2812F
68640,BI#HUAHORC2612I
68642,JP#HSBC RC2804I
68643,HS#HSI  RC27088
68645,JP#ALIBARC2612V
68648,JP#ALIBARC2612L
68649,BI#SMIC RC2612Q
68654,UB#SMIC RC2610D
68658,JP#HSI  RC2808O
68659,JP#HSI  RC2808Z
68661,UB#PINANRC2710N
68662,MS#HSI  RP2804W
68663,UB#POMRTRP2808E
68664,UB#POMRTRP2807F
68666,JP#HSI  RC2808H
68667,UB#HSBC RC2804A
68670,HS#HUAHORP2812F
68671,UB#CITSERC2708A
68672,UB#HSI  RC2709U
68673,UB#POMRTRC2612B
68674,UB#HSI  RC2803M
68676,UB#POMRTRC2612C
68677,UB#HSI  RC2803N
68678,UB#HSI  RC27116
68679,UB#HSI  RC2711P
68680,UB#HSI  RP2803O
68682,HU#HSI  RC28096
68683,HU#HSI  RC28097
68684,MS#HSI  RP2803P
68686,UB#HSI  RP2803L
68688,SG#POMRTRP2812K
68689,GJ#HSI  RC2711V
68690,HU#BYD  RC2701A
68693,SG#HSI  RC2710O
68696,SG#HSI  RC2711V
68702,UB#CLIFERC2808F
68703,SG#MTUANRP28126
68704,BP#HSI  RC2809O
68706,BP#HSI  RC2809T
68710,BP#HSI  RC2809W
68713,BP#HSI  RC28091
68715,SG#HSI  RC2711W
68717,SG#HSI  RC2712F
68720,BP#HSI  RC2809E
68722,BP#ALIBARC2611L
68723,DS#HSI  RP28036
68725,SG#HSI  RC2712H
68730,BP#ALIBARC2611M
68735,CI#HSI  RC2710E
68736,CI#HSI  RC2809H
68739,BP#TENCTRC2611P
68740,CI#HSI  RC2804R
68743,SG#HSI  RC2810Z
68744,SG#HSI  RC2809T
68751,SG#HSI  RC28102
68754,SG#HSI  RC2809Z
68756,SG#HSI  RC2810D
68757,JP#MTUANRP2808C
68761,UB#SMIC RC2610E
68764,SG#HSI  RC2811Y
68774,SG#CLIFERP2805G
68780,SG#ALIBARC2701K
68783,SG#ALIBARC2701L
68786,CT#HSI  RC2612D
68787,SG#MTUANRC2701C
68789,CT#HSI  RC2707R
68791,SG#HSBC RC2612C
68796,JP#CCB  RC2709B
68801,HS#C MOBRP2612A
68804,UB#HSI  RC28096
68805,UB#HSI  RC28098
68807,MS#HSI  RC2803D
68810,UB#HSI  RC2809B
68811,UB#HSTECRC2612K
68813,HS#CMB  RC2708A
68814,UB#HKEX RC2809J
68816,UB#HKEX RC2810G
68820,UB#AIA  RC2810E
68821,HS#AIA  RC2612B
68826,HS#PINANRC2711I
68829,HS#MTUANRC2612J
68830,HS#HSI  RC28032
68832,HS#HSI  RC28033
68833,HS#HSI  RC28034
68834,UB#CSPC RP2708D
68836,HS#CATL RC2611A
68837,UB#CCB  RC2708B
68841,UB#MTUANRC2701B
68843,HS#POMRTRP2812C
68846,UB#YOFC RP2812G
68847,UB#XIAMIRP2812D
68849,UB#HSI  RC2809E
68850,UB#HSI  RC2809F
68852,MS#ALIBARP2808B
68853,UB#PINANRP2804C
68855,BP#XIAMIRP2806F
68861,GJ#HSI  RC2809S
68862,UB#AIA  RC2610F
68868,GJ#HSI  RC2809T
68877,BI#HSI  RC2809D
68880,UB#HKEX RC27102
68889,UB#HSI  RC2709C
68890,UB#HSI  RC2712C
68891,BP#POMRTRP28062
68892,UB#HSI  RC2712D
68894,JP#POMRTRP2808J
68896,UB#HSI  RC2803O
68903,UB#HSI  RC2803P
68904,UB#HSI  RC27074
68908,HS#HSI  RC2809Z
68915,HS#HSI  RC28091
68916,UB#ZIJINRC2610A
68918,SG#HSTECRC2609E
68920,SG#HSTECRC2612A
68921,UB#TENCTRP2807H
68929,SG#SMIC RC2611B
68930,HS#HSI  RC28094
68933,HS#HSI  RC28099
68934,SG#POMRTRP2812U
68936,HS#TENCTRC2701C
68937,MS#TENCTRP2807D
68938,JP#CCB  RC2807A
68939,HS#HUAHORP2811D
68941,UB#TENCTRP2807I
68948,HS#YOFC RP2712D
68949,HS#MTUANRC2612L
68952,MS#HSBC RC2612B
68953,MS#HSBC RC2612C
68960,HS#ALIBARC2612C
68961,DS#HSI  RC2809X
68962,DS#HSI  RC2809Y
68965,BP#HSI  RC2901B
68966,DS#HSI  RC28095
68968,SG#ZIJINRP2812G
68971,SG#HSI  RC2609G
68976,BP#HSI  RC2901C
68977,BP#HSI  RC26103
68978,BP#HSI  RC2809J
68979,BP#HSI  RC2809P
68982,BP#HSI  RC2901D
68988,BP#HSI  RC28094
68989,JP#HSTECRC2609J
68990,BP#HSI  RC2901E
68993,BP#HSI  RC2901F
68994,BP#HSI  RC2901G
68996,BP#HKEX RC2803A
68998,MS#XIAMIRP2812B
69000,JP#POMRTRP2809B
69003,JP#HSBC RP2810B
69013,BP#HSI  RC2809H
69014,BP#MTUANRC2611H
69015,JP#CCB  RP2706A
69017,BI#HSI  RC2712F
69020,BI#HSI  RC2712J
69021,BI#HSI  RC2712W
69031,BI#HSI  RC27128
69036,CI#HSI  RP2805C
69037,JP#YOFC RC2701E
69042,JP#SMIC RC2701D
69043,BP#MTUANRP2806A
69044,BP#HUAHORP2808J
69046,BP#SMIC RP2812G
69048,CI#HSI  RC2802J
69050,CI#HSI  RC2809K
69051,CT#HSI  RC2807E
69053,UB#HSI  RC2610I
69058,MS#HSI  RC2811N
69059,BP#TENCTRP2806A
69060,CI#HSI  RC2710F
69061,MS#HSI  RC2812R
69062,HU#HSI  RP2803A
69064,HU#HSI  RP2803B
69070,MS#HSI  RC2803E
69071,MS#HSI  RC2808C
69074,MS#HSI  RC2810U
69075,MS#HSI  RC28124
69076,UB#KUASORP2812G
69078,MS#HSI  RC2808D
69081,MS#PINANRC2610F
69082,MS#HKEX RC2609C
69088,UB#PINANRP2704A
69089,GJ#HSI  RC2711W
69096,UB#ALIBARP2810G
69099,GJ#HSI  RC27115
69102,CI#HSI  RC2810H
69109,CI#HSI  RC2810W
69110,CI#HSI  RC28108
69111,CI#HSI  RC2810A
69115,DS#POMRTRP2807A
69116,SG#HSI  RC2708R
69117,DS#POMRTRP2807B
69124,JP#HSI  RC28098
69132,HS#HSI  RC28035
69133,HS#HSI  RC28036
69134,SG#MTUANRP2812Y
69136,JP#MTUANRC2612I
69140,HS#HSI  RC28037
69142,HS#HSI  RC28038
69144,SG#HSI  RC2708V
69146,JP#ALIBARC2701M
69148,UB#HSI  RC2609L
69153,SG#HSI  RC2708Z
69154,UB#CNOOCRP2704B
69166,BP#HSI  RP2903C
69167,SG#HSI  RP2902K
69171,BI#POMRTRP2808C
69175,BI#POMRTRP2808D
69177,UB#JDCOMRC2805Q
69181,SG#HSCEIRC2709H
69183,GJ#HSI  RP2903A
69184,UB#BYD  RP2812I
69185,BP#HSI  RP2903F
69187,UB#ZIJINRP2812D
69189,SG#HSI  RC2708N
69192,SG#HSI  RC2711X
69193,SG#HSI  RC2710T
69194,SG#POMRTRP2812L
69197,SG#HSI  RC2708P
69198,SG#HSI  RC2711Y
69203,UB#PETCHRC2710E
69207,UB#HSI  RC2809G
69210,UB#HSI  RC2809I
69211,UB#HSI  RC2809J
69227,SG#HKEX RP2812X
69229,HS#HSI  RC26107
69230,SG#PINANRC2710U
69236,SG#TENCTRP2812K
69238,SG#TENCTRP2812I
69239,UB#POMRTRC2612D
69241,UB#HSI  RC2809K
69243,UB#HSI  RC2712E
69244,UB#HSI  RC2712F
69246,UB#HSI  RC2809L
69247,UB#HUAHORC2704A
69248,UB#HSI  RC2803Q
69257,SG#HSI  RC2809R
69261,UB#HSI  RP2811Z
69265,UB#HKEX RC27103
69267,UB#HSI  RP28113
69274,SG#HSI  RC2809V
69276,UB#CATL RC2705D
69279,SG#HSI  RC28097
69281,UB#HSI  RC2709N
69283,UB#HSI  RC2712G
69284,UB#HSI  RC2712H
69285,SG#HSI  RC28115
69287,SG#HSI  RC2810M
69288,SG#HSI  RC2809O
69290,JP#HSI  RP28088
69292,JP#HSI  RP2808P
69293,HS#HKEX RC2711A
69294,JP#HSI  RP2808Z
69298,JP#HSI  RP2808F
69303,JP#POMRTRP2808K
69304,JP#TENCTRP2804H
69305,JP#HKEX RP2807C
69309,JP#HKEX RP2807D
69311,BP#INBIORP2702B
69318,SG#HUAHORP2811A
69319,JP#TENCTRP2804I
69320,JP#HKEX RP2807E
69322,JP#TENCTRP2804J
69324,JP#TENCTRP2804K
69326,UB#POMRTRP2807G
69328,HS#HSI  RC28087
69329,HS#HSI  RC2808S
69330,HS#HSI  RC28082
69333,HS#HSI  RC28083
69334,BP#HSBC RC2805O
69339,UB#HSI  RP2808A
69341,UB#HSI  RP2808B
69342,BP#HSI  RC2901H
69345,BP#HSI  RC2901I
69346,BP#HSI  RC2901J
69354,BP#HSI  RC2901K
69356,JP#HSI  RP28085
69358,BP#HSI  RC2901L
69360,JP#XIAMIRP2810C
69368,BP#HKEX RC2809B
69372,JP#HSI  RP28089
69376,BP#HSI  RC2901M
69380,HS#ALIBARC2701F
69382,BP#HSI  RC2901N
69386,HU#HSI  RC2609I
69388,UB#TENCTRP2806A
69389,BP#HKEX RC2803B
69391,UB#TENCTRP2807J
69392,HS#C MOBRC2807B
69395,HS#HSI  RC28084
69400,BP#POMRTRC2701A
69401,UB#HKEX RP2705B
69414,HU#CATL RP2812B
69424,UB#HSCEIRC2709D
69428,CT#HSI  RC2707S
69431,SG#HSI  RC27071
69433,BP#HSI  RC2809V
69436,MS#HKEX RP2807B
69438,BP#HSI  RC28092
69439,UB#HSI  RP29017
69443,CT#HSI  RC2609U
69444,BP#HSI  RC28098
69445,JP#HSI  RP2808B
69453,UB#HSI  RC2707H
69455,BP#HSI  RC2809K
69462,JP#HSI  RP2808I
69466,BP#BYD  RC2611D
69468,BP#BYD  RC2611E
69471,JP#HSI  RC27095
69473,CT#HSI  RP28025
69474,HS#HZROBRP2712B
69477,BP#XIAMIRC2611C
69482,DS#HSI  RC2810W
69484,HS#MTUANRP2808A
69493,DS#HSI  RC2810X
69495,GJ#HSI  RC2809U
69504,GJ#HSI  RC2809W
69506,HS#POMRTRC2702A
69509,HU#HSI  RC2710G
69511,JP#POMRTRC2706D
69513,JP#POMRTRC2706E
69514,SG#C MOBRP2704D
69516,BI#HSI  RC2809F
69519,UB#CCB  RP2811A
69525,HS#HKEX RP2711D
69531,MS#HSI  RC2811O
69533,MS#HSI  RC2810P
69534,MS#HSI  RC2809H
69541,JP#HSTECRP2809A
69545,CI#HSI  RC28127
69547,CI#HSI  RC2812O
69550,CI#HSI  RC2812Q
69555,BI#HSI  RC2609J
69560,HS#HSI  RC2709X
69561,HU#HSI  RC2609L
69563,HS#HSI  RC27094
69564,HS#HSI  RC27077
69567,HS#HSI  RC27079
69571,GJ#HSI  RC27116
69573,UB#AIA  RC2707C
69574,BP#HSI  RP29034
69576,BP#HSI  RP29038
69578,UB#HSI  RP28047
69579,UB#HSI  RP2804M
69580,JP#HSTECRP2809B
69582,BP#HSI  RP29039
69584,BP#HSI  RP2903H
69586,UB#TENCTRC2612K
69587,UB#MTUANRC2612H
69588,UB#ALIBARC2612P
69589,SG#PINANRC2710K
69592,SG#HKEX RP28123
69598,UB#CATL RP2812M
69599,BP#HKEX RP2806C
69600,HS#HSI  RP2811A
69601,BI#HSI  RC2712G
69603,UB#HSI  RC2707J
69604,JP#HSTECRP2809C
69605,UB#HSI  RC2812S
69606,HS#SMIC RC2609B
69608,BI#HSI  RC2712K
69609,UB#HSI  RC2812V
69610,UB#PETCHRC2610G
69611,UB#HSI  RP28114
69614,UB#HSI  RC2707L
69616,HS#MTUANRC2701E
69618,HS#C MOBRC2807D
69619,UB#HSI  RC2809Q
69620,UB#HSI  RC2809W
69624,JP#AIA  RC2708B
69626,SG#CSHENRC2707A
69628,UB#TENCTRP2812H
69629,BP#POMRTRP2806E
69632,HS#HSTECRC2609E
69636,HS#HSI  RP29039
69637,CI#HSI  RC2710G
69639,CI#HSI  RC2804Z
69640,JP#ALIBARP2811C
69644,SG#XIAMIRP28127
69646,UB#SMIC RP2812M
69650,UB#BYD  RC2612D
69651,JP#PETCHRC2611B
69656,BP#CNOOCRC2706C
69657,BP#JDCOMRC2704F
69659,BP#HSBC RC2803C
69663,UB#HSI  RC2809Z
69667,UB#HSI  RC28099
69671,UB#ALIBARC2612Q
69672,JP#HSI  RC2610K
69673,UB#CATL RP2812K
69680,JP#HSI  RC2809I
69683,CT#HSI  RC2711U
69685,JP#HSI  RC2809J
69689,JP#HSI  RC2809K
69690,BP#HSI  RC2708G
69694,SG#HSI  RC2711Z
69695,SG#HSTECRP2812Z
69696,SG#HSI  RC27113
69698,JP#HSI  RC28082
69699,BP#HSI  RC2611B
69701,JP#HSI  RC28084
69703,JP#TENCTRC26109
69705,CI#HSI  RC2707H
69708,HS#HSI  RC2611O
69712,JP#HKEX RC2810E
69715,JP#BYD  RC2701A
69719,UB#MTUANRP2812A
69725,JP#ALIBARC2707L
69727,JP#HKEX RC2810F
69731,UB#HSI  RP29019
69732,UB#XIAMIRP2812A
69739,UB#HSI  RC2609S
69744,SG#HSI  RC27074
69745,SG#HSI  RC27083
69749,SG#HSI  RC2712S
69750,SG#HSI  RC27121
69754,JP#KUASORP2808B
69755,JP#CLIFERP2808A
69760,JP#JDCOMRP2809A
69763,SG#PINANRC27101
69768,UB#HSI  RP28115
69769,JP#PINANRP2808F
69778,JP#HSI  RC2609G
69780,JP#HSI  RC2609K
69781,HS#HKEX RC2710M
69786,HS#HSI  RC28086
69790,BP#PINANRC2709K
69791,HS#HSI  RC2808I
69796,HS#HSI  RC2808O
69798,UB#HSI  RP28116
69799,BP#HSI  RC2611V
69800,BP#TENCTRC2609H
69803,HS#HSI  RC28085
69817,HS#SMIC RP2810A
69818,UB#HKEX RP2807A
69819,UB#HKEX RP2807B
69824,UB#TENCTRP2803E
69825,UB#TENCTRP2804C
69826,HS#HSI  RC2610J
69827,UB#MTUANRP2808C
69829,HS#MTUANRC2701F
69832,HS#PETCHRC2611D
69836,HS#ALIBARC2612D
69837,HS#BYD  RC2701D
69840,CT#HSI  RC28092
69848,BP#HSI  RP29058
69850,UB#HSTECRC2612D
69854,CT#HSI  RC2809C
69862,JP#HSI  RC2610O
69863,SG#HSI  RC27084
69864,SG#HSI  RC27085
69865,MS#TENCTRP2811F
69870,BP#HSI  RP29046
69876,SG#HSI  RC28117
69878,SG#TENCTRP2812M
69879,HS#HSI  RC2707M
69880,BP#HSI  RC2901Q
69881,BP#HSI  RC2901R
69882,HS#HSI  RC2707P
69883,DS#HSI  RP2902R
69884,BP#HSI  RC2901S
69888,SG#HSI  RC2810V
69889,UB#HSI  RC2611O
69890,SG#HSI  RC28119
69895,SG#POMRTRP2812M
69897,JP#ALIBARP2808R
69899,SG#ALIBARC2702B
69900,JP#BYD  RP2805B
69903,MS#HSI  RC2805B
69904,SG#HSI  RC2809C
69911,SG#ALIBARC2702C
69912,SG#HSI  RC2809I
69913,SG#HSI  RC2809M
69914,BI#POMRTRP2808E
69917,CI#HSI  RP2901R
69918,UB#POMRTRC2701C
69921,MS#HSI  RP28103
69926,SG#TENCTRC2702B
69927,HS#XIAMIRP2807G
69929,BI#HSI  RC2609K
69931,BI#HSI  RC2609L
69933,UB#AIA  RC2610G
69935,UB#HSI  RC27075
69936,JP#HSI  RC2609L
69938,JP#HSI  RC2609Q
69940,UB#HSTECRP2812K
69945,UB#HSTECRP2812L
69946,SG#XIAMIRC2702A
69948,MS#HSI  RP2811G
69950,SG#HSBC RC2704B
69953,UB#C MOBRC2610H
69954,SG#SMIC RP2811A
69955,UB#HSI  RC2712J
69958,UB#HSI  RC2610Y
69960,UB#HSI  RC2803R
69961,UB#HSI  RC28036
69963,UB#HSI  RC26111
69968,SG#MTUANRC2702B
69971,UB#HSI  RC2712N
69972,SG#CSHENRC2708A
69977,HS#HSI  RC2610O
69981,HS#HSI  RC2610P
69982,SG#YOFC RP2811A
69986,UB#HSI  RP2808F
69987,BP#HSI  RC2708M
69989,BP#HSI  RC2610J
69991,UB#HZROBRP2708A
69994,HU#YOFC RP2812A
69995,JP#HSI  RC2708A
69997,HS#HSI  RP2904V
69999,JP#HSI  RC2708D
80016,SHK PPT-R
80020,SENSETIME-WR
80175,GEELY AUTO-R
80291,CHINARES BEER-R
80388,HKEX-R
80700,TENCENT-R
80737,BAY AREA DEV-R
80883,CNOOC-R
80941,CHINA MOBILE-R
80992,LENOVO GROUP-R
81024,KUAISHOU-WR
81211,BYD COMPANY-R
81299,AIA-R
81810,XIAOMI-WR
82020,ANTA SPORTS-R
82318,PING AN-R
82331,LI NING-R
82333,GWMOTOR-R
82388,BOC HONG KONG-R
82800,TRACKER FUND-R
82805,CG BS CNASEAN-R
82817,PP CGBOND-R
82822,CSOP A50 ETF-R
82823,ISHARES A50-R
82824,EFUND GOLD MI-R
82828,HSCEI ETF-R
82829,ISHARESCGB-R
82830,CSOP SAUDI-R
82832,BOSERA STAR50-R
82839,CAM MSCI A50-R
82840,SPDR GOLD TRT-R
82843,AMUNDI A50-R
82846,ISHARESCSI300-R
83001,PP CNUSDPROP-R
83005,X CSOPCSI500-R
83010,ISHARES AXJ-R
83012,AMUNDI HK35-R
83031,FG HS HIGHDIV-R
83038,HS ALOWCARBON-R
83042,CAM BTC-R
83046,CAM ETH-R
83053,A CSOP HKD MM-R
83059,GX AGREENBOND-R
83069,CAM HSBIOTECH-R
83081,VALUEGOLD ETF-R
83088,CAM HS TECH-R
83102,ICBCU KS KWEB-R
83108,HGI ESGLEADER-R
83110,GX HS HIGHDIV-R
83111,EFUNDMSCIA50-R
83115,ISHARESHSI-R
83118,HGI MSCI CN A-R
83122,A CSOP RMB MM-R
83128,HS AINDTOPETF-R
83129,BOCGBACLIMATE-R
83140,CAM HKUS AI-R
83146,CAM 20 UST-R
83147,X CSOPCHINEXT-R
83151,PREMIA STAR50-R
83161,A CAM RMB MM-R
83167,ICBCCSOPCHINA-R
83168,HS RMB GOLD ETF
83188,CAM CSI300-R
83189,EFUND LIQUOR-R
83192,A BOS RMB MM-R
83196,A BOS USD MM-R
83199,ICBCCSOP CGPB-R
83403,CAM HSI ESG-R
83404,CAM MSCIINDIA-R
83416,A GX HSCEICC-R
83418,CAM DIGI GOLD-R
83420,A VP RMB MM-R
83428,GX CL HK-US-R
83434,EFUND DIGITAL-R
83437,BOS CSOE HIDV-R
83455,INVESCO QQQ-R
83460,CAM SOL-R
83461,A CAM RMBTMMF-R
83483,EFUND APAC HD-R
83489,EFUND AI-R
83555,AGX HSDIV ENH-R
83690,MEITUAN-WR
84404,CDB N2707-R
84410,HN GOVT B2711-R
84415,SZ GOVT B2711-R
84418,HKGB GR 2801-R
84433,HKGB GR 2806-R
84434,HKGB GR 3306-R
84437,SP MTNF N2807-R
84443,SZ GOVT B2809-R
84447,CMSI GE N2609-R
84448,ZIBO CJ B2609-R
84449,BOCL N2609-R
84451,HN GOVT B2609-R
84452,HN GOVT B2809-R
84453,JZBD B2609-R
84454,GSHA TO B2609-R
84455,SX XXFX B2609-R
84456,CHENGDA B2610-R
84457,MTRC N2810-R
84458,JY SAHG B2610-R
84460,JX CID B2610-R
84463,DJY UR B2611-R
84464,CQ XSQ B2611-R
84465,CQWS IP B2612-R
84466,JDZHS B2611-R
84467,YC SOEI B2612-R
84468,YB INTL B2612-R
84469,FJZC B2612-R
84470,PT CPZ B2612-R
84472,CQWSIP B2612B-R
84473,LC OVS B2612-R
84474,CDXJ B2612-R
84475,NEWHOPE B2612-R
84476,CDUDG B2612-R
84477,SMCTCD B2701-R
84479,PT CPZ B2612B-R
84480,MY SCI B2701-R
84481,ZIBO CT B2701-R
84482,YZLL B2701-R
84483,DJY UR B2701-R
84484,LC OVS B2701-R
84486,MY SCI B2702-R
84487,SMCTCD B2702-R
84489,YB INTL B2702-R
84490,HT FN N2703-R
84491,ZJ ICI B2703-R
84494,CDUDG B2703-R
84496,TS CT N2703-R
84497,HTUTB N2703-R
84499,VERTEX B2703-R
84500,MM PORT B2703-R
84503,HB INV B2702-R
84504,MY SCI B2703-R
84505,CHIBI B2703-R
84506,NEWHOPE B2704-R
84507,ZIBO CT B2704-R
84508,CDB N2704-R
84509,CDB N2904-R
84510,JS ZY B2705-R
84511,JS ZY B2705B-R
84514,SY CSC B2705-R
84515,ICBC N2705-R
84516,CHIBI B2705-R
84517,QZ UC B2705-R
84518,AIRAUTH N3406-R
84519,ZIBO CT B2706-R
84520,FJJJ B2706-R
84521,YB EIIG B2706-R
84523,BOCL N2706-R
84524,LGO N2706-R
84525,BOCL N2706B-R
84526,JZBD B2706-R
84527,ZIBO HT B2706-R
84528,SDHS N2706-R
84529,JOY DL N2707-R
84530,TS CT N2707-R
84531,JN CT B2707-R
84532,JZ UDH B2707-R
84533,CCB N2707-R
84534,ACDG B2707-R
84535,JN CT B2707B-R
84537,HKGB GR 2907-R
84538,HKGB GR 3407-R
84539,HKGB GR 4407-R
84540,HKGB GR 5407-R
84541,SDHS N2707-R
84542,HF24 I SGPCS-R
84543,AGRBK N2707-R
84544,BOCOM N2708-R
84545,SDHS N2708-R
84546,CCCITSR B2708-R
84549,SZ GOVT B2708-R
84550,SZ GOVT B2908-R
84551,SZ GOVT B3408-R
84552,FJJJ B2708-R
84553,CCCITS B2708B-R
84555,PINGHU B2708-R
84556,ANXH B2708-R
84558,SP MTNF N2709-R
84559,SP MTNF N2909-R
84560,PLP B2909-R
84561,CQILHP N2709-R
84562,MTRC N3409-R
84563,MTRC N5409-R
84564,GD GOVT B2609-R
84565,GD GOVT B2709-R
84566,GD GOVT B2909-R
84567,CDUDG B2709-R
84568,NB FHI B2709-R
84569,WEIFANG B2703-R
84570,CRCC HY N2709-R
84571,SRUOH B2709-R
84572,HKMC N3110-R
84573,SZ FTI B2710-R
84574,HKGB2.13 2710-R
84575,HN GOVT B2710-R
84576,HN GOVT B2910-R
84577,HN GOVT B3410-R
84578,CCCITS B2710-R
84580,SRUOH B2710-R
84581,FQ SO B2711-R
84582,XIHUI I B2711-R
84583,SY CSC B2711-R
84584,YZHJ B2711-R
84585,HKGB2.04 2611-R
84586,HKGB2.46 3411-R
84587,CEBHK N2611-R
84588,WZLCD B2711-R
84589,CD WHID B2711-R
84590,BABA N2805-R
84591,BABA N2911-R
84592,BABA N3411-R
84593,BABA N4411-R
84594,SD GCH B2711-R
84596,HKGB2.37 2912-R
84597,BOCOM N2612-R
84598,SANSHUI B2712-R
84599,SCCT B2712-R
85000,HF24 I B2712-R
85001,AIRAUTH N3501-R
85002,AIRAUTH N5501-R
85003,ZC LM B2801-R
85004,HUAIAN N2801-R
85005,JMHT B2801-R
85006,SANSHUI B2801-R
85008,FE HORI N2802-R
85009,QDOVI B2803-R
85010,HKGB1.71 2705-R
85011,ZIBO CT B2803-R
85012,BAIDU N3003-R
85013,BAIDU N3503-R
85014,HTUTB N2803-R
85015,GF FH B2803-R
85017,JMHT B2803-R
85018,MOON K N2804-R
85019,SRUOH B2804-R
85021,CDXJCI B2804-R
85023,HKGB1.97 3005-R
85024,HKGB2.29 3505-R
85025,CSCIFHK N2704-R
85026,ICBC N2805-R
85027,CCB N2805-R
85028,HKGB GR 4506-R
85029,HKGB GR 5506-R
85030,SGBVI N3006-R
85031,SGBVI N3506-R
85032,SZHS B2806-R
85033,CINDA20 N2806-R
85034,HKXYINV N2807-R
85035,SPMTNF N2807-R
85036,SPMTNF N3007-R
85037,SPMTNF N3507-R
85039,HKGB1.59 2807-R
85040,ZZ UDG B2807-R
85041,SPD BK N2707-R
85042,MENGNIU B3007-R
85043,MENGNIU B3507-R
85044,CINDA20 N2902-R
85045,CINDA20 N3008-R
85046,ZTE B3008-R
85047,CHUBB B3008-R
85048,CHUBB B3508-R
85049,CHUBB B5508-R
85050,KNWLCTY B2808-R
85051,HKGB1.54 2708-R
85052,SGBVI N3008-R
85053,SGBVI N3508-R
85054,SGBVI N4508-R
85055,ZZ UDG B2808-R
85056,GTJAHLD N2808-R
85057,GZMETRO N2808-R
85058,GZMETRO N3008-R
85059,DBK JSC N2809-R
85060,GZMETRO N2809-R
85061,BEA N2909-R
85062,CCB N2809-R
85063,BAIDU N2903-R
85064,STGRD N2809-R
85065,HNGOVT B2809B-R
85066,HN GOVT B3009-R
85067,HN GOVT B3509-R
85068,PIONREW N2809-R
85069,TENCENT N3009-R
85070,TENCENT N3509-R
85071,TENCENT N5509-R
85072,CH BANK NCSCS-R
85073,SZ GOVT B2709-R
85074,SZ GOVT B3009-R
85075,SZ GOVT B3509-R
85076,CMBC N2809-R
85077,HF24 I B2810-R
85078,GD GOVT B2810-R
85079,GD GOVT B3010-R
85080,GD GOVT B3510-R
85081,BOCOMLM N2810-R
85082,JSC KMG N3010-R
85083,JOY DL N2811-R
85084,MEITUAN N3011-R
85085,MEITUAN N3511-R
85086,BOCL N2811-R
85087,CRCC HY N3011-R
85088,CRCC HY N3511-R
85089,HKGB1.71 2711-R
85090,CSSC N2811-R
85091,CINDA20 N3011-R
85092,HKGB GR 3011-R
85093,INV GI N3011-R
85094,SC GLOP B2811-R
85095,CR LAND N3011-R
85096,HKMC N2811-R
85097,YCDFXC B2811-R
85098,CDB N2812-R
85099,CDB N3012-R
85100,HKGB1.60 2612-R
85101,SC GLOP B2812-R
85102,INDSTRL N2901-R
85103,KS N3101-R
85104,GZ UB N2901-R
85105,PIONREW N2802-R
85106,CDB N2902-R
85107,CDB N3102-R
85108,JOY DL N2902-R
85109,COGOFNV N2902-R
85110,MOON K N2902-R
85111,VERTEX B2903-R
85112,COSL SG N2903-R
85113,BCEG HK B2903-R
85114,CICCMTN N2803-R
85115,ACDG B2904-R
85116,JD N3104-R
85117,JD N3604-R
85118,CSCIFHK N2904-R
85119,AMIPEAC N2904-R
85120,AMIPEAC N3104-R
85121,AIA SDS3604-R
85122,HKGB1.68 3105-R
85123,HKGB GR 4605-R
85124,HKGB GR 5605-R
85125,CHUBB B3105-R
85126,CHUBB B3605-R
85127,ICBCIL N3105-R
85128,JOY DL N2905-R
85129,BOCL N2905-R
85130,BOCOMLM N3106-R
85131,BOCMO N2906-R
85132,CCB N2906-R
85133,VERTEX B2906-R
85134,TENCENT N3606-R
85135,TENCENT N5606-R
85136,HKMC N2906-R
85137,ICBC N2906-R
85138,HKGB1.78 3306-R
85139,ZY YZI B2906-R
85140,SUNNYOP B3107-R
85142,ZJ EI B3107-R
85143,YB DEV B2907-R
85144,SD COM B2907-R
85145,CNCB IT UCS F-R
85146,SPD BK N2907-R
85147,XIANJIN B2908-R
85148,BLK PY B2908-R
85149,ADV I N2908-R
85150,FUYUAN B2908-R
85151,SDG FIN B2908-R
85152,CN OVS N3108-R
85153,SH EGC B2908-R
85154,SGBVI N3108-R
85155,SGBVI N3608-R
85156,SGBVI N4608-R
85157,OTPBANK N2908-R
85158,LUSO NCCB-R
85159,ZIBO CJ B2908-R
85160,XIN YUE B3109-R
85161,JSC KMG N3109-R
85162,JSC KMG N3609-R
85163,DBK JSC N3109-R
85164,DBK JSC N3609-R
85165,GSHA TO B2909-R
85166,GD GOV B2909-R
85167,GD GOV B3109-R
85168,GD GOV B3609-R
85169,AIA SDS4609-R
85170,BEA N3009-R
85171,HWORLD B3109-R
85172,SZ GOVT B3109-R
85173,SZ GOVT B3609-R
85174,JZBD B2909-R
85904,CDB B2701-R
85905,CDB B3208-R
85934,CDB N2811-R
86019,SZ GOVT B2610-R
86022,HKGB GR 2611-R
86605,PRC B2706-R
86611,PRC B2806-R
86612,PRC B4306-R
86618,JD HEALTH-R
86620,PRC B2905-R
86621,PRC B3405-R
86630,PRC B3005-R
86631,PRC B4505-R
86635,PRC B3511-R
86641,PRC B3607-R
86644,PRC B2612-R
86645,PRC B3112-R
86646,PRC B4612-R
86652,PRC B2712-R
86660,PRC B2609-R
86663,PRC B2706B-R
86664,PRC B3208-R
87001,HUI XIAN REIT
89002,PRC B3306-R
89003,PRC B2808-R
89005,PRC B2703-R
89006,PRC B2903-R
89007,PRC B3403-R
89008,PRC B2702-R
89009,PRC B2802-R
89010,PRC B3002-R
89011,PRC B3502-R
89012,PRC B5502-R
89013,PRC B2804-R
89014,PRC B3004-R
89015,PRC B4004-R
89016,PRC B2802B-R
89017,PRC B2902-R
89018,PRC B3102-R
89019,PRC B3602-R
89020,PRC B5602-R
89021,PRC B4104-R
89022,PRC B2906-R
89023,PRC B3106-R
89618,JD-SWR
89888,BIDU-WR
89988,BABA-WR
