SPA,1SPATIAL PLC
III,3I GROUP PLC
3IN,3I INFRASTRUCTURE PLC
4BB,4BASEBIO PLC
DDDD,4D PHARMA PLC
4GBL,4GLOBAL PLC
FOUR,4IMPRINT GROUP PLC
SIXH,600 GROUP PLC
7DIG,7DIGITAL GROUP PLC
888,888 HOLDINGS PLC
88E,88 ENERGY LIMITED
ABC,ABCAM PLC
ABDP,AB DYNAMICS PLC
ADIG,ABERDEEN DIVERSIFIED INCOME AND GROWTH TRUST PLC
ANII,ABERDEEN NEW INDIA INVESTMENT TRUST PLC
ASL,ABERFORTH SMALLER COMPANIES TRUST PLC
ASIT,ABERFORTH SPLIT LEVEL INCOME TRUST PLC
ASIZ,ABERFORTH SPLIT LEVEL INCOME TRUST PLC
80JT,"AB ""IGNITIS GRUPE"""
IGN,"AB ""IGNITIS GRUPE"""
ABDX,ABINGDON HEALTH PLC
AAS,ABRDN ASIA FOCUS PLC
AAIF,ABRDN ASIAN INCOME FUND LIMITED
ACIC,ABRDN CHINA INVESTMENT COMPANY LIMITED
AEI,ABRDN EQUITY INCOME TRUST PLC
ASLI,ABRDN EUROPEAN LOGISTICS INCOME PLC
AJIT,ABRDN JAPAN INVESTMENT TRUST PLC
ALAI,ABRDN LATIN AMERICAN INCOME FUND LIMITED
ABD,ABRDN NEW DAWN INVESTMENT TRUST PLC
ABDN,ABRDN PLC
APEO,ABRDN PRIVATE EQUITY OPPORTUNITIES TRUST PLC
API,ABRDN PROPERTY INCOME TRUST LIMITED
ASCI,ABRDN SMALLER COMPANIES INCOME TRUST PLC
AUSC,ABRDN UK SMALLER COMPANIES GROWTH TRUST PLC
AC8,ACCELER8 VENTURES PLC
ACC,ACCESS INTELLIGENCE PLC
ACSO,ACCESSO TECHNOLOGY GROUP PLC
ACRL,ACCROL GROUP HOLDINGS PLC
AXS,ACCSYS TECHNOLOGIES PLC
ACIA,ACER INCORPORATED
ACID,ACER INCORPORATED
ACG,ACG ACQUISITION COMPANY LIMITED
ACPE,ACP ENERGY PLC
AEG,ACTIVE ENERGY GROUP PLC
AOM,ACTIVEOPS PLC
ACT,ACTUAL EXPERIENCE PLC
ADA,ADAMS PLC
ADT,ADEPT TECHNOLOGY GROUP PLC
ADME,ADM ENERGY PLC
ADM,ADMIRAL GROUP PLC
ADT1,ADRIATIC METALS PLC
ADVT,ADVANCEDADVT LIMITED
AMS,ADVANCED MEDICAL SOLUTIONS GROUP PLC
AVO,ADVANCED ONCOTHERAPY PLC
AFN,ADVFN PLC
87FZ,AECI LD
AEO,AEOREMA COMMUNICATIONS PLC
AEWU,AEW UK REIT PLC
AFRK,AFARAK GROUP SE
AFC,AFC ENERGY PLC
AET,AFENTRA PLC
AFRN,AFERIAN PLC
AFP,AFRICAN PIONEER PLC
AOF,AFRICA OPPORTUNITY FUND LIMITED
ATM,AFRITIN MINING LIMITED
AGTA,AGRITERRA LD
ANIC,AGRONOMICS LIMITED 
AIBG,AIB GROUP PLC
AIQ,AIQ LIMITED
AIRC,AIR CHINA LD
AIEA,AIREA PLC
AAF,AIRTEL AFRICA PLC
AJAX,AJAX RESOURCES PLC
AJB,AJ BELL PLC
ALBA,ALBA MINERAL RESOURCES PLC
AADV,ALBION DEVELOPMENT VCT PLC
AAEV,ALBION ENTERPRISE VCT PLC
AATG,ALBION TECHNOLOGY & GENERAL VCT PLC
AAVC,ALBION VENTURE CAPITAL TST PLC
32UA,ALEXANDRIA MINERAL OILS COMPANY (AMOC) S.A.E.
AMOC,ALEXANDRIA MINERAL OILS COMPANY (AMOC) S.A.E.
ALFA,ALFA FINANCIAL SOFTWARE HOLDINGS PLC
UFO,ALIEN METALS LIMITED
ALNA,ALINA HOLDINGS PLC
ALK,ALKEMY CAPITAL INVESTMENTS PLC
AGY,ALLERGY THERAPEUTICS PLC
APH,ALLIANCE PHARMA PLC
ATST,ALLIANCE TRUST PLC
ATT,ALLIANZ TECHNOLOGY TRUST PLC
AFM,ALPHA FINANCIAL MARKETS CONSULTING PLC
AFX,ALPHA FX GROUP PLC
ALGW,ALPHA GROWTH PLC
ARTL,ALPHA REAL TRUST LIMITED
AWE,ALPHAWAVE IP GROUP PLC
ALTE,ALTERATION EARTH PLC
AIRE,ALTERNATIVE INCOME REIT PLC
ALF,ALTERNATIVE LIQUIDITY FUND LIMITED
ALT,ALTITUDE GROUP PLC
ALTN,ALTYNGOLD PLC
ALU,ALUMASC GROUP PLC
78QZ,ALUMINIUM BAHRAIN B.S.C.
ALBH,ALUMINIUM BAHRAIN B.S.C.
DISH,AMALA FOODS PLC
AMRQ,AMAROQ MINERALS LTD.
AMAT,AMATI AIM VCT PLC
AA4,AMEDEO AIR FOUR PLUS LIMITED
87SD,AMER GROUP HOLDING COMPANY S.A.E
AMGR,AMER GROUP HOLDING COMPANY S.A.E
AMGO,AMIGO HOLDINGS PLC
AEX,AMINEX PLC
AMTE,AMTE POWER PLC
ANRJ,AMUNDI ETF
CB5,AMUNDI ETF
CG1,AMUNDI ETF
CH5,AMUNDI ETF
CS1,AMUNDI ETF
CUK,AMUNDI ETF
500D,AMUNDI INDEX SOLUTIONS
500G,AMUNDI INDEX SOLUTIONS
500U,AMUNDI INDEX SOLUTIONS
AASG,AMUNDI INDEX SOLUTIONS
AASU,AMUNDI INDEX SOLUTIONS
AEMD,AMUNDI INDEX SOLUTIONS
AEME,AMUNDI INDEX SOLUTIONS
AEMU,AMUNDI INDEX SOLUTIONS
AEXK,AMUNDI INDEX SOLUTIONS
AGHG,AMUNDI INDEX SOLUTIONS
ALAG,AMUNDI INDEX SOLUTIONS
ALAU,AMUNDI INDEX SOLUTIONS
AMEG,AMUNDI INDEX SOLUTIONS
ANXG,AMUNDI INDEX SOLUTIONS
ANXU,AMUNDI INDEX SOLUTIONS
AUEG,AMUNDI INDEX SOLUTIONS
AUEM,AMUNDI INDEX SOLUTIONS
BRZ,AMUNDI INDEX SOLUTIONS
BYBG,AMUNDI INDEX SOLUTIONS
BYBU,AMUNDI INDEX SOLUTIONS
C50U,AMUNDI INDEX SOLUTIONS
CC1G,AMUNDI INDEX SOLUTIONS
CC1U,AMUNDI INDEX SOLUTIONS
CE2D,AMUNDI INDEX SOLUTIONS
CE9G,AMUNDI INDEX SOLUTIONS
CE9U,AMUNDI INDEX SOLUTIONS
CEG2,AMUNDI INDEX SOLUTIONS
CEU2,AMUNDI INDEX SOLUTIONS
CEUR,AMUNDI INDEX SOLUTIONS
CI2G,AMUNDI INDEX SOLUTIONS
CI2U,AMUNDI INDEX SOLUTIONS
CJ1G,AMUNDI INDEX SOLUTIONS
CJ1U,AMUNDI INDEX SOLUTIONS
CMU,AMUNDI INDEX SOLUTIONS
CN1,AMUNDI INDEX SOLUTIONS
CNEG,AMUNDI INDEX SOLUTIONS
CNEU,AMUNDI INDEX SOLUTIONS
CP9G,AMUNDI INDEX SOLUTIONS
CP9U,AMUNDI INDEX SOLUTIONS
CSWG,AMUNDI INDEX SOLUTIONS
CSWU,AMUNDI INDEX SOLUTIONS
CU2G,AMUNDI INDEX SOLUTIONS
CU2U,AMUNDI INDEX SOLUTIONS
CW8G,AMUNDI INDEX SOLUTIONS
CW8U,AMUNDI INDEX SOLUTIONS
CWEG,AMUNDI INDEX SOLUTIONS
CWEU,AMUNDI INDEX SOLUTIONS
CWFG,AMUNDI INDEX SOLUTIONS
CWFU,AMUNDI INDEX SOLUTIONS
EAHG,AMUNDI INDEX SOLUTIONS
ECRP,AMUNDI INDEX SOLUTIONS
EMXG,AMUNDI INDEX SOLUTIONS
EMXU,AMUNDI INDEX SOLUTIONS
EPRA,AMUNDI INDEX SOLUTIONS
EPRE,AMUNDI INDEX SOLUTIONS
ESDG,AMUNDI INDEX SOLUTIONS
ESDU,AMUNDI INDEX SOLUTIONS
ESRG,AMUNDI INDEX SOLUTIONS
ESRU,AMUNDI INDEX SOLUTIONS
FT1K,AMUNDI INDEX SOLUTIONS
GAGG,AMUNDI INDEX SOLUTIONS
GAGU,AMUNDI INDEX SOLUTIONS
GCLM,AMUNDI INDEX SOLUTIONS
GCSG,AMUNDI INDEX SOLUTIONS
GGOV,AMUNDI INDEX SOLUTIONS
GOVG,AMUNDI INDEX SOLUTIONS
GOVU,AMUNDI INDEX SOLUTIONS
JARG,AMUNDI INDEX SOLUTIONS
JARI,AMUNDI INDEX SOLUTIONS
JPHG,AMUNDI INDEX SOLUTIONS
JPHU,AMUNDI INDEX SOLUTIONS
JPNY,AMUNDI INDEX SOLUTIONS
JPX4,AMUNDI INDEX SOLUTIONS
JPXU,AMUNDI INDEX SOLUTIONS
JPXX,AMUNDI INDEX SOLUTIONS
LUXG,AMUNDI INDEX SOLUTIONS
LUXU,AMUNDI INDEX SOLUTIONS
MIVO,AMUNDI INDEX SOLUTIONS
MPXG,AMUNDI INDEX SOLUTIONS
MSDG,AMUNDI INDEX SOLUTIONS
MSDU,AMUNDI INDEX SOLUTIONS
MSRG,AMUNDI INDEX SOLUTIONS
MSRU,AMUNDI INDEX SOLUTIONS
MWRD,AMUNDI INDEX SOLUTIONS
NRAM,AMUNDI INDEX SOLUTIONS
NRAU,AMUNDI INDEX SOLUTIONS
PABW,AMUNDI INDEX SOLUTIONS
PR1T,AMUNDI INDEX SOLUTIONS
PRAM,AMUNDI INDEX SOLUTIONS
PRAU,AMUNDI INDEX SOLUTIONS
PRIC,AMUNDI INDEX SOLUTIONS
PRIE,AMUNDI INDEX SOLUTIONS
PRIG,AMUNDI INDEX SOLUTIONS
PRIJ,AMUNDI INDEX SOLUTIONS
PRIP,AMUNDI INDEX SOLUTIONS
PRIR,AMUNDI INDEX SOLUTIONS
PRIT,AMUNDI INDEX SOLUTIONS
PRIU,AMUNDI INDEX SOLUTIONS
PRIW,AMUNDI INDEX SOLUTIONS
PRIZ,AMUNDI INDEX SOLUTIONS
PRJU,AMUNDI INDEX SOLUTIONS
PRUC,AMUNDI INDEX SOLUTIONS
PRUK,AMUNDI INDEX SOLUTIONS
PRWU,AMUNDI INDEX SOLUTIONS
RS2G,AMUNDI INDEX SOLUTIONS
RS2U,AMUNDI INDEX SOLUTIONS
SADA,AMUNDI INDEX SOLUTIONS
SMRG,AMUNDI INDEX SOLUTIONS
SMRU,AMUNDI INDEX SOLUTIONS
SRHE,AMUNDI INDEX SOLUTIONS
TPHG,AMUNDI INDEX SOLUTIONS
TPHU,AMUNDI INDEX SOLUTIONS
TPXG,AMUNDI INDEX SOLUTIONS
TPXU,AMUNDI INDEX SOLUTIONS
UCRP,AMUNDI INDEX SOLUTIONS
USRI,AMUNDI INDEX SOLUTIONS
WRDU,AMUNDI INDEX SOLUTIONS
WSRI,AMUNDI INDEX SOLUTIONS
AMC,AMUR MINERALS CORPORATION
ANAA,ANA HOLDINGS INC.
ASY,ANDREWS SYKES GROUP PLC
AMOI,ANEMOI INTERNATIONAL LTD
ANX,ANEXO GROUP PLC
AGL,ANGLE PLC
AYM,ANGLESEY MINING PLC
ANG,ANGLING DIRECT PLC
AAL,ANGLO AMERICAN PLC
AAZ,ANGLO ASIAN MINING PLC
AEP,ANGLO-EASTERN PLANTATIONS PLC
ANGS,ANGUS ENERGY PLC
ANCR,ANIMALCARE GROUP PLC
ANP,ANPARIO PLC
70GD,ANTOFAGASTA PLC
ANTO,ANTOFAGASTA PLC
AO.,AO WORLD PLC
APAX,APAX GLOBAL ALPHA LIMITED
AGM,APPLIED GRAPHENE MATERIALS PLC
APP,APPRECIATE GROUP PLC
APQ,APQ GLOBAL LIMITED
APTA,APTAMER GROUP PLC
APTD,APTITUDE SOFTWARE GROUP PLC
AEEE,AQUILA ENERGY EFFICIENCY TRUST PLC
AEET,AQUILA ENERGY EFFICIENCY TRUST PLC
AERI,AQUILA EUROPEAN RENEWABLES PLC
AERS,AQUILA EUROPEAN RENEWABLES PLC
AQSG,AQUILA SERVICES GROUP PLC
AQX,AQUIS EXCHANGE PLC
ARBB,ARBUTHNOT BANKING GROUP PLC
ARCM,ARC MINERALS LIMITED
ARC,ARCONTECH GROUP PLC
AREC,ARECOR THERAPEUTICS PLC
AGFX,ARGENTEX GROUP PLC
ARB,ARGO BLOCKCHAIN PLC
ARGO,ARGO GROUP LIMITED
ARG,ARGOS RESOURCES LIMITED
AAU,ARIANA RESOURCES PLC
ARIX,ARIX BIOSCIENCE PLC
ARK,ARKLE RESOURCES PLC
ACP,ARMADALE CAPITAL PLC
ARO,ARRICANO REAL ESTATE PLC
AXL,ARROW EXPLORATION CORP.
ATS,ARTEMIS ALPHA TRUST PLC
ARV,ARTEMIS RESOURCES LIMITED
ASAI,ASA INTERNATIONAL GROUP PLC
ASCL,ASCENTIAL PLC
AST,ASCENT RESOURCES PLC
ASPL,ASEANA PROPERTIES LIMITED
ASHM,ASHMORE GROUP PLC
AIE,ASHOKA INDIA EQUITY INVESTMENT TRUST PLC
AHT,ASHTEAD GROUP PLC
AT.,ASHTEAD TECHNOLOGY HOLDINGS PLC
DGN,ASIA DRAGON TRUST PLC
ARS,ASIAMET RESOURCES LIMITED
ASIA,ASIA STRATEGIC HOLDINGS LIMITED
ASLR,ASIMILAR GROUP PLC
ASC,ASOS PLC
ASTO,ASSETCO PLC
ASBE,ASSOCIATED BRITISH ENGINEERING PLC
ABF,ASSOCIATED BRITISH FOODS PLC
AGR,ASSURA PLC
AML,ASTON MARTIN LAGONDA GLOBAL HOLDINGS PLC
AZN,ASTRAZENECA PLC
ATYM,ATALAYA MINING PLC
ATN,ATERIAN PLC
ATY,ATHELNEY TRUST PLC
ALL,ATLANTIC LITHIUM LIMITED
AJG,ATLANTIS JAPAN GROWTH FUND LD
ATOM,ATOME ENERGY PLC
ROOF,ATRATO ONSITE ENERGY PLC
ATQT,ATTRAQT GROUP PLC
ATG,AUCTION TECHNOLOGY GROUP PLC
BOOM,AUDIOBOOM GROUP PLC
AUGM,AUGMENTUM FINTECH PLC
AUK,AUKETT SWANKE GROUP PLC
AURA,AURA ENERGY LIMITED
ARA,AURA RENEWABLE ACQUISITIONS PLC
ARR,AURORA INVESTMENT TRUST PLC
AURR,AURRIGO INTERNATIONAL PLC
AUTG,AUTINS GROUP PLC
AUTO,AUTO TRADER GROUP PLC
AVCT,AVACTA GROUP PLC
AVAP,AVATION PLC
AVAW,AVATION PLC
AVV,AVEVA GROUP PLC
AGT,AVI GLOBAL TRUST PLC
AJOT,AVI JAPAN OPPORTUNITY TRUST PLC
AVG,AVINGTRANS PLC
AV.,AVIVA PLC
AV.A,AVIVA PLC
AV.B,AVIVA PLC
AVON,AVON PROTECTION PLC
AXI,AXIOM EUROPEAN FINANCIAL DEBT FUND LIMITED
AXB,AXIS BANK LIMITED
AXBA,AXIS BANK LIMITED
B90,B90 HOLDINGS PLC
BAB,BABCOCK INTERNATIONAL GROUP PLC
BA.,BAE SYSTEMS PLC
BGCG,BAILLIE GIFFORD CHINA GROWTH TRUST PLC
BGEU,BAILLIE GIFFORD EUROPEAN GROWTH TRUST PLC
BGFD,BAILLIE GIFFORD JAPAN TRUST PLC
BGS,BAILLIE GIFFORD SHIN NIPPON PLC
BGUK,BAILLIE GIFFORD UK GROWTH TRUST PLC
USA,BAILLIE GIFFORD US GROWTH TRUST PLC
BSRT,BAKER STEEL RESOURCES TRUST LIMITED
BAKK,BAKKAVOR GROUP PLC
BCPT,BALANCED COMMERCIAL PROPERTY TRUST LIMITED
BBY,BALFOUR BEATTY PLC
BCG,BALTIC CLASSIFIEDS GROUP PLC
BVA,BANCO BILBAO VIZCAYA ARGENTARIA S.A.
BNC,BANCO SANTANDER S.A.
BGO,BANGO PLC
BNKR,BANKERS INVESTMENT TRUST PLC
BKM,BANKMUSCAT (S.A.O.G.)
BKMA,BANKMUSCAT (S.A.O.G.)
BOAA,BANK OF AFRICA
BOAR,BANK OF AFRICA
BOCH,BANK OF CYPRUS HOLDINGS PUBLIC LIMITED COMPANY
BGEO,BANK OF GEORGIA GROUP PLC
BKIC,BANK OF IRELAND (GOVERNOR & COMPANY OF THE)
BKIE,BANK OF IRELAND (GOVERNOR & COMPANY OF THE)
BIRG,BANK OF IRELAND GROUP PLC
BARC,BARCLAYS PLC
BEMO,BARINGS EMERGING EMEA OPPORTUNITIES PLC
BARK,BARKBY GROUP PLC
BOIL,BARON OIL PLC
BMD,BARONSMEAD SECOND VENTURE TRUST PLC
BVT,BARONSMEAD VENTURE TRUST PLC
BAG,BARR (A.G.) PLC
BDEV,BARRATT DEVELOPMENTS PLC
BEY,BARRYROE OFFSHORE ENERGY PLC
BSE,BASE RESOURCES LIMITED
BVC,BATM ADVANCED COMMUNICATIONS LD
BAY,BAY CAPITAL PLC
BBGI,BBGI GLOBAL INFRASTRUCTURE S.A. 
77GD,BBVA CAPITAL FUNDING LD
BCE,BEACON ENERGY PLC
BRS,BEACON RISE HOLDINGS PLC
BEZ,BEAZLEY PLC
BKS,BEEKS FINANCIAL CLOUD GROUP PLC
BEG,BEGBIES TRAYNOR GROUP PLC
BBH,BELLEVUE HEALTHCARE TRUST PLC
BELL,BELLUSCURA PLC
BWY,BELLWAY PLC
BLV,BELVOIR GROUP PLC
BMK,BENCHMARK HOLDINGS PLC
BEN,BENS CREEK GROUP PLC
BEM,BEOWULF MINING PLC
BKY,BERKELEY ENERGIA LIMITED
BKG,BERKELEY GROUP HOLDINGS (THE) PLC
BOTB,BEST OF THE BEST PLC
BXP,BEXIMCO PHARMACEUTICALS LIMITED
BZT,BEZANT RESOURCES PLC
BHMG,BH MACRO LIMITED
BHMU,BH MACRO LIMITED
BHP,BHP GROUP LIMITED
BIDS,BIDSTACK GROUP PLC
BIFF,BIFFA PLC
BBB,BIGBLU BROADBAND PLC
BIG,BIG TECHNOLOGIES PLC
BYG,BIG YELLOW GROUP PLC
BILN,BILLINGTON HOLDINGS PLC
BIOM,BIOME TECHNOLOGIES PLC
BION,BION PLC
BPCP,BIOPHARMA CREDIT PLC
BPCR,BIOPHARMA CREDIT PLC
BIOG,BIOTECH GROWTH TRUST (THE) PLC
BVXP,BIOVENTIX PLC
BISI,BISICHI PLC
BVX,BIVICTRIX THERAPEUTICS PLC
BIRD,BLACKBIRD PLC
BFSP,BLACKFINCH SPRING VCT PLC
BERI,BLACKROCK ENERGY AND RESOURCES INCOME TRUST PLC
BRFI,BLACKROCK FRONTIERS INVESTMENT TRUST PLC
BRGE,BLACKROCK GREATER EUROPE INVESTMENT TRUST PLC
BRIG,BLACKROCK INCOME AND GROWTH INVESTMENT TRUST PLC
BRLA,BLACKROCK LATIN AMERICAN INVESTMENT TRUST PLC
BRSC,BLACKROCK SMALLER CO TRUST PLC
BRSA,BLACKROCK SUSTAINABLE AMERICAN INCOME TRUST PLC
THRG,BLACKROCK THROGMORTON TRUST PLC
BRWM,BLACKROCK WORLD MINING TRUST PLC
BGLF,BLACKSTONE LOAN FINANCING LIMITED
BGLP,BLACKSTONE LOAN FINANCING LIMITED
BLTG,BLANCCO TECHNOLOGY GROUP PLC
BRES,BLENCOWE RESOURCES PLC
BLOE,BLOCK ENERGY PLC
BMY,BLOOMSBURY PUBLISHING PLC
BMV,BLUEBIRD MERCHANT VENTURES LTD
BSIF,BLUEFIELD SOLAR INCOME FUND LIMITED
JAY,BLUEJAY MINING PLC
BPFU,BLUE PLANET FINANCIALS GROWTH AND INCOME INVESTMENT TRUST PLC
BLP,BLUE PLANET INVESTMENT TRUST PLC
BRD,BLUEROCK DIAMONDS PLC
BLU,BLUE STAR CAPITAL PLC
BME,B&M EUROPEAN VALUE RETAIL S.A.
BOY,BODYCOTE PLC
BOE,BOEING CO.
BOKU,"BOKU, INC."
BONH,BONHILL GROUP PLC
BOO,BOOHOO GROUP PLC
BD82,BOOT (HENRY) PLC
BOOT,BOOT (HENRY) PLC
BOR,BORDERS & SOUTHERN PETROLEUM PLC
BIH,BOSTON INTERNATIONAL HOLDINGS PLC
BOD,BOTSWANA DIAMONDS PLC
BGHL,BOUSSARD & GAVAUDAN HOLDING LIMITED
BGHS,BOUSSARD & GAVAUDAN HOLDING LIMITED
BWN,BOWEN FINTECH PLC
BLVN,BOWLEVEN PLC
BPM,B.P. MARSH & PARTNERS PLC
BP.,BP PLC
BP.A,BP PLC
BP.B,BP PLC
BHL,BRADDA HEAD LITHIUM LIMITED
BMS,BRAEMAR PLC
BMT,BRAIME GROUP PLC
BMTO,BRAIME GROUP PLC
BAR,BRAND ARCHITEKTS GROUP PLC
BRSD,BRANDSHIELD SYSTEMS PLC
BBSN,BRAVE BISON GROUP PLC
BRH,BRAVEHEART INVESTMENT GROUP PLC
BREE,BREEDON GROUP PLC
BRCK,BRICKABILITY GROUP PLC
BPT,BRIDGEPOINT GROUP PLC
PIER,BRIGHTON PIER GROUP PLC (THE)
BWRA,BRISTOL WATER PLC
BWSA,BRISTOL & WEST PLC
BAF,BRITISH & AMERICAN INVESTMENT TRUST PLC
BATS,BRITISH AMERICAN TOBACCO PLC
BLND,BRITISH LAND COMPANY PLC
BSC,BRITISH SMALLER COMPANIES VCT2 PLC
BSV,BRITISH SMALLER COMPANIES VCT PLC
BVIC,BRITVIC PLC
BRK,BROOKS MACDONALD GROUP PLC
BASC,BROWN ADVISORY US SMALLER COMPANIES PLC
BWNG,BROWN (N) GROUP PLC
44GL,BRUNNER INVESTMENT TRUST PLC
BUT,BRUNNER INVESTMENT TRUST PLC
BSFA,BSF ENTERPRISE PLC
BT.A,BT GROUP PLC
BNZL,BUNZL PLC
BRBY,BURBERRY GROUP PLC
BUR,BURFORD CAPITAL LIMITED
BNR,BURNING ROCK BIOTECH LIMITED
BMN,BUSHVELD MINERALS LIMITED
BYOT,BYOTROL PLC
BYIT,BYTES TECHNOLOGY GROUP PLC
C4XD,C4X DISCOVERY HOLDINGS PLC
CVH,CABLEVISION HOLDING S.A.
KDNC,CADENCE MINERALS PLC
CAD,CADOGAN PETROLEUM PLC
CMRS,CAERUS MINERAL RESOURCES PLC
78GL,CAFFYNS PLC
79GL,CAFFYNS PLC
CFYN,CAFFYNS PLC
CRN,CAIRN HOMES PLC
CBOX,CAKE BOX HOLDINGS PLC
CLC,CALCULUS VCT PLC
CLDN,CALEDONIA INVESTMENTS PLC
CMCL,CALEDONIA MINING CORPORATION PLC
CNN,CALEDONIAN TRUST PLC
CLX,CALNEX SOLUTIONS PLC
CMB,CAMBRIA AFRICA PLC
COG,CAMBRIDGE COGNITION HOLDINGS PLC
CAM,CAMELLIA PLC
CGI,"CANADIAN GENERAL INVESTMENTS, LD"
COPL,CANADIAN OVERSEAS PETROLEUM LIMITED
CAPC,CAPITAL & COUNTIES PROPERTIES PLC
CGT,CAPITAL GEARING TRUST PLC
CAPD,CAPITAL LIMITED
CMET,CAPITAL METALS PLC
CAL,CAPITAL & REGIONAL PLC
CPI,CAPITA PLC
CNE,CAPRICORN ENERGY PLC
CPX,CAP-XX LIMITED
GCAT,CARACAL GOLD PLC
CAR,CARCLO PLC
CARD,CARD FACTORY PLC
CDFF,CARDIFF PROPERTY PLC
CLLN,CARILLION PLC
CCL,CARNIVAL PLC
CARR,CARR'S GROUP PLC
CASP,CASPIAN SUNRISE PLC
CGL,CASTELNAU GROUP LIMITED
CCZ,CASTILLO COPPER LIMITED
CGS,CASTINGS PLC
CMX,CATALYST MEDIA GROUP PLC
CAT,CATCO REINSURANCE OPPORTUNITIES FUND LIMITED
CATC,CATCO REINSURANCE OPPORTUNITIES FUND LIMITED
CTEA,CATENAE INNOVATION PLC
CFHS,CATHAY FINANCIAL HOLDING CO LTD
CCR,C&C GROUP PLC
CCJI,CC JAPAN INCOME & GROWTH TRUST PLC
CCJS,CC JAPAN INCOME & GROWTH TRUST PLC
CBA,CEIBA INVESTMENTS LIMITED
CEL,CELADON PHARMACEUTICALS PLC
CBX,CELLULAR GOODS PLC
CCP,CELTIC PLC
CCPA,CELTIC PLC
CCPC,CELTIC PLC
CNKS,CENKOS SECURITIES PLC
CEY,CENTAMIN PLC
CAU,CENTAUR MEDIA PLC
CAML,CENTRAL ASIA METALS PLC
CNIC,CENTRALNIC GROUP PLC
CNA,CENTRICA PLC
CEPS,CEPS PLC
CWR,CERES POWER HOLDINGS PLC
CER,CERILLION PLC
CGH,CHAARAT GOLD HOLDINGS LTD
CEG,CHALLENGER ENERGY GROUP PLC
CMH,CHAMBERLIN PLC
CCT,CHARACTER GROUP PLC
CHAR,CHARIOT LIMITED
CKT,CHECKIT PLC
CGW,CHELVERTON GROWTH TRUST PLC
SDV,CHELVERTON UK DIVIDEND TRUST PLC
BC88,CHEMRING GROUP PLC
CHG,CHEMRING GROUP PLC
TORG,CHENAVARI TORO INCOME FUND LIMITED
TORO,CHENAVARI TORO INCOME FUND LIMITED
CSN,CHESNARA PLC
CHF,CHESTERFIELD RESOURCES PLC
CHLL,CHILL BRANDS GROUP PLC
CNG,CHINA NONFERROUS GOLD LIMITED
CPIC,"CHINA PACIFIC INSURANCE (GROUP) CO., LTD"
CNSD,CHINA STEEL CORPORATION
78TK,"CHINA YANGTZE POWER CO., LTD"
CYPC,"CHINA YANGTZE POWER CO., LTD"
CTG,CHRISTIE GROUP PLC
CHRY,CHRYSALIS INVESTMENTS LIMITED
CHH,CHURCHILL CHINA PLC
CINH,CINDRIGO HOLDINGS LIMITED
CINE,CINEWORLD GROUP PLC
CRC,CIRCLE PROPERTY PLC
CRES,CITIUS RESOURCES PLC
CIN,CITY OF LONDON GROUP PLC
CLIG,CITY OF LONDON INVESTMENT GROUP PLC
BA47,CITY OF LONDON INVESTMENT TRUST PLC
BA69,CITY OF LONDON INVESTMENT TRUST PLC
CTY,CITY OF LONDON INVESTMENT TRUST PLC
CTYA,CITY OF LONDON INVESTMENT TRUST PLC
CPC,CITY PUB GROUP PLC (THE)
CSH,CIVITAS SOCIAL HOUSING PLC
CIZ,CIZZLE BIOTECHNOLOGY HOLDINGS PLC
CKN,CLARKSON PLC
CPH2,CLEAN POWER HYDROGEN PLC
CTL,CLEANTECH LITHIUM PLC
CLON,CLONTARF ENERGY PLC
CBG,CLOSE BROTHERS GROUP PLC
CDL,CLOUDBREAK DISCOVERY PLC
CLCO,CLOUDCOCO GROUP PLC
CLI,CLS HOLDINGS PLC
CMCX,CMC MARKETS PLC
CML,CML MICROSYSTEMS PLC
CMO,CMO GROUP PLC
COA,COATS GROUP PLC
COBR,COBRA RESOURCES PLC
CCEP,COCA-COLA EUROPACIFIC PARTNERS PLC
CCH,COCA-COLA HBC AG
CODX,CODEX ACQUISITIONS PLC
CHRT,COHORT PLC
CFX,COLEFAX GROUP PLC
41JB,COMMERCIAL INTERNATIONAL BANK (EGYPT) S.A.E.
CBKD,COMMERCIAL INTERNATIONAL BANK (EGYPT) S.A.E.
COD,COMPAGNIE DE SAINT-GOBAIN
CEIA,COMPAL ELECTRONICS INC
CEIR,COMPAL ELECTRONICS INC
CPG,COMPASS GROUP PLC
COM,COMPTOIR GROUP PLC
CCC,COMPUTACENTER PLC
CNC,CONCURRENT TECHNOLOGIES PLC
CNR,CONDOR GOLD PLC
CRE,CONDUIT HOLDINGS LIMITED
CGNR,CONROY GOLD & NATURAL RESOURCES PLC
CGO,CONTANGO HOLDINGS PLC
GLO,CONTOURGLOBAL PLC
CTEC,CONVATEC GROUP PLC
CIC,CONYGAR INVESTMENT COMPANY PLC (THE)
CORA,CORA GOLD LIMITED
CRU,CORAL PRODUCTS PLC
CRCL,CORCEL PLC
CRDL,CORDEL GROUP PLC
CORD,CORDIANT DIGITAL INFRASTRUCTURE LIMITED
CSRD,CORDIANT DIGITAL INFRASTRUCTURE LIMITED
CNS,CORERO NETWORK SECURITY PLC
CSFS,CORNERSTONE FS PLC
CUSN,CORNISH METALS INC.
CORO,CORO ENERGY PLC
COST,COSTAIN GROUP PLC
CPP,CPPGROUP PLC
CYN,CQS NATURAL RESOURCES GROWTH AND INCOME PLC
NCYF,CQS NEW CITY HIGH YIELD FUND LIMITED
CRW,CRANEWARE PLC
CWK,CRANSWICK PLC
CRV,CRAVEN HOUSE CAPITAL PLC
CRL,CREIGHTONS PLC
CREO,CREO MEDICAL GROUP PLC
LOAD,CRESTCHIC PLC
CRST,CREST NICHOLSON HOLDINGS PLC
97GM,CRH PLC
CRH,CRH PLC
TIDE,CRIMSON TIDE PLC
CRTM,CRITICAL METALS PLC
49GP,CRODA INTERNATIONAL PLC
50GP,CRODA INTERNATIONAL PLC
CRDA,CRODA INTERNATIONAL PLC
CSSG,CROMA SECURITY SOLUTIONS GROUP PLC
CRPR,CROPPER (JAMES) PLC
CCS,CROSSWORD CYBERSECURITY PLC
CRWN,CROWN PLACE VCT PLC
CRS,CRYSTAL AMBER FUND LIMITED
CTA,CT AUTOMOTIVE GROUP PLC
CMPG,CT GLOBAL MANAGED PORTFOLIO TRUST PLC
CMPI,CT GLOBAL MANAGED PORTFOLIO TRUST PLC
CTPE,CT PRIVATE EQUITY TRUST PLC
CTPT,CT PROPERTY TRUST LIMITED
CTUK,CT UK CAPITAL AND INCOME INVESTMENT TRUST PLC
CHI,CT UK HIGH INCOME TRUST PLC
CHIB,CT UK HIGH INCOME TRUST PLC
CHIU,CT UK HIGH INCOME TRUST PLC
CURY,CURRYS PLC
CBP,CURTIS BANKS GROUP PLC
CZN,CURZON ENERGY PLC
CREI,CUSTODIAN REIT PLC
CVCE,CVC INCOME & GROWTH LIMITED
CVCG,CVC INCOME & GROWTH LIMITED
CVSG,CVS GROUP PLC
CYAN,CYANCONNODE HOLDINGS PLC
D4T4,D4T4 SOLUTIONS PLC
DAL,DALATA HOTEL GROUP PLC
DARK,DARKTRACE PLC
DAT,DATANG INTERNATIONAL POWER GENERATION COMPANY LD
DVT,DAVICTUS PLC
DCC,DCC PLC
DPH,DECHRA PHARMACEUTICALS PLC
DMTR,DEEPMATTER GROUP PLC
DVRG,DEEPVERGE PLC
DKL,DEKEL AGRI-VISION PLC
DLAR,DE LA RUE PLC
ROO,DELIVEROO PLC
DEMG,DELTEX MEDICAL GROUP PLC
DELT,DELTIC ENERGY PLC
DLN,DERWENT LONDON PLC
DEST,DESTINY PHARMA PLC
DEV,DEV CLEVER HOLDINGS PLC
DVNO,DEVELOP NORTH PLC
DEVO,"DEVOLVER DIGITAL, INC."
DVO,DEVRO PLC
DWHA,DEWHURST GROUP PLC
DWHT,DEWHURST GROUP PLC
DFI,DFI RETAIL GROUP HOLDINGS LIMITED
DFIB,DFI RETAIL GROUP HOLDINGS LIMITED
DFIJ,DFI RETAIL GROUP HOLDINGS LIMITED
DFS,DFS FURNITURE PLC
DGI,DG INNOVATE PLC
DXRX,DIACEUTICS PLC
DGE,DIAGEO PLC
DGED,DIAGEO PLC
DIA,DIALIGHT PLC
DSI,DIAL SQUARE INVESTMENTS PLC
DNM,DIANOMI PLC
DGI9,DIGITAL 9 INFRASTRUCTURE PLC
DBOX,DIGITALBOX PLC
DTY,DIGNITY PLC
DSG,DILLISTONE GROUP PLC
DPLM,DIPLOMA PLC
DCTA,DIRECTA PLUS PLC
DLG,DIRECT LINE INSURANCE GROUP PLC
DSCV,DISCOVERIE GROUP PLC
DTVL,DISH TV INDIA LIMITED
DIS,DISTIL PLC
DFCH,DISTRIBUTION FINANCE CAPITAL HOLDINGS PLC
DIVI,DIVERSE INCOME TRUST (THE) PLC
DEC,DIVERSIFIED ENERGY COMPANY PLC
DCI,DOLPHIN CAPITAL INVESTORS LIMITED
DOM,DOMINO'S PIZZA GROUP PLC
DNA,DORIC NIMROD AIR ONE LIMITED
DNA3,DORIC NIMROD AIR THREE LIMITED
DNA2,DORIC NIMROD AIR TWO LIMITED
DOTD,DOTDIGITAL GROUP PLC
DORE,DOWNING RENEWABLES & INFRASTRUCTURE TRUST PLC
DSM,DOWNING STRATEGIC MICRO-CAP INVESTMENT TRUST PLC
DPA,DP AIRCRAFT I LIMITED
DPEU,DP EURASIA N.V.
DPP,DP POLAND PLC
DRX,DRAX GROUP PLC
DRV,DRIVER GROUP PLC
DOCS,DR. MARTENS PLC
DRUM,DRUMZ PLC
DSW,DSW CAPITAL PLC
DKE,DUKEMOUNT CAPITAL PLC
DUKE,DUKE ROYALTY LIMITED
DNE,DUNEDIN ENTERPRISE INVESTMENT TRUST PLC
DIG,DUNEDIN INCOME GROWTH INVESTMENT TRUST PLC
DNLM,DUNELM GROUP PLC
DWF,DWF GROUP PLC
DX.,DX (GROUP) PLC
EYE,EAGLE EYE SOLUTIONS GROUP PLC
EISB,EAST IMPERIAL PLC
EST,EAST STAR RESOURCES PLC
EZJ,EASYJET PLC
EBQ,EBIQUITY PLC
ELLA,ECCLESIASTICAL INSURANCE OFFICE PLC
ECHO,ECHO ENERGY PLC
ECK,ECKOH PLC
EAH,ECO ANIMAL HEALTH GROUP PLC
ECO,ECO (ATLANTIC) OIL & GAS LTD
EGL,ECOFIN GLOBAL UTILITIES AND INFRASTRUCTURE TRUST PLC
RNEP,ECOFIN U.S. RENEWABLES INFRASTRUCTURE TRUST PLC
RNEW,ECOFIN U.S. RENEWABLES INFRASTRUCTURE TRUST PLC
ECOR,ECORA RESOURCES PLC
ECR,ECR MINERALS PLC
ECSC,ECSC GROUP PLC
EDEN,EDEN RESEARCH PLC
EDL,EDENVILLE ENERGY PLC
EDGH,EDGE PERFORMANCE VCT PLC
EDIN,EDINBURGH INVESTMENT TRUST PLC
EWI,EDINBURGH WORLDWIDE INVESTMENT TRUST PLC
EPIC,EDISTON PROPERTY INVESTMENT COMPANY PLC
66XD,EDITA FOOD INDUSTRIES S.A.E.
EFID,EDITA FOOD INDUSTRIES S.A.E.
EAAS,EENERGY GROUP PLC
BG79,EFG-HERMES HOLDING S.A.E.
EFGD,EFG-HERMES HOLDING S.A.E.
EDR,EGDON RESOURCES PLC
EJF0,EJF INVESTMENTS LTD
EJFI,EJF INVESTMENTS LTD
EKF,EKF DIAGNOSTICS HOLDINGS PLC
ELCO,ELECO PUBLIC LIMITED COMPANY
ELEG,ELECTRIC GUITAR PLC
ELM,ELEMENTIS PLC
ELIX,ELIXIRR INTERNATIONAL PLC
EMIS,EMIS GROUP PLC
EML,EMMERSON PLC
EEE,EMPIRE METALS LIMITED
ESP,EMPIRIC STUDENT PROPERTY PLC
EMR,EMPRESARIA GROUP PLC
EME,EMPYREAN ENERGY PLC
EDV,ENDEAVOUR MINING PLC
ETP,ENERAQUA TECHNOLOGIES PLC
ENOG,ENERGEAN PLC
EXR,ENGAGE XR HOLDINGS PLC
94PF,EN+ GROUP INTERNATIONAL PUBLIC JOINT-STOCK COMPANY
ENPL,EN+ GROUP INTERNATIONAL PUBLIC JOINT-STOCK COMPANY
ENQ,ENQUEST PLC
ENSI,ENSILICA PLC
ENT,ENTAIN PLC
NTQ,ENTEQ TECHNOLOGIES PLC
ENW,ENWELL ENERGY PLC
ESO,EPE SPECIAL OPPORTUNITIES LIMITED
ESOZ,EPE SPECIAL OPPORTUNITIES LIMITED
EPWN,EPWIN GROUP PLC
EQT,EQTEC PLC
EQLS,EQUALS GROUP PLC
ERGO,ERGOMED PLC
ESKN,ESKEN LIMITED
ESYS,ESSENSYS PLC
ESNT,ESSENTRA PLC
62UM,ETALON GROUP PLC
ETLN,ETALON GROUP PLC
ETX,E-THERAPEUTICS PLC
ENET,ETHERNITY NETWORKS LTD
EUA,EURASIA MINING PLC
ECEL,EUROCELL PLC
EUZ,EUROPA METALS LTD
EOG,EUROPA OIL & GAS (HOLDINGS) PLC
EAT,EUROPEAN ASSETS TRUST PLC
EMH,EUROPEAN METALS HOLDINGS LIMITED
EOT,EUROPEAN OPPORTUNITIES TRUST PLC
EVST,EVEREST GLOBAL PLC
EMAN,EVERYMAN MEDIA GROUP PLC
EVG,EVGEN PHARMA PLC
EVR,EVRAZ PLC
BGX,EXPAT ASSET MANAGEMENT EAD
EXPN,EXPERIAN PLC
67NW,EZZ STEEL COMPANY - S.A.E.
AEZD,EZZ STEEL COMPANY - S.A.E.
ADF,FACILITIES BY ADF PLC
FA17,FAIR OAKS INCOME LIMITED
FAIR,FAIR OAKS INCOME LIMITED
FLX,FALANX GROUP LIMITED
FOG,FALCON OIL & GAS LTD.
FHP,FANDANGO HOLDINGS PLC
FARN,FARON PHARMACEUTICALS OY
FBH,FBD HOLDINGS PLC
FCIT,F&C INVESTMENT TRUST PLC
FDM,FDM GROUP (HOLDINGS) PLC
FDP,FD TECHNOLOGIES PUBLIC LIMITED COMPANY
FEDA,FEDERAL BANK LIMITED (THE)
FEDS,FEDERAL BANK LIMITED (THE)
FDBK,FEEDBACK PLC
FERG,FERGUSON PLC
FXPO,FERREXPO PLC
FAR,FERRO-ALLOY RESOURCES LIMITED
FEVR,FEVERTREE DRINKS PLC
FAS,FIDELITY ASIAN VALUES PLC
FCSS,FIDELITY CHINA SPECIAL SITUATIONS PLC
FEML,FIDELITY EMERGING MARKETS LIMITED
FEV,FIDELITY EUROPEAN TRUST PLC
FJV,FIDELITY JAPAN TRUST PLC
FSV,FIDELITY SPECIAL VALUES PLC
FAPI,FIDELITY UCITS ICAV
FCAR,FIDELITY UCITS ICAV
FCLD,FIDELITY UCITS ICAV
FDHT,FIDELITY UCITS ICAV
FDOC,FIDELITY UCITS ICAV
FDRV,FIDELITY UCITS ICAV
FEMD,FIDELITY UCITS ICAV
FEME,FIDELITY UCITS ICAV
FEMI,FIDELITY UCITS ICAV
FEMQ,FIDELITY UCITS ICAV
FEMR,FIDELITY UCITS ICAV
FEMS,FIDELITY UCITS ICAV
FEQD,FIDELITY UCITS ICAV
FEQP,FIDELITY UCITS ICAV
FEUI,FIDELITY UCITS ICAV
FEUR,FIDELITY UCITS ICAV
FGLR,FIDELITY UCITS ICAV
FGLS,FIDELITY UCITS ICAV
FGQD,FIDELITY UCITS ICAV
FGQI,FIDELITY UCITS ICAV
FGQP,FIDELITY UCITS ICAV
FJPR,FIDELITY UCITS ICAV
FJPS,FIDELITY UCITS ICAV
FMTV,FIDELITY UCITS ICAV
FMVR,FIDELITY UCITS ICAV
FNRG,FIDELITY UCITS ICAV
FPXR,FIDELITY UCITS ICAV
FPXS,FIDELITY UCITS ICAV
FRNW,FIDELITY UCITS ICAV
FUQA,FIDELITY UCITS ICAV
FUSA,FIDELITY UCITS ICAV
FUSD,FIDELITY UCITS ICAV
FUSI,FIDELITY UCITS ICAV
FUSP,FIDELITY UCITS ICAV
FUSR,FIDELITY UCITS ICAV
FUSS,FIDELITY UCITS ICAV
FEMP,FIDELITY UCITS II ICAV
FGHY,FIDELITY UCITS II ICAV
FHYG,FIDELITY UCITS II ICAV
FHYP,FIDELITY UCITS II ICAV
FSED,FIDELITY UCITS II ICAV
FSEM,FIDELITY UCITS II ICAV
FSMF,FIDELITY UCITS II ICAV
FSMG,FIDELITY UCITS II ICAV
FSMP,FIDELITY UCITS II ICAV
FSMU,FIDELITY UCITS II ICAV
FIH,FIH GROUP PLC
BANK,FIINU PLC
FTC,FILTRONIC PLC
FINS,FINANCIALS ACQUISITION CORP
FXRU,FINEX FUNDS ICAV
FCAP,FINNCAP GROUP PLC
FIF,FINSBURY FOOD GROUP PLC
FGT,FINSBURY GROWTH & INCOME TRUST PLC
FINA,FINTECH ASIA LIMITED
FNTL,FINTEL PLC
FA.,FIREANGEL SAFETY TECHNOLOGY GROUP PLC
FRG,FIRERING STRATEGIC MINERALS PLC
FCM,FIRST CLASS METALS PLC
FGP,FIRSTGROUP PLC
FPO,FIRST PROPERTY GROUP PLC
1SN,FIRST TIN PLC
BLOK,FIRST TRUST GLOBAL FUNDS PUBLIC LIMITED COMPANY
CAPS,FIRST TRUST GLOBAL FUNDS PUBLIC LIMITED COMPANY
CESG,FIRST TRUST GLOBAL FUNDS PUBLIC LIMITED COMPANY
CIBR,FIRST TRUST GLOBAL FUNDS PUBLIC LIMITED COMPANY
DTRE,FIRST TRUST GLOBAL FUNDS PUBLIC LIMITED COMPANY
FBT,FIRST TRUST GLOBAL FUNDS PUBLIC LIMITED COMPANY
FBTU,FIRST TRUST GLOBAL FUNDS PUBLIC LIMITED COMPANY
FCBR,FIRST TRUST GLOBAL FUNDS PUBLIC LIMITED COMPANY
FCSG,FIRST TRUST GLOBAL FUNDS PUBLIC LIMITED COMPANY
FDIU,FIRST TRUST GLOBAL FUNDS PUBLIC LIMITED COMPANY
FDN,FIRST TRUST GLOBAL FUNDS PUBLIC LIMITED COMPANY
FDNI,FIRST TRUST GLOBAL FUNDS PUBLIC LIMITED COMPANY
FDNU,FIRST TRUST GLOBAL FUNDS PUBLIC LIMITED COMPANY
FEM,FIRST TRUST GLOBAL FUNDS PUBLIC LIMITED COMPANY
FEMU,FIRST TRUST GLOBAL FUNDS PUBLIC LIMITED COMPANY
FEUD,FIRST TRUST GLOBAL FUNDS PUBLIC LIMITED COMPANY
FEUZ,FIRST TRUST GLOBAL FUNDS PUBLIC LIMITED COMPANY
FEX,FIRST TRUST GLOBAL FUNDS PUBLIC LIMITED COMPANY
FEXD,FIRST TRUST GLOBAL FUNDS PUBLIC LIMITED COMPANY
FEXU,FIRST TRUST GLOBAL FUNDS PUBLIC LIMITED COMPANY
FGBL,FIRST TRUST GLOBAL FUNDS PUBLIC LIMITED COMPANY
FGOV,FIRST TRUST GLOBAL FUNDS PUBLIC LIMITED COMPANY
FGRD,FIRST TRUST GLOBAL FUNDS PUBLIC LIMITED COMPANY
FKU,FIRST TRUST GLOBAL FUNDS PUBLIC LIMITED COMPANY
FKUD,FIRST TRUST GLOBAL FUNDS PUBLIC LIMITED COMPANY
FPX,FIRST TRUST GLOBAL FUNDS PUBLIC LIMITED COMPANY
FPXE,FIRST TRUST GLOBAL FUNDS PUBLIC LIMITED COMPANY
FSKY,FIRST TRUST GLOBAL FUNDS PUBLIC LIMITED COMPANY
FTCS,FIRST TRUST GLOBAL FUNDS PUBLIC LIMITED COMPANY
FTEU,FIRST TRUST GLOBAL FUNDS PUBLIC LIMITED COMPANY
FTFX,FIRST TRUST GLOBAL FUNDS PUBLIC LIMITED COMPANY
FVD,FIRST TRUST GLOBAL FUNDS PUBLIC LIMITED COMPANY
FXGB,FIRST TRUST GLOBAL FUNDS PUBLIC LIMITED COMPANY
GINC,FIRST TRUST GLOBAL FUNDS PUBLIC LIMITED COMPANY
GRDU,FIRST TRUST GLOBAL FUNDS PUBLIC LIMITED COMPANY
IPXE,FIRST TRUST GLOBAL FUNDS PUBLIC LIMITED COMPANY
LEGR,FIRST TRUST GLOBAL FUNDS PUBLIC LIMITED COMPANY
NXTG,FIRST TRUST GLOBAL FUNDS PUBLIC LIMITED COMPANY
NXTU,FIRST TRUST GLOBAL FUNDS PUBLIC LIMITED COMPANY
QCLN,FIRST TRUST GLOBAL FUNDS PUBLIC LIMITED COMPANY
QCLU,FIRST TRUST GLOBAL FUNDS PUBLIC LIMITED COMPANY
SKYU,FIRST TRUST GLOBAL FUNDS PUBLIC LIMITED COMPANY
TRE,FIRST TRUST GLOBAL FUNDS PUBLIC LIMITED COMPANY
UINC,FIRST TRUST GLOBAL FUNDS PUBLIC LIMITED COMPANY
UIND,FIRST TRUST GLOBAL FUNDS PUBLIC LIMITED COMPANY
UNCU,FIRST TRUST GLOBAL FUNDS PUBLIC LIMITED COMPANY
FSJ,FISHER (JAMES) & SONS PLC
72GU,FISHGUARD & ROSSLARE RAILWAYS & HARBOURS COMPANY
FKE,FISKE PLC
81CM,FIX PRICE GROUP PLC
FIXP,FIX PRICE GROUP PLC
FLK,FLETCHER KING PLC
DFDU,FLEXSHARES ICAV
FLPE,FLEXSHARES ICAV
QDFD,FLEXSHARES ICAV
QVFD,FLEXSHARES ICAV
FLO,FLOWTECH FLUIDPOWER PLC
FLTR,FLUTTER ENTERTAINMENT PLC
TUNE,FOCUSRITE PLC
FP.,FONDUL PROPRIETATEA S.A.
FNX,FONIX MOBILE PLC
FTF,FORESIGHT ENTERPRISE VCT PLC
FSG,FORESIGHT GROUP HOLDINGS LIMITED
FSFL,FORESIGHT SOLAR FUND LIMITED
FTSV,FORESIGHT SOLAR & TECHNOLOGY VCT PLC
FWT,FORESIGHT SOLAR & TECHNOLOGY VCT PLC
FSF,FORESIGHT SUSTAINABLE FORESTRY COMPANY PLC
FTV,FORESIGHT VCT PLC
FORT,FORTERRA PLC
FWD,FORWARD PARTNERS GROUP PLC
FOX,FOX MARBLE HOLDINGS PLC
FOXT,FOXTONS GROUP PLC
FPP,FRAGRANT PROSPERITY HOLDINGS LIMITED
FRAN,FRANCHISE BRANDS PLC
500P,FRANKLIN LIBERTYSHARES ICAV
CHPA,FRANKLIN LIBERTYSHARES ICAV
CPRI,FRANKLIN LIBERTYSHARES ICAV
EMCV,FRANKLIN LIBERTYSHARES ICAV
EUPA,FRANKLIN LIBERTYSHARES ICAV
FLEQ,FRANKLIN LIBERTYSHARES ICAV
FLES,FRANKLIN LIBERTYSHARES ICAV
FLQA,FRANKLIN LIBERTYSHARES ICAV
FLRG,FRANKLIN LIBERTYSHARES ICAV
FLRK,FRANKLIN LIBERTYSHARES ICAV
FLUC,FRANKLIN LIBERTYSHARES ICAV
FLXB,FRANKLIN LIBERTYSHARES ICAV
FLXC,FRANKLIN LIBERTYSHARES ICAV
FLXD,FRANKLIN LIBERTYSHARES ICAV
FLXE,FRANKLIN LIBERTYSHARES ICAV
FLXG,FRANKLIN LIBERTYSHARES ICAV
FLXI,FRANKLIN LIBERTYSHARES ICAV
FLXK,FRANKLIN LIBERTYSHARES ICAV
FLXT,FRANKLIN LIBERTYSHARES ICAV
FLXU,FRANKLIN LIBERTYSHARES ICAV
FLXX,FRANKLIN LIBERTYSHARES ICAV
FRCH,FRANKLIN LIBERTYSHARES ICAV
FREM,FRANKLIN LIBERTYSHARES ICAV
FREQ,FRANKLIN LIBERTYSHARES ICAV
FRGD,FRANKLIN LIBERTYSHARES ICAV
FRGE,FRANKLIN LIBERTYSHARES ICAV
FRIN,FRANKLIN LIBERTYSHARES ICAV
FRQX,FRANKLIN LIBERTYSHARES ICAV
FRUC,FRANKLIN LIBERTYSHARES ICAV
FRUE,FRANKLIN LIBERTYSHARES ICAV
FRXD,FRANKLIN LIBERTYSHARES ICAV
FRXE,FRANKLIN LIBERTYSHARES ICAV
FRXT,FRANKLIN LIBERTYSHARES ICAV
FVUB,FRANKLIN LIBERTYSHARES ICAV
FVUG,FRANKLIN LIBERTYSHARES ICAV
METE,FRANKLIN LIBERTYSHARES ICAV
METU,FRANKLIN LIBERTYSHARES ICAV
PABC,FRANKLIN LIBERTYSHARES ICAV
PARI,FRANKLIN LIBERTYSHARES ICAV
USPA,FRANKLIN LIBERTYSHARES ICAV
FRAS,FRASERS GROUP PLC
FEN,FRENKEL TOPPING GROUP PLC
FRES,FRESNILLO PLC
FDEV,FRONTIER DEVELOPMENTS PLC
FIPP,FRONTIER IP GROUP PLC
FRP,FRP ADVISORY GROUP PLC
FCRM,FULCRUM UTILITY SERVICES LD
53GW,"FULLER, SMITH & TURNER PLC"
54GW,"FULLER, SMITH & TURNER PLC"
FSTA,"FULLER, SMITH & TURNER PLC"
FCH,FUNDING CIRCLE HOLDINGS PLC
EHEF,FUNDLOGIC ALTERNATIVES PLC
EMHF,FUNDLOGIC ALTERNATIVES PLC
JHEF,FUNDLOGIC ALTERNATIVES PLC
PHEF,FUNDLOGIC ALTERNATIVES PLC
USHF,FUNDLOGIC ALTERNATIVES PLC
USUF,FUNDLOGIC ALTERNATIVES PLC
FAB,FUSION ANTIBODIES PLC
FUM,FUTURA MEDICAL PLC
FME,FUTURE METALS NL
FUTR,FUTURE PLC
G3E,G3 EXPLORATION LIMITED
GMP,GABELLI MERGER PLUS+ TRUST PLC
GMPP,GABELLI MERGER PLUS+ TRUST PLC
GAIA,GAIL (INDIA) LD
GAID,GAIL (INDIA) LD
GAL,GALANTAS GOLD CORPORATION
GLR,GALILEO RESOURCES PLC
GFRD,GALLIFORD TRY HOLDINGS PLC
GMAA,GAMA AVIATION PLC
GAW,GAMES WORKSHOP GROUP PLC
GMR,GAMING REALMS PLC
GAMA,GAMMA COMMUNICATIONS PLC
GTLY,GATELEY (HOLDINGS) PLC
GATC,GATTACA PLC
GBG,GB GROUP PLC
GCM,GCM RESOURCES PLC
GABI,GCP ASSET BACKED INCOME FUND LIMITED
GCP,GCP INFRASTRUCTURE INVESTMENTS LIMITED
G4M,GEAR4MUSIC (HOLDINGS) PLC
GCL,GEIGER COUNTER LIMITED
GELN,GELION PLC
GEMD,GEM DIAMONDS LIMITED
GEM,GEMFIELDS GROUP LIMITED
GDR,GENEDRIVE PLC
GENL,GENEL ENERGY PLC
GACA,GENERAL ACCIDENT PLC
GACB,GENERAL ACCIDENT PLC
GEC,GENERAL ELECTRIC COMPANY
GENF,GENFLOW BIOSCIENCES PLC
GENI,GENINCODE PLC
GSP,GENSOURCE POTASH CORPORATION
GEN,GENUIT GROUP PLC
GNS,GENUS PLC
CGEO,GEORGIA CAPITAL PLC
GETB,GETBUSY PLC
GTC,GETECH GROUP PLC
GFIN,GFINITY PLC
GLB,GLANBIA PLC
GLAN,GLANTUS HOLDINGS PLC
GLEN,GLENCORE PLC
GLV,GLENVEAGH PROPERTIES PLC
DATA,GLOBALDATA PLC
GINV,GLOBAL INVACOM GROUP LIMITED
GOT,GLOBAL OPPORTUNITIES TRUST PLC
GBP,GLOBAL PETROLEUM LIMITED
GPH,GLOBAL PORTS HOLDING PLC
80GM,GLOBAL PORTS INVESTMENTS PLC
GLPR,GLOBAL PORTS INVESTMENTS PLC
38KH,GLOBALTRANS INVESTMENT PLC
GLTR,GLOBALTRANS INVESTMENT PLC
GWI,GLOBALWORTH REAL ESTATE INVESTMENTS LIMITED
AQWA,GLOBAL X ETFS ICAV
AQWG,GLOBAL X ETFS ICAV
BKCG,GLOBAL X ETFS ICAV
BKCH,GLOBAL X ETFS ICAV
BOTG,GLOBAL X ETFS ICAV
BOTZ,GLOBAL X ETFS ICAV
BUG,GLOBAL X ETFS ICAV
BUGG,GLOBAL X ETFS ICAV
CLO,GLOBAL X ETFS ICAV
CLO6,GLOBAL X ETFS ICAV
COPG,GLOBAL X ETFS ICAV
COPX,GLOBAL X ETFS ICAV
CTEG,GLOBAL X ETFS ICAV
CTEK,GLOBAL X ETFS ICAV
DMAD,GLOBAL X ETFS ICAV
DMAG,GLOBAL X ETFS ICAV
DMAT,GLOBAL X ETFS ICAV
DRVE,GLOBAL X ETFS ICAV
DRVG,GLOBAL X ETFS ICAV
EBIG,GLOBAL X ETFS ICAV
EBIZ,GLOBAL X ETFS ICAV
EDOC,GLOBAL X ETFS ICAV
EDOG,GLOBAL X ETFS ICAV
FING,GLOBAL X ETFS ICAV
FINX,GLOBAL X ETFS ICAV
GNOG,GLOBAL X ETFS ICAV
GNOM,GLOBAL X ETFS ICAV
HERG,GLOBAL X ETFS ICAV
HERU,GLOBAL X ETFS ICAV
HYGG,GLOBAL X ETFS ICAV
HYGN,GLOBAL X ETFS ICAV
KROG,GLOBAL X ETFS ICAV
KROP,GLOBAL X ETFS ICAV
LITG,GLOBAL X ETFS ICAV
LITU,GLOBAL X ETFS ICAV
PAVE,GLOBAL X ETFS ICAV
PAVG,GLOBAL X ETFS ICAV
QYLD,GLOBAL X ETFS ICAV
QYLP,GLOBAL X ETFS ICAV
QYLU,GLOBAL X ETFS ICAV
RAYG,GLOBAL X ETFS ICAV
RAYZ,GLOBAL X ETFS ICAV
RNRG,GLOBAL X ETFS ICAV
RNRU,GLOBAL X ETFS ICAV
SDIP,GLOBAL X ETFS ICAV
SDIU,GLOBAL X ETFS ICAV
SDIV,GLOBAL X ETFS ICAV
SILG,GLOBAL X ETFS ICAV
SILV,GLOBAL X ETFS ICAV
SNSG,GLOBAL X ETFS ICAV
SNSR,GLOBAL X ETFS ICAV
URND,GLOBAL X ETFS ICAV
URNG,GLOBAL X ETFS ICAV
URNU,GLOBAL X ETFS ICAV
VPN,GLOBAL X ETFS ICAV
VPNG,GLOBAL X ETFS ICAV
WNDG,GLOBAL X ETFS ICAV
WNDY,GLOBAL X ETFS ICAV
GPM,GOLDEN PROSPECT PRECIOUS METALS LIMITED
GCG,GOLDEN ROCK GLOBAL PLC
CBGB,GOLDMAN SACHS ETF ICAV
CBND,GOLDMAN SACHS ETF ICAV
GBPG,GOLDMAN SACHS ETF ICAV
GSEM,GOLDMAN SACHS ETF ICAV
GSLC,GOLDMAN SACHS ETF ICAV
WRLD,GOLDMAN SACHS ETF ICAV
GDP,GOLDPLAT PLC
GRL,GOLDSTONE RESOURCES LIMITED
GHH,GOOCH & HOUSEGO PLC
GOOD,GOOD ENERGY GROUP PLC
GDWN,GOODWIN PLC
GSF,GORE STREET ENERGY STORAGE FUND PLC
GRA,GRAFENIA PLC
GFTU,GRAFTON GROUP PLC
GPL,GRAFT POLYMER (UK) PLC
GRI,GRAINGER PLC
GFHG,GRAND FORTUNE HIGH GRADE LIMITED
GVMH,GRAND VISION MEDIA HOLDINGS PLC
GTE,GRAN TIERRA ENERGY INC.
GRC,GRC INTERNATIONAL GROUP PLC
GEEC,GREAT EASTERN ENERGY CORPORATION LIMITED
GGP,GREATLAND GOLD PLC
GPE,GREAT PORTLAND ESTATES PLC
GSCU,GREAT SOUTHERN COPPER PLC
GWMO,GREAT WESTERN MINING CORPORATION PLC
GRP,GREENCOAT RENEWABLES PLC
UKW,GREENCOAT UK WIND PLC
GNC,GREENCORE GROUP PLC
GROC,GREENROC MINING PLC
GRX,GREENX METALS LIMITED
GRG,GREGGS PLC
GRID,GRESHAM HOUSE ENERGY STORAGE FUND PLC
GHE,GRESHAM HOUSE PLC
GV1A,GRESHAM HOUSE RENEWABLE ENERGY VCT 1 PLC
GV1O,GRESHAM HOUSE RENEWABLE ENERGY VCT 1 PLC
GV2A,GRESHAM HOUSE RENEWABLE ENERGY VCT 2 PLC 
GV2O,GRESHAM HOUSE RENEWABLE ENERGY VCT 2 PLC 
GHT,GRESHAM TECHNOLOGIES PLC
GFM,GRIFFIN MINING LIMITED
GRIT,GRIT INVESTMENT TRUST PLC
GR1T,GRIT REAL ESTATE INCOME GROUP LIMITED
GRIO,GROUND RENTS INCOME FUND PLC
42KU,GRUPO CLARIN S.A.
GCLA,GRUPO CLARIN S.A.
GSC,GS CHAIN PLC
GSK,GSK PLC
GST,GSTECHNOLOGIES LTD
81GL,GUARANTY TRUST HOLDING COMPANY PLC
GTCO,GUARANTY TRUST HOLDING COMPANY PLC
GILD,GUILD ESPORTS PLC
GIF,GULF INVESTMENT FUND PLC
GKP,GULF KEYSTONE PETROLEUM LTD
GMS,GULF MARINE SERVICES PLC
GUN,GUNSYND PLC
GUS,GUSBOURNE PLC
HLN,HALEON PLC
HFD,HALFORDS GROUP PLC
HLMA,HALMA PLC
HAMA,HAMAK GOLD LIMITED
HPA1,HAMBRO PERKS ACQUISITION COMPANY LIMITED
HMSO,HAMMERSON PLC
86PB,HANATOUR SERVICE INC.
TOUR,HANATOUR SERVICE INC.
AMAL,HANETF ICAV
AMAP,HANETF ICAV
CBDP,HANETF ICAV
CBDX,HANETF ICAV
CLMA,HANETF ICAV
CLMP,HANETF ICAV
DGEN,HANETF ICAV
DGEP,HANETF ICAV
DIGI,HANETF ICAV
ELEC,HANETF ICAV
ELEP,HANETF ICAV
EMQP,HANETF ICAV
EMQQ,HANETF ICAV
ESGO,HANETF ICAV
ESGP,HANETF ICAV
FMQP,HANETF ICAV
FMQQ,HANETF ICAV
GFOF,HANETF ICAV
GFOP,HANETF ICAV
IBUY,HANETF ICAV
ITEK,HANETF ICAV
ITEP,HANETF ICAV
JETP,HANETF ICAV
JETS,HANETF ICAV
KOIN,HANETF ICAV
KOIP,HANETF ICAV
METP,HANETF ICAV
METR,HANETF ICAV
MEXP,HANETF ICAV
MEXS,HANETF ICAV
MMLP,HANETF ICAV
PBUY,HANETF ICAV
PIGI,HANETF ICAV
PMLP,HANETF ICAV
SESG,HANETF ICAV
SESP,HANETF ICAV
SKYP,HANETF ICAV
SKYY,HANETF ICAV
SOFP,HANETF ICAV
SOFT,HANETF ICAV
TANN,HANETF ICAV
TANP,HANETF ICAV
TRIP,HANETF ICAV
TRYP,HANETF ICAV
UFOP,HANETF ICAV
URNM,HANETF ICAV
URNP,HANETF ICAV
WELL,HANETF ICAV
WELP,HANETF ICAV
YODA,HANETF ICAV
ZERO,HANETF ICAV
ZERP,HANETF ICAV
HAN,HANSA INVESTMENT COMPANY LIMITED
HANA,HANSA INVESTMENT COMPANY LIMITED
HSD,HANSARD GLOBAL PLC
HBR,HARBOUR ENERGY PLC
HVPD,HARBOURVEST GLOBAL PRIVATE EQUITY LIMITED
HVPE,HARBOURVEST GLOBAL PRIVATE EQUITY LIMITED
HDD,HARDIDE PLC
HHV,HARGREAVE HALE AIM VCT PLC
HL.,HARGREAVES LANSDOWN PLC
HSP,HARGREAVES SERVICES PLC
HARL,HARLAND & WOLFF GROUP HOLDINGS PLC
HEIC,HARMONY ENERGY INCOME TRUST PLC
HEIT,HARMONY ENERGY INCOME TRUST PLC
HMI,HARVEST MINERALS LIMITED
HWG,HARWORTH GROUP PLC
HNG,HAWKWING PLC
HAYD,HAYDALE GRAPHENE INDUSTRIES PLC
HAS,HAYS PLC
HEAD,HEADLAM GROUP PLC
HSM,HEATH (SAMUEL) & SONS PLC
HVT,HEAVITREE BREWERY PLC
HVTA,HEAVITREE BREWERY PLC
HVTB,HEAVITREE BREWERY PLC
HEIQ,HEIQ PLC
HLCL,HELICAL PLC
HTWS,HELIOS TOWERS PLC
HUW,HELIOS UNDERWRITING PLC
HE1,HELIUM ONE GLOBAL LTD
OTES,HELLENIC TELECOMMUNICATIONS ORGANIZATION S.A.
98LQ,HELLENIQ ENERGY HOLDINGS SOCIETE ANONYME
HLPD,HELLENIQ ENERGY HOLDINGS SOCIETE ANONYME
HEMO,HEMOGENYX PHARMACEUTICALS PLC
HDIV,HENDERSON DIVERSIFIED INCOME TRUST PLC
HEFT,HENDERSON EUROPEAN FOCUS TRUST PLC
HNE,HENDERSON EUROTRUST PLC
HFEL,HENDERSON FAR EAST INCOME LIMITED
HHI,HENDERSON HIGH INCOME TRUST PLC
HINT,HENDERSON INTERNATIONAL INCOME TRUST PLC
HOT,HENDERSON OPPORTUNITIES TRUST PLC
44IO,HENDERSON SMALLER COMPANIES INVESTMENT TRUST PLC
HSL,HENDERSON SMALLER COMPANIES INVESTMENT TRUST PLC
HRI,HERALD INVESTMENT TRUST PLC
HERC,HERCULES SITE SERVICES PLC
HPAC,HERMES PACIFIC INVESTMENTS PLC
HGT,HG CAPITAL TRUST PLC
HICL,HICL INFRASTRUCTURE PLC
HID,HIDONG ESTATE PLC
HTCF,HIGHBRIDGE TACTICAL CREDIT FUND LIMITED
HCFT,HIGHCROFT INVESTMENTS PLC
HWC,HIGHWAY CAPITAL PLC
HIK,HIKMA PHARMACEUTICALS PLC
HILS,HILL & SMITH PLC
HFG,HILTON FOOD GROUP PLC
SOND,HIPGNOSIS SONGS FUND LIMITED
SONG,HIPGNOSIS SONGS FUND LIMITED
HMA1,HIRO METAVERSE ACQUISITIONS I S.A.
HSX,HISCOX LTD
46GM,HMS HYDRAULIC  MACHINES & SYSTEMS GROUP PLC
HMSG,HMS HYDRAULIC  MACHINES & SYSTEMS GROUP PLC
HOC,HOCHSCHILD MINING PLC
HDT,HOLDERS TECHNOLOGY PLC
BOWL,HOLLYWOOD BOWL GROUP PLC
HOME,HOME REIT PLC
HSV,HOMESERVE PLC
HKLB,HONG KONG LAND HOLDINGS LD
HKLD,HONG KONG LAND HOLDINGS LD
HKLJ,HONG KONG LAND HOLDINGS LD
HHPD,HON HAI PRECISION INDUSTRY CO. LTD
HHPG,HON HAI PRECISION INDUSTRY CO. LTD
HOYE,HONYE FINANCIAL SERVICES LIMITED
HZM,HORIZONTE MINERALS PLC
HRN,HORNBY PLC
HSW,HOSTELWORLD GROUP PLC
MORE,HOSTMORE PLC
HOTC,HOTEL CHOCOLAT GROUP PLC
HWDN,HOWDEN JOINERY GROUP PLC
H50A,HSBC ETFS PLC
H50E,HSBC ETFS PLC
HAGG,HSBC ETFS PLC
HAGS,HSBC ETFS PLC
HBDS,HSBC ETFS PLC
HBDV,HSBC ETFS PLC
HBRL,HSBC ETFS PLC
HCAA,HSBC ETFS PLC
HCAD,HSBC ETFS PLC
HCAN,HSBC ETFS PLC
HCAS,HSBC ETFS PLC
HCHA,HSBC ETFS PLC
HCHS,HSBC ETFS PLC
HEMA,HSBC ETFS PLC
HEMC,HSBC ETFS PLC
HESC,HSBC ETFS PLC
HESS,HSBC ETFS PLC
HEUC,HSBC ETFS PLC
HFEJ,HSBC ETFS PLC
HFEX,HSBC ETFS PLC
HIDD,HSBC ETFS PLC
HIDR,HSBC ETFS PLC
HIUA,HSBC ETFS PLC
HIUS,HSBC ETFS PLC
HKOD,HSBC ETFS PLC
HKOR,HSBC ETFS PLC
HMAD,HSBC ETFS PLC
HMAF,HSBC ETFS PLC
HMBR,HSBC ETFS PLC
HMCA,HSBC ETFS PLC
HMCD,HSBC ETFS PLC
HMCH,HSBC ETFS PLC
HMCT,HSBC ETFS PLC
HMCX,HSBC ETFS PLC
HMEA,HSBC ETFS PLC
HMED,HSBC ETFS PLC
HMEF,HSBC ETFS PLC
HMEM,HSBC ETFS PLC
HMES,HSBC ETFS PLC
HMEU,HSBC ETFS PLC
HMEX,HSBC ETFS PLC
HMJA,HSBC ETFS PLC
HMJD,HSBC ETFS PLC
HMJP,HSBC ETFS PLC
HMJS,HSBC ETFS PLC
HMLA,HSBC ETFS PLC
HMLD,HSBC ETFS PLC
HMUD,HSBC ETFS PLC
HMUS,HSBC ETFS PLC
HMWA,HSBC ETFS PLC
HMWD,HSBC ETFS PLC
HMWO,HSBC ETFS PLC
HMWS,HSBC ETFS PLC
HMXA,HSBC ETFS PLC
HMXD,HSBC ETFS PLC
HMXJ,HSBC ETFS PLC
HMXS,HSBC ETFS PLC
HMYD,HSBC ETFS PLC
HMYR,HSBC ETFS PLC
HNSC,HSBC ETFS PLC
HNSS,HSBC ETFS PLC
HPAE,HSBC ETFS PLC
HPAJ,HSBC ETFS PLC
HPAO,HSBC ETFS PLC
HPAS,HSBC ETFS PLC
HPAU,HSBC ETFS PLC
HPAW,HSBC ETFS PLC
HPAX,HSBC ETFS PLC
HPEF,HSBC ETFS PLC
HPEM,HSBC ETFS PLC
HPJP,HSBC ETFS PLC
HPJS,HSBC ETFS PLC
HPRA,HSBC ETFS PLC
HPRD,HSBC ETFS PLC
HPRO,HSBC ETFS PLC
HPRS,HSBC ETFS PLC
HPUD,HSBC ETFS PLC
HPUS,HSBC ETFS PLC
HRUB,HSBC ETFS PLC
HRUD,HSBC ETFS PLC
HSAS,HSBC ETFS PLC
HSAX,HSBC ETFS PLC
HSDD,HSBC ETFS PLC
HSDS,HSBC ETFS PLC
HSDU,HSBC ETFS PLC
HSED,HSBC ETFS PLC
HSEF,HSBC ETFS PLC
HSEM,HSBC ETFS PLC
HSEP,HSBC ETFS PLC
HSES,HSBC ETFS PLC
HSEU,HSBC ETFS PLC
HSJA,HSBC ETFS PLC
HSJD,HSBC ETFS PLC
HSJP,HSBC ETFS PLC
HSJS,HSBC ETFS PLC
HSMD,HSBC ETFS PLC
HSMS,HSBC ETFS PLC
HSPA,HSBC ETFS PLC
HSPD,HSBC ETFS PLC
HSPS,HSBC ETFS PLC
HSPX,HSBC ETFS PLC
HSSU,HSBC ETFS PLC
HSTC,HSBC ETFS PLC
HSTE,HSBC ETFS PLC
HSUD,HSBC ETFS PLC
HSUK,HSBC ETFS PLC
HSUS,HSBC ETFS PLC
HSWD,HSBC ETFS PLC
HSWO,HSBC ETFS PLC
HSXD,HSBC ETFS PLC
HSXE,HSBC ETFS PLC
HSXJ,HSBC ETFS PLC
HSXU,HSBC ETFS PLC
HTRD,HSBC ETFS PLC
HTRY,HSBC ETFS PLC
HTWD,HSBC ETFS PLC
HTWN,HSBC ETFS PLC
HUDC,HSBC ETFS PLC
HUKD,HSBC ETFS PLC
HUKS,HSBC ETFS PLC
HUKX,HSBC ETFS PLC
HUSC,HSBC ETFS PLC
HWDA,HSBC ETFS PLC
HWSC,HSBC ETFS PLC
HWSS,HSBC ETFS PLC
HWVL,HSBC ETFS PLC
HWVS,HSBC ETFS PLC
HWWA,HSBC ETFS PLC
HWWD,HSBC ETFS PLC
HWWS,HSBC ETFS PLC
HSBA,HSBC HOLDINGS PLC
HSS,HSS HIRE GROUP PLC
HAT,H&T GROUP PLC
HTSC,"HUATAI SECURITIES CO., LTD."
HUM,HUMMINGBIRD RESOURCES PLC
HTG,HUNTING PLC
HUR,HURRICANE ENERGY PLC
HCM,HUTCHMED (CHINA) LIMITED
HVO,HVIVO PLC
HWA,HWANGE COLLIERY COMPANY LIMITED
HGEN,HYDROGENONE CAPITAL GROWTH PLC
HYUD,HYUNDAI MOTOR COMPANY
HYUO,HYUNDAI MOTOR COMPANY
HYUP,HYUNDAI MOTOR COMPANY
HYVE,HYVE GROUP PLC
I3E,I3 ENERGY PLC
IBST,IBSTOCK PLC
CHIC,ICBC CREDIT SUISSE UCITS ETF SICAV
CHIN,ICBC CREDIT SUISSE UCITS ETF SICAV
CHIP,ICBC CREDIT SUISSE UCITS ETF SICAV
ICGT,ICG ENTERPRISE TRUST PLC
LBOW,ICG-LONGBOW SENIOR SECURED UK PROPERTY DEBT INVESTMENTS LIMITED
ICON,ICONIC LABS PLC
IDOX,IDOX PLC
IBPO,IENERGIZER LIMITED
IGAS,IGAS ENERGY PLC
IGR,IG DESIGN GROUP PLC
IGG,IG GROUP HOLDINGS PLC
IKIV,IKIGAI VENTURES LIMITED
IKA,ILIKA PLC
IGE,IMAGE SCAN HOLDINGS PLC
IMC,IMC EXPLORATION GROUP PLC
IMI,IMI PLC
IMMO,IMMOTION GROUP PLC
IMM,IMMUPHARMA PLC
IHR,IMPACT HEALTHCARE REIT PLC
IPX,IMPAX ASSET MANAGEMENT GROUP PLC
IEM,IMPAX ENVIRONMENTAL MARKETS PLC
IPEL,IMPELLAM GROUP PLC
IMB,IMPERIAL BRANDS PLC
INCE,INCE GROUP PLC (THE)
INCH,INCHCAPE PLC
IGV,INCOME & GROWTH VCT (THE) PLC
IGC,INDIA CAPITAL GROWTH FUND LIMITED
INDV,INDIVIOR PLC
INHC,INDUCTION HEALTHCARE GROUP PLC
INDI,INDUS GAS LIMITED
MLI,INDUSTRIALS REIT LIMITED
INX,I-NEXUS GLOBAL PLC
INF,INFORMA PLC
IIP,INFRASTRUCTURE INDIA PLC
ING,INGENTA PLC
INL,INLAND HOMES PLC
INLZ,INLAND ZDP PLC
INSG,INSIG AI PLC
SPEC,INSPECS GROUP PLC
IHC,INSPIRATION HEALTHCARE GROUP PLC
INSE,INSPIRED PLC
INSP,INSPIRIT ENERGY HOLDINGS PLC
INS,INSTEM PLC
IHP,INTEGRAFIN HOLDINGS PLC
IDHC,INTEGRATED DIAGNOSTICS HOLDINGS PLC
IUG,INTELLIGENT ULTRASOUND GROUP PLC
IGP,INTERCEDE GROUP PLC
IHG,INTERCONTINENTAL HOTELS GROUP PLC
ICP,INTERMEDIATE CAPITAL GROUP PLC
IBT,INTERNATIONAL BIOTECHNOLOGY TRUST PLC
IBM,INTERNATIONAL BUSINESS MACHINES CORPORATION
IAG,INTERNATIONAL CONSOLIDATED AIRLINES GROUP S.A.
IDS,INTERNATIONAL DISTRIBUTIONS SERVICES PLC
IPF,INTERNATIONAL PERSONAL FINANCE PLC
INPP,INTERNATIONAL PUBLIC PARTNERSHIPS LD
ITRK,INTERTEK GROUP PLC
ITS,IN THE STYLE GROUP PLC
IIG,INTUITIVE INVESTMENTS GROUP PLC
IAT,INVESCO ASIA TRUST PLC
BIPS,INVESCO BOND INCOME PLUS LIMITED
BUYB,INVESCO MARKETS III PLC
EMHD,INVESCO MARKETS III PLC
EQGB,INVESCO MARKETS III PLC
EQQQ,INVESCO MARKETS III PLC
EQQU,INVESCO MARKETS III PLC
EUHD,INVESCO MARKETS III PLC
FAGB,INVESCO MARKETS III PLC
FAHY,INVESCO MARKETS III PLC
HDEM,INVESCO MARKETS III PLC
HDEU,INVESCO MARKETS III PLC
HDLG,INVESCO MARKETS III PLC
HDLV,INVESCO MARKETS III PLC
HYFA,INVESCO MARKETS III PLC
HYFC,INVESCO MARKETS III PLC
PQVG,INVESCO MARKETS III PLC
PQVM,INVESCO MARKETS III PLC
PRUS,INVESCO MARKETS III PLC
PSRE,INVESCO MARKETS III PLC
PSRF,INVESCO MARKETS III PLC
PSRM,INVESCO MARKETS III PLC
PSRU,INVESCO MARKETS III PLC
PSRW,INVESCO MARKETS III PLC
SBUY,INVESCO MARKETS III PLC
AT1,INVESCO MARKETS II PLC
AT1D,INVESCO MARKETS II PLC
AT1P,INVESCO MARKETS II PLC
AT1S,INVESCO MARKETS II PLC
BCHN,INVESCO MARKETS II PLC
BCHS,INVESCO MARKETS II PLC
EHYB,INVESCO MARKETS II PLC
EQJS,INVESCO MARKETS II PLC
EQQJ,INVESCO MARKETS II PLC
ESEM,INVESCO MARKETS II PLC
ESES,INVESCO MARKETS II PLC
ESEU,INVESCO MARKETS II PLC
ESGE,INVESCO MARKETS II PLC
ESGG,INVESCO MARKETS II PLC
ESGJ,INVESCO MARKETS II PLC
ESGS,INVESCO MARKETS II PLC
ESGU,INVESCO MARKETS II PLC
ESGW,INVESCO MARKETS II PLC
ESJS,INVESCO MARKETS II PLC
ESPB,INVESCO MARKETS II PLC
ESPJ,INVESCO MARKETS II PLC
ESPS,INVESCO MARKETS II PLC
ESUD,INVESCO MARKETS II PLC
ESUS,INVESCO MARKETS II PLC
FASA,INVESCO MARKETS II PLC
FASE,INVESCO MARKETS II PLC
GCED,INVESCO MARKETS II PLC
GCEX,INVESCO MARKETS II PLC
GCLE,INVESCO MARKETS II PLC
GCLX,INVESCO MARKETS II PLC
GLT5,INVESCO MARKETS II PLC
GLTA,INVESCO MARKETS II PLC
GLTP,INVESCO MARKETS II PLC
HYDE,INVESCO MARKETS II PLC
HYDN,INVESCO MARKETS II PLC
IGBE,INVESCO MARKETS II PLC
IGCB,INVESCO MARKETS II PLC
IGDA,INVESCO MARKETS II PLC
IQSA,INVESCO MARKETS II PLC
ISUN,INVESCO MARKETS II PLC
LVLC,INVESCO MARKETS II PLC
LVLG,INVESCO MARKETS II PLC
MCHN,INVESCO MARKETS II PLC
MCHS,INVESCO MARKETS II PLC
MCHT,INVESCO MARKETS II PLC
MCTS,INVESCO MARKETS II PLC
MUNI,INVESCO MARKETS II PLC
MUNS,INVESCO MARKETS II PLC
NESG,INVESCO MARKETS II PLC
NESP,INVESCO MARKETS II PLC
PAEM,INVESCO MARKETS II PLC
PAES,INVESCO MARKETS II PLC
PAEX,INVESCO MARKETS II PLC
PAJP,INVESCO MARKETS II PLC
PAJS,INVESCO MARKETS II PLC
PAUS,INVESCO MARKETS II PLC
PAUX,INVESCO MARKETS II PLC
PAWD,INVESCO MARKETS II PLC
PAWS,INVESCO MARKETS II PLC
PEMD,INVESCO MARKETS II PLC
PRAC,INVESCO MARKETS II PLC
PRFD,INVESCO MARKETS II PLC
PRFP,INVESCO MARKETS II PLC
PUIG,INVESCO MARKETS II PLC
PUIP,INVESCO MARKETS II PLC
RAYS,INVESCO MARKETS II PLC
SPED,INVESCO MARKETS II PLC
SPEQ,INVESCO MARKETS II PLC
SPES,INVESCO MARKETS II PLC
SPEX,INVESCO MARKETS II PLC
SPLG,INVESCO MARKETS II PLC
SPLW,INVESCO MARKETS II PLC
T1AP,INVESCO MARKETS II PLC
T3GB,INVESCO MARKETS II PLC
TIGB,INVESCO MARKETS II PLC
TR3G,INVESCO MARKETS II PLC
TR7G,INVESCO MARKETS II PLC
TR7S,INVESCO MARKETS II PLC
TRE3,INVESCO MARKETS II PLC
TRE7,INVESCO MARKETS II PLC
TREI,INVESCO MARKETS II PLC
TREL,INVESCO MARKETS II PLC
TRES,INVESCO MARKETS II PLC
TREX,INVESCO MARKETS II PLC
TRGB,INVESCO MARKETS II PLC
TRIA,INVESCO MARKETS II PLC
TRIS,INVESCO MARKETS II PLC
TRLG,INVESCO MARKETS II PLC
TRLX,INVESCO MARKETS II PLC
TRSG,INVESCO MARKETS II PLC
TRXG,INVESCO MARKETS II PLC
TRXS,INVESCO MARKETS II PLC
UHYD,INVESCO MARKETS II PLC
UHYH,INVESCO MARKETS II PLC
UHYP,INVESCO MARKETS II PLC
VPAC,INVESCO MARKETS II PLC
VRPS,INVESCO MARKETS II PLC
WNDE,INVESCO MARKETS II PLC
WNDI,INVESCO MARKETS II PLC
C300,INVESCO MARKETS PLC
C500,INVESCO MARKETS PLC
CA3S,INVESCO MARKETS PLC
CM5S,INVESCO MARKETS PLC
CMOD,INVESCO MARKETS PLC
CMOP,INVESCO MARKETS PLC
EFEP,INVESCO MARKETS PLC
EFIE,INVESCO MARKETS PLC
EFIM,INVESCO MARKETS PLC
EFIS,INVESCO MARKETS PLC
EFIW,INVESCO MARKETS PLC
EQQD,INVESCO MARKETS PLC
EQQS,INVESCO MARKETS PLC
EQSG,INVESCO MARKETS PLC
FTEK,INVESCO MARKETS PLC
G500,INVESCO MARKETS PLC
LGCF,INVESCO MARKETS PLC
LGCU,INVESCO MARKETS PLC
MKUW,INVESCO MARKETS PLC
MLPD,INVESCO MARKETS PLC
MLPP,INVESCO MARKETS PLC
MLPQ,INVESCO MARKETS PLC
MLPS,INVESCO MARKETS PLC
MSAP,INVESCO MARKETS PLC
MSAU,INVESCO MARKETS PLC
MXEU,INVESCO MARKETS PLC
MXFP,INVESCO MARKETS PLC
MXFS,INVESCO MARKETS PLC
MXJP,INVESCO MARKETS PLC
MXUD,INVESCO MARKETS PLC
MXUK,INVESCO MARKETS PLC
MXUS,INVESCO MARKETS PLC
MXWO,INVESCO MARKETS PLC
MXWS,INVESCO MARKETS PLC
N400,INVESCO MARKETS PLC
N4US,INVESCO MARKETS PLC
RTYS,INVESCO MARKETS PLC
S100,INVESCO MARKETS PLC
S250,INVESCO MARKETS PLC
S400,INVESCO MARKETS PLC
S600,INVESCO MARKETS PLC
S7XP,INVESCO MARKETS PLC
SBIO,INVESCO MARKETS PLC
SMEU,INVESCO MARKETS PLC
SPEP,INVESCO MARKETS PLC
SPXD,INVESCO MARKETS PLC
SPXE,INVESCO MARKETS PLC
SPXP,INVESCO MARKETS PLC
SPXS,INVESCO MARKETS PLC
SX5S,INVESCO MARKETS PLC
USML,INVESCO MARKETS PLC
X7PP,INVESCO MARKETS PLC
X7PS,INVESCO MARKETS PLC
XLBP,INVESCO MARKETS PLC
XLBS,INVESCO MARKETS PLC
XLCP,INVESCO MARKETS PLC
XLCS,INVESCO MARKETS PLC
XLEP,INVESCO MARKETS PLC
XLES,INVESCO MARKETS PLC
XLFQ,INVESCO MARKETS PLC
XLFS,INVESCO MARKETS PLC
XLIP,INVESCO MARKETS PLC
XLIS,INVESCO MARKETS PLC
XLKQ,INVESCO MARKETS PLC
XLKS,INVESCO MARKETS PLC
XLPP,INVESCO MARKETS PLC
XLPS,INVESCO MARKETS PLC
XLUP,INVESCO MARKETS PLC
XLUS,INVESCO MARKETS PLC
XLVP,INVESCO MARKETS PLC
XLVS,INVESCO MARKETS PLC
XLYP,INVESCO MARKETS PLC
XLYS,INVESCO MARKETS PLC
XREP,INVESCO MARKETS PLC
XRES,INVESCO MARKETS PLC
IPU,INVESCO PERPETUAL UK SMALLER COMPANIES INVESTMENT TRUST PLC
IVPB,INVESCO SELECT TRUST PLC
IVPG,INVESCO SELECT TRUST PLC
IVPM,INVESCO SELECT TRUST PLC
IVPU,INVESCO SELECT TRUST PLC
46HA,INVESTEC INVESTMENT TRUST PLC
47HA,INVESTEC INVESTMENT TRUST PLC
INVP,INVESTEC PLC
INVR,INVESTEC PLC
INV,INVESTMENT COMPANY PLC
IES,INVINITY ENERGY SYSTEMS PLC
IOF,IOFINA PLC
IOG,IOG PLC
IOM,IOMART GROUP PLC
IPO,IP GROUP PLC
IQAI,IQ-AI LIMITED
IQE,IQE PLC
IQG,IQGEO GROUP PLC
ICGC,IRISH CONTINENTAL GROUP PLC
IRON,IRONVELD PLC
AEGG,ISHARES III PLC
AGBP,ISHARES III PLC
AGGG,ISHARES III PLC
AGGU,ISHARES III PLC
DDBG,ISHARES III PLC
EEXF,ISHARES III PLC
EMGA,ISHARES III PLC
EWSP,ISHARES III PLC
GILE,ISHARES III PLC
GILG,ISHARES III PLC
HYSD,ISHARES III PLC
HYUS,ISHARES III PLC
IAUS,ISHARES III PLC
IBGE,ISHARES III PLC
IBGY,ISHARES III PLC
IBGZ,ISHARES III PLC
ICBU,ISHARES III PLC
IDJP,ISHARES III PLC
IDP6,ISHARES III PLC
IE15,ISHARES III PLC
IEAA,ISHARES III PLC
IEAC,ISHARES III PLC
IEAH,ISHARES III PLC
IEBC,ISHARES III PLC
IEMA,ISHARES III PLC
IEML,ISHARES III PLC
IEMS,ISHARES III PLC
IGAA,ISHARES III PLC
IGEA,ISHARES III PLC
IGIL,ISHARES III PLC
IGLA,ISHARES III PLC
IGLH,ISHARES III PLC
IGLO,ISHARES III PLC
IGLS,ISHARES III PLC
IJPA,ISHARES III PLC
IKSA,ISHARES III PLC
IKSD,ISHARES III PLC
IPXJ,ISHARES III PLC
IRSA,ISHARES III PLC
ISJP,ISHARES III PLC
ISP6,ISHARES III PLC
ISPE,ISHARES III PLC
ISXF,ISHARES III PLC
IWDA,ISHARES III PLC
IWDG,ISHARES III PLC
MACG,ISHARES III PLC
MAGG,ISHARES III PLC
MAMG,ISHARES III PLC
SAGG,ISHARES III PLC
SAUS,ISHARES III PLC
SE15,ISHARES III PLC
SEAG,ISHARES III PLC
SEGA,ISHARES III PLC
SEMA,ISHARES III PLC
SEML,ISHARES III PLC
SGEA,ISHARES III PLC
SGIL,ISHARES III PLC
SGLO,ISHARES III PLC
SJPA,ISHARES III PLC
SMEA,ISHARES III PLC
SPXJ,ISHARES III PLC
SRSA,ISHARES III PLC
SSXF,ISHARES III PLC
SWDA,ISHARES III PLC
UKRE,ISHARES III PLC
WLDS,ISHARES III PLC
WSML,ISHARES III PLC
BRIC,ISHARES II PLC
DBRC,ISHARES II PLC
DH2O,ISHARES II PLC
DHYA,ISHARES II PLC
DHYG,ISHARES II PLC
DLTM,ISHARES II PLC
DPYA,ISHARES II PLC
DPYE,ISHARES II PLC
DPYG,ISHARES II PLC
EFRN,ISHARES II PLC
EMES,ISHARES II PLC
EMHG,ISHARES II PLC
EMSA,ISHARES II PLC
EQDS,ISHARES II PLC
EUE,ISHARES II PLC
EUN,ISHARES II PLC
FLO5,ISHARES II PLC
FLOA,ISHARES II PLC
FLOS,ISHARES II PLC
FLOT,ISHARES II PLC
HDIQ,ISHARES II PLC
IASP,ISHARES II PLC
IBGL,ISHARES II PLC
IBGM,ISHARES II PLC
IBGX,ISHARES II PLC
IBTM,ISHARES II PLC
IDAR,ISHARES II PLC
IDIN,ISHARES II PLC
IDPE,ISHARES II PLC
IDTK,ISHARES II PLC
IDTM,ISHARES II PLC
IDTP,ISHARES II PLC
IDUP,ISHARES II PLC
IDWP,ISHARES II PLC
IEMB,ISHARES II PLC
IEMI,ISHARES II PLC
IESG,ISHARES II PLC
IGLT,ISHARES II PLC
IGSG,ISHARES II PLC
IGSU,ISHARES II PLC
IGTM,ISHARES II PLC
IH2O,ISHARES II PLC
IHHG,ISHARES II PLC
IHYA,ISHARES II PLC
IHYE,ISHARES II PLC
IHYU,ISHARES II PLC
IMEU,ISHARES II PLC
IMIB,ISHARES II PLC
INFR,ISHARES II PLC
INRG,ISHARES II PLC
INXG,ISHARES II PLC
IPRV,ISHARES II PLC
ISDE,ISHARES II PLC
ISDU,ISHARES II PLC
ISDW,ISHARES II PLC
ISEU,ISHARES II PLC
ISFE,ISHARES II PLC
ISUS,ISHARES II PLC
ISWD,ISHARES II PLC
ITKY,ISHARES II PLC
ITPG,ISHARES II PLC
ITPS,ISHARES II PLC
IUAA,ISHARES II PLC
IUAE,ISHARES II PLC
IUAG,ISHARES II PLC
IUGA,ISHARES II PLC
IUKP,ISHARES II PLC
IUSP,ISHARES II PLC
IWDP,ISHARES II PLC
JPEA,ISHARES II PLC
JPEE,ISHARES II PLC
LTAM,ISHARES II PLC
QDIV,ISHARES II PLC
SEMB,ISHARES II PLC
SGSU,ISHARES II PLC
SHYU,ISHARES II PLC
SUAG,ISHARES II PLC
SUOE,ISHARES II PLC
SUOG,ISHARES II PLC
SUOP,ISHARES II PLC
SUSS,ISHARES II PLC
SUSU,ISHARES II PLC
TI5G,ISHARES II PLC
TIP5,ISHARES II PLC
TP05,ISHARES II PLC
WOOD,ISHARES II PLC
WQDS,ISHARES II PLC
WQDV,ISHARES II PLC
AGED,ISHARES IV PLC
AGES,ISHARES IV PLC
BTEC,ISHARES IV PLC
BTEE,ISHARES IV PLC
BTEK,ISHARES IV PLC
CNYA,ISHARES IV PLC
CNYB,ISHARES IV PLC
CT2B,ISHARES IV PLC
CYGB,ISHARES IV PLC
DGIT,ISHARES IV PLC
DGTL,ISHARES IV PLC
DRDR,ISHARES IV PLC
DTLA,ISHARES IV PLC
DTLE,ISHARES IV PLC
ECAR,ISHARES IV PLC
EDG2,ISHARES IV PLC
EEDG,ISHARES IV PLC
EEDM,ISHARES IV PLC
EEDS,ISHARES IV PLC
EEJD,ISHARES IV PLC
EEJG,ISHARES IV PLC
EEUD,ISHARES IV PLC
EEWD,ISHARES IV PLC
EEWG,ISHARES IV PLC
EGDM,ISHARES IV PLC
EGMW,ISHARES IV PLC
EMUD,ISHARES IV PLC
EMVL,ISHARES IV PLC
ERN1,ISHARES IV PLC
ERNA,ISHARES IV PLC
ERND,ISHARES IV PLC
ERNE,ISHARES IV PLC
ERNS,ISHARES IV PLC
ERNU,ISHARES IV PLC
EXCS,ISHARES IV PLC
FSEU,ISHARES IV PLC
FSUS,ISHARES IV PLC
FSWD,ISHARES IV PLC
GEDM,ISHARES IV PLC
GPSA,ISHARES IV PLC
HEAL,ISHARES IV PLC
IASH,ISHARES IV PLC
IBTL,ISHARES IV PLC
IDTG,ISHARES IV PLC
IDTL,ISHARES IV PLC
IEDL,ISHARES IV PLC
IEEU,ISHARES IV PLC
IEFM,ISHARES IV PLC
IEFQ,ISHARES IV PLC
IEFS,ISHARES IV PLC
IEFV,ISHARES IV PLC
IEMD,ISHARES IV PLC
IEQD,ISHARES IV PLC
IEVL,ISHARES IV PLC
IFSD,ISHARES IV PLC
IFSU,ISHARES IV PLC
IFSW,ISHARES IV PLC
IGSD,ISHARES IV PLC
IIND,ISHARES IV PLC
IMBA,ISHARES IV PLC
IMBS,ISHARES IV PLC
IMGP,ISHARES IV PLC
ISFR,ISHARES IV PLC
IUMD,ISHARES IV PLC
IUMF,ISHARES IV PLC
IUMO,ISHARES IV PLC
IUQA,ISHARES IV PLC
IUQD,ISHARES IV PLC
IUQF,ISHARES IV PLC
IUSF,ISHARES IV PLC
IUSZ,ISHARES IV PLC
IUVD,ISHARES IV PLC
IUVF,ISHARES IV PLC
IUVL,ISHARES IV PLC
IWFM,ISHARES IV PLC
IWFQ,ISHARES IV PLC
IWFS,ISHARES IV PLC
IWFV,ISHARES IV PLC
IWMO,ISHARES IV PLC
IWQU,ISHARES IV PLC
IWSZ,ISHARES IV PLC
IWVG,ISHARES IV PLC
IWVL,ISHARES IV PLC
IWVU,ISHARES IV PLC
JPSG,ISHARES IV PLC
LOCK,ISHARES IV PLC
NDIA,ISHARES IV PLC
OMXS,ISHARES IV PLC
OPEN,ISHARES IV PLC
RBOD,ISHARES IV PLC
RBOT,ISHARES IV PLC
RBTX,ISHARES IV PLC
RISE,ISHARES IV PLC
SAEM,ISHARES IV PLC
SAEU,ISHARES IV PLC
SAJP,ISHARES IV PLC
SASU,ISHARES IV PLC
SAUM,ISHARES IV PLC
SAWD,ISHARES IV PLC
SDHA,ISHARES IV PLC
SDHG,ISHARES IV PLC
SDHY,ISHARES IV PLC
SDIA,ISHARES IV PLC
SDIG,ISHARES IV PLC
SDJP,ISHARES IV PLC
SDUE,ISHARES IV PLC
SDUS,ISHARES IV PLC
SDWD,ISHARES IV PLC
SEDM,ISHARES IV PLC
SEGM,ISHARES IV PLC
SGJP,ISHARES IV PLC
SGWS,ISHARES IV PLC
SHLD,ISHARES IV PLC
SHLG,ISHARES IV PLC
SMBS,ISHARES IV PLC
SMUD,ISHARES IV PLC
SUAP,ISHARES IV PLC
SUAS,ISHARES IV PLC
SUES,ISHARES IV PLC
SUJA,ISHARES IV PLC
SUJP,ISHARES IV PLC
SUJS,ISHARES IV PLC
SUSM,ISHARES IV PLC
SUSW,ISHARES IV PLC
SUUS,ISHARES IV PLC
SUWG,ISHARES IV PLC
SUWS,ISHARES IV PLC
UESD,ISHARES IV PLC
UFSD,ISHARES IV PLC
WIAU,ISHARES IV PLC
WIGG,ISHARES IV PLC
WING,ISHARES IV PLC
WNGE,ISHARES IV PLC
CORP,ISHARES PLC
CRHG,ISHARES PLC
CRPA,ISHARES PLC
CRPS,ISHARES PLC
CRPU,ISHARES PLC
DJMC,ISHARES PLC
DJSC,ISHARES PLC
EIMI,ISHARES PLC
EIMU,ISHARES PLC
EMGU,ISHARES PLC
EMIM,ISHARES PLC
ES15,ISHARES PLC
EUXS,ISHARES PLC
FXC,ISHARES PLC
GHYG,ISHARES PLC
GOVP,ISHARES PLC
HIGH,ISHARES PLC
HLQD,ISHARES PLC
HYEA,ISHARES PLC
HYGU,ISHARES PLC
HYLA,ISHARES PLC
HYLD,ISHARES PLC
IAEX,ISHARES PLC
IAPD,ISHARES PLC
IB01,ISHARES PLC
IBCI,ISHARES PLC
IBCX,ISHARES PLC
IBGS,ISHARES PLC
IBTA,ISHARES PLC
IBTE,ISHARES PLC
IBTG,ISHARES PLC
IBTS,ISHARES PLC
IBTU,ISHARES PLC
IBZL,ISHARES PLC
IDAP,ISHARES PLC
IDBT,ISHARES PLC
IDBZ,ISHARES PLC
IDEM,ISHARES PLC
IDFF,ISHARES PLC
IDFX,ISHARES PLC
IDJG,ISHARES PLC
IDKO,ISHARES PLC
IDNA,ISHARES PLC
IDTW,ISHARES PLC
IDUS,ISHARES PLC
IDVY,ISHARES PLC
IDWR,ISHARES PLC
IEEM,ISHARES PLC
IEUX,ISHARES PLC
IFFF,ISHARES PLC
IGHY,ISHARES PLC
IHYG,ISHARES PLC
IJPD,ISHARES PLC
IJPN,ISHARES PLC
IJPU,ISHARES PLC
IKOR,ISHARES PLC
INAA,ISHARES PLC
IPRP,ISHARES PLC
IS15,ISHARES PLC
ISF,ISHARES PLC
ISFD,ISHARES PLC
ISFU,ISHARES PLC
ITWN,ISHARES PLC
IUKD,ISHARES PLC
IUSA,ISHARES PLC
IWRD,ISHARES PLC
LQDA,ISHARES PLC
LQDE,ISHARES PLC
LQDG,ISHARES PLC
LQDH,ISHARES PLC
LQDS,ISHARES PLC
LQEE,ISHARES PLC
LQGH,ISHARES PLC
MIDD,ISHARES PLC
SHYG,ISHARES PLC
SLXX,ISHARES PLC
CBE3,ISHARES VII PLC
CBU0,ISHARES VII PLC
CBU3,ISHARES VII PLC
CBU7,ISHARES VII PLC
CBUG,ISHARES VII PLC
CCAU,ISHARES VII PLC
CE01,ISHARES VII PLC
CE31,ISHARES VII PLC
CE71,ISHARES VII PLC
CEA1,ISHARES VII PLC
CEMA,ISHARES VII PLC
CES1,ISHARES VII PLC
CEU1,ISHARES VII PLC
CEUG,ISHARES VII PLC
CIND,ISHARES VII PLC
CJPU,ISHARES VII PLC
CMB1,ISHARES VII PLC
CMX1,ISHARES VII PLC
CMXC,ISHARES VII PLC
CNDX,ISHARES VII PLC
CNKY,ISHARES VII PLC
CNX1,ISHARES VII PLC
CPJ1,ISHARES VII PLC
CPXJ,ISHARES VII PLC
CS51,ISHARES VII PLC
CSCA,ISHARES VII PLC
CSJP,ISHARES VII PLC
CSKR,ISHARES VII PLC
CSP1,ISHARES VII PLC
CSPX,ISHARES VII PLC
CSUK,ISHARES VII PLC
CSUS,ISHARES VII PLC
CSX5,ISHARES VII PLC
CU1,ISHARES VII PLC
CU31,ISHARES VII PLC
CU71,ISHARES VII PLC
CUKS,ISHARES VII PLC
CUKX,ISHARES VII PLC
CUS1,ISHARES VII PLC
CUSS,ISHARES VII PLC
EMUU,ISHARES VII PLC
GSPX,ISHARES VII PLC
IEMU,ISHARES VII PLC
ISX5,ISHARES VII PLC
UKEL,ISHARES VII PLC
UPAD,ISHARES VII PLC
COMM,ISHARES VI PLC
EMBE,ISHARES VI PLC
EMID,ISHARES VI PLC
EMMV,ISHARES VI PLC
EMV,ISHARES VI PLC
ESIC,ISHARES VI PLC
ESIE,ISHARES VI PLC
ESIF,ISHARES VI PLC
ESIH,ISHARES VI PLC
ESIN,ISHARES VI PLC
ESIS,ISHARES VI PLC
ESIT,ISHARES VI PLC
EUMD,ISHARES VI PLC
EYED,ISHARES VI PLC
GAAA,ISHARES VI PLC
GHYS,ISHARES VI PLC
I500,ISHARES VI PLC
IAAA,ISHARES VI PLC
ICOM,ISHARES VI PLC
IMV,ISHARES VI PLC
IMVU,ISHARES VI PLC
MINV,ISHARES VI PLC
MVEA,ISHARES VI PLC
MVED,ISHARES VI PLC
MVEE,ISHARES VI PLC
MVEU,ISHARES VI PLC
MVEW,ISHARES VI PLC
MVOL,ISHARES VI PLC
MVUS,ISHARES VI PLC
ROLG,ISHARES VI PLC
ROLL,ISHARES VI PLC
SAAA,ISHARES VI PLC
SPMD,ISHARES VI PLC
SPMV,ISHARES VI PLC
WMVG,ISHARES VI PLC
BNKS,ISHARES V PUBLIC LIMITED COMPANY
CEMG,ISHARES V PUBLIC LIMITED COMPANY
EMCA,ISHARES V PUBLIC LIMITED COMPANY
EMCP,ISHARES V PUBLIC LIMITED COMPANY
EMCR,ISHARES V PUBLIC LIMITED COMPANY
FRGP,ISHARES V PUBLIC LIMITED COMPANY
IAUP,ISHARES V PUBLIC LIMITED COMPANY
ICDU,ISHARES V PUBLIC LIMITED COMPANY
ICSU,ISHARES V PUBLIC LIMITED COMPANY
IEDY,ISHARES V PUBLIC LIMITED COMPANY
IESU,ISHARES V PUBLIC LIMITED COMPANY
IFRB,ISHARES V PUBLIC LIMITED COMPANY
IGUS,ISHARES V PUBLIC LIMITED COMPANY
IGWD,ISHARES V PUBLIC LIMITED COMPANY
IHCU,ISHARES V PUBLIC LIMITED COMPANY
IISU,ISHARES V PUBLIC LIMITED COMPANY
IITU,ISHARES V PUBLIC LIMITED COMPANY
IJPE,ISHARES V PUBLIC LIMITED COMPANY
IJPH,ISHARES V PUBLIC LIMITED COMPANY
IMSU,ISHARES V PUBLIC LIMITED COMPANY
IOGP,ISHARES V PUBLIC LIMITED COMPANY
IPOL,ISHARES V PUBLIC LIMITED COMPANY
IRCP,ISHARES V PUBLIC LIMITED COMPANY
ISAC,ISHARES V PUBLIC LIMITED COMPANY
ISAG,ISHARES V PUBLIC LIMITED COMPANY
ITEB,ISHARES V PUBLIC LIMITED COMPANY
ITEH,ISHARES V PUBLIC LIMITED COMPANY
IUCD,ISHARES V PUBLIC LIMITED COMPANY
IUCM,ISHARES V PUBLIC LIMITED COMPANY
IUCS,ISHARES V PUBLIC LIMITED COMPANY
IUES,ISHARES V PUBLIC LIMITED COMPANY
IUFS,ISHARES V PUBLIC LIMITED COMPANY
IUHC,ISHARES V PUBLIC LIMITED COMPANY
IUIS,ISHARES V PUBLIC LIMITED COMPANY
IUIT,ISHARES V PUBLIC LIMITED COMPANY
IUMS,ISHARES V PUBLIC LIMITED COMPANY
IUSE,ISHARES V PUBLIC LIMITED COMPANY
IUSU,ISHARES V PUBLIC LIMITED COMPANY
IUUS,ISHARES V PUBLIC LIMITED COMPANY
IWDE,ISHARES V PUBLIC LIMITED COMPANY
SDEU,ISHARES V PUBLIC LIMITED COMPANY
SEDY,ISHARES V PUBLIC LIMITED COMPANY
SPAG,ISHARES V PUBLIC LIMITED COMPANY
SPEH,ISHARES V PUBLIC LIMITED COMPANY
SPGP,ISHARES V PUBLIC LIMITED COMPANY
SPOG,ISHARES V PUBLIC LIMITED COMPANY
SPOL,ISHARES V PUBLIC LIMITED COMPANY
SPPB,ISHARES V PUBLIC LIMITED COMPANY
SSAC,ISHARES V PUBLIC LIMITED COMPANY
UIFS,ISHARES V PUBLIC LIMITED COMPANY
WENS,ISHARES V PUBLIC LIMITED COMPANY
ITX,ITACONIX PLC
ITH,ITHACA ENERGY PLC
RUSB,ITI FUNDS UCITS ETF SICAV
RUSE,ITI FUNDS UCITS ETF SICAV
ITIM,ITIM GROUP PLC
ITM,ITM POWER PLC
ITV,ITV PLC
IWG,IWG PLC
IXI,IXICO PLC
IX.,I(X) NET ZERO PLC
JADE,JADE ROAD INVESTMENTS LIMITED
JSE,JADESTONE ENERGY PLC
JHD,JAMES HALSTEAD PLC
JHDA,JAMES HALSTEAD PLC
JAN,JANGADA MINES PLC
JAR,JARDINE MATHESON HOLDINGS LD
JARB,JARDINE MATHESON HOLDINGS LD
JARJ,JARDINE MATHESON HOLDINGS LD
JIM,JARVIS SECURITIES PLC
JWNG,JAYWING PLC
JD.,JD SPORTS FASHION PLC
JEL,JERSEY ELECTRICITY PLC
JOG,JERSEY OIL AND GAS PLC
JET2,JET2 PLC
JLEN,JLEN ENVIRONMENTAL ASSETS GROUP LIMITED
JLH,JOHN LEWIS OF HUNGERFORD PLC
JMAT,JOHNSON MATTHEY PLC
JSG,JOHNSON SERVICE GROUP PLC
80TE,JOINT STOCK COMPANY KASPI.KZ
KSPI,JOINT STOCK COMPANY KASPI.KZ
59OT,JOINT STOCK COMPANY NATIONAL ATOMIC COMPANY KAZATOMPROM
KAP,JOINT STOCK COMPANY NATIONAL ATOMIC COMPANY KAZATOMPROM
JOUL,JOULES GROUP PLC
JNEO,JOURNEO PLC
JPEL,JPEL PRIVATE EQUITY LIMITED
JAM,JPMORGAN AMERICAN INVESTMENT TRUST PLC
JAGI,JPMORGAN ASIA GROWTH & INCOME PLC
JCGI,JPMORGAN CHINA GROWTH & INCOME PLC
JCH,JPMORGAN CLAVERHOUSE INVESTMENT TRUST PLC
JPE,JPMORGAN ELECT PLC
JPEC,JPMORGAN ELECT PLC
JPEI,JPMORGAN ELECT PLC
JEMA,"JPMORGAN EMERGING EUROPE, MIDDLE EAST & AFRICA SECURITIES PLC"
JMG,JPMORGAN EMERGING MARKETS INVESTMENT TRUST PLC
BB3M,JPMORGAN ETFS (IRELAND) ICAV
BBCS,JPMORGAN ETFS (IRELAND) ICAV
BBDD,JPMORGAN ETFS (IRELAND) ICAV
BBDS,JPMORGAN ETFS (IRELAND) ICAV
BBEG,JPMORGAN ETFS (IRELAND) ICAV
BBGE,JPMORGAN ETFS (IRELAND) ICAV
BBIL,JPMORGAN ETFS (IRELAND) ICAV
BBLL,JPMORGAN ETFS (IRELAND) ICAV
BBM3,JPMORGAN ETFS (IRELAND) ICAV
BBRT,JPMORGAN ETFS (IRELAND) ICAV
BBSC,JPMORGAN ETFS (IRELAND) ICAV
BBSD,JPMORGAN ETFS (IRELAND) ICAV
BBSU,JPMORGAN ETFS (IRELAND) ICAV
BBTP,JPMORGAN ETFS (IRELAND) ICAV
BBTR,JPMORGAN ETFS (IRELAND) ICAV
BBUD,JPMORGAN ETFS (IRELAND) ICAV
BBUS,JPMORGAN ETFS (IRELAND) ICAV
J13E,JPMORGAN ETFS (IRELAND) ICAV
J13U,JPMORGAN ETFS (IRELAND) ICAV
J15R,JPMORGAN ETFS (IRELAND) ICAV
JCAG,JPMORGAN ETFS (IRELAND) ICAV
JCAP,JPMORGAN ETFS (IRELAND) ICAV
JCAS,JPMORGAN ETFS (IRELAND) ICAV
JCAU,JPMORGAN ETFS (IRELAND) ICAV
JCGA,JPMORGAN ETFS (IRELAND) ICAV
JCHA,JPMORGAN ETFS (IRELAND) ICAV
JCSA,JPMORGAN ETFS (IRELAND) ICAV
JCST,JPMORGAN ETFS (IRELAND) ICAV
JCTS,JPMORGAN ETFS (IRELAND) ICAV
JE13,JPMORGAN ETFS (IRELAND) ICAV
JEBP,JPMORGAN ETFS (IRELAND) ICAV
JEBU,JPMORGAN ETFS (IRELAND) ICAV
JERA,JPMORGAN ETFS (IRELAND) ICAV
JERD,JPMORGAN ETFS (IRELAND) ICAV
JERE,JPMORGAN ETFS (IRELAND) ICAV
JEST,JPMORGAN ETFS (IRELAND) ICAV
JG15,JPMORGAN ETFS (IRELAND) ICAV
JGEP,JPMORGAN ETFS (IRELAND) ICAV
JGHD,JPMORGAN ETFS (IRELAND) ICAV
JGHY,JPMORGAN ETFS (IRELAND) ICAV
JGRE,JPMORGAN ETFS (IRELAND) ICAV
JGSA,JPMORGAN ETFS (IRELAND) ICAV
JGST,JPMORGAN ETFS (IRELAND) ICAV
JGYH,JPMORGAN ETFS (IRELAND) ICAV
JHYP,JPMORGAN ETFS (IRELAND) ICAV
JHYU,JPMORGAN ETFS (IRELAND) ICAV
JIBG,JPMORGAN ETFS (IRELAND) ICAV
JIGB,JPMORGAN ETFS (IRELAND) ICAV
JMAB,JPMORGAN ETFS (IRELAND) ICAV
JMBA,JPMORGAN ETFS (IRELAND) ICAV
JMBE,JPMORGAN ETFS (IRELAND) ICAV
JMBP,JPMORGAN ETFS (IRELAND) ICAV
JMRE,JPMORGAN ETFS (IRELAND) ICAV
JPAS,JPMORGAN ETFS (IRELAND) ICAV
JPBM,JPMORGAN ETFS (IRELAND) ICAV
JPCT,JPMORGAN ETFS (IRELAND) ICAV
JPGL,JPMORGAN ETFS (IRELAND) ICAV
JPLG,JPMORGAN ETFS (IRELAND) ICAV
JPMB,JPMORGAN ETFS (IRELAND) ICAV
JPSA,JPMORGAN ETFS (IRELAND) ICAV
JPST,JPMORGAN ETFS (IRELAND) ICAV
JPTC,JPMORGAN ETFS (IRELAND) ICAV
JPTS,JPMORGAN ETFS (IRELAND) ICAV
JR15,JPMORGAN ETFS (IRELAND) ICAV
JRAE,JPMORGAN ETFS (IRELAND) ICAV
JRBE,JPMORGAN ETFS (IRELAND) ICAV
JRBU,JPMORGAN ETFS (IRELAND) ICAV
JRCD,JPMORGAN ETFS (IRELAND) ICAV
JRCE,JPMORGAN ETFS (IRELAND) ICAV
JRDC,JPMORGAN ETFS (IRELAND) ICAV
JRDE,JPMORGAN ETFS (IRELAND) ICAV
JRDG,JPMORGAN ETFS (IRELAND) ICAV
JRDM,JPMORGAN ETFS (IRELAND) ICAV
JRDZ,JPMORGAN ETFS (IRELAND) ICAV
JREA,JPMORGAN ETFS (IRELAND) ICAV
JREB,JPMORGAN ETFS (IRELAND) ICAV
JREC,JPMORGAN ETFS (IRELAND) ICAV
JRED,JPMORGAN ETFS (IRELAND) ICAV
JREE,JPMORGAN ETFS (IRELAND) ICAV
JREG,JPMORGAN ETFS (IRELAND) ICAV
JREI,JPMORGAN ETFS (IRELAND) ICAV
JREJ,JPMORGAN ETFS (IRELAND) ICAV
JREM,JPMORGAN ETFS (IRELAND) ICAV
JREU,JPMORGAN ETFS (IRELAND) ICAV
JREX,JPMORGAN ETFS (IRELAND) ICAV
JREZ,JPMORGAN ETFS (IRELAND) ICAV
JRGD,JPMORGAN ETFS (IRELAND) ICAV
JRIE,JPMORGAN ETFS (IRELAND) ICAV
JRJE,JPMORGAN ETFS (IRELAND) ICAV
JRMD,JPMORGAN ETFS (IRELAND) ICAV
JRUB,JPMORGAN ETFS (IRELAND) ICAV
JRUD,JPMORGAN ETFS (IRELAND) ICAV
JRUP,JPMORGAN ETFS (IRELAND) ICAV
JRXE,JPMORGAN ETFS (IRELAND) ICAV
JRZD,JPMORGAN ETFS (IRELAND) ICAV
JRZE,JPMORGAN ETFS (IRELAND) ICAV
JSET,JPMORGAN ETFS (IRELAND) ICAV
JU13,JPMORGAN ETFS (IRELAND) ICAV
JUKC,JPMORGAN ETFS (IRELAND) ICAV
JUKE,JPMORGAN ETFS (IRELAND) ICAV
JURE,JPMORGAN ETFS (IRELAND) ICAV
T3MP,JPMORGAN ETFS (IRELAND) ICAV
T3PM,JPMORGAN ETFS (IRELAND) ICAV
JEDT,JPMORGAN EUROPEAN DISCOVERY TRUST PLC
JEGI,JPMORGAN EUROPEAN GROWTH & INCOME PLC
JARA,JPMORGAN GLOBAL CORE REAL ASSETS LIMITED
JARE,JPMORGAN GLOBAL CORE REAL ASSETS LIMITED
JARU,JPMORGAN GLOBAL CORE REAL ASSETS LIMITED
JEMI,JPMORGAN GLOBAL EMERGING MARKETS INCOME TRUST PLC
JGGI,JPMORGAN GLOBAL GROWTH & INCOME PLC
JII,JPMORGAN INDIAN INVESTMENT TRUST PLC
JFJ,JPMORGAN JAPANESE INVESTMENT TRUST PLC
JPSS,JPMORGAN JAPAN SMALL CAP GROWTH & INCOME PLC
JSGI,JPMORGAN JAPAN SMALL CAP GROWTH & INCOME PLC
JMF,JPMORGAN MID CAPITAL INVESTMENT TRUST PLC
MATE,JPMORGAN MULTI-ASSET GROWTH & INCOME PLC
JMI,JPMORGAN UK SMALLER COMPANIES INVESTMENT TRUST PLC
JUSC,JPMORGAN US SMALLER CO. INV TST PLC
37QB,JSC HALYK BANK
HSBK,JSC HALYK BANK
JTC,JTC PLC
JLP,JUBILEE METALS GROUP PLC
JDG,JUDGES SCIENTIFIC PLC
JUP,JUPITER FUND MANAGEMENT PLC
JGC,JUPITER GREEN INVESTMENT TRUST PLC
JET,JUST EAT TAKEAWAY.COM N.V.
JUST,JUST GROUP PLC
JZCP,JZ CAPITAL PARTNERS LIMITED
KBT,K3 BUSINESS TECHNOLOGY GROUP PLC
K3C,K3 CAPITAL GROUP PLC
KNOS,KAINOS GROUP PLC
KAKU,KAKUZI LD
KNB,KANABO GROUP PLC
KAPE,KAPE TECHNOLOGIES PLC
KDR,KARELIAN DIAMOND RESOURCES PLC
KAT,KATORO GOLD PLC
KAV,KAVANGO RESOURCES PLC
KZG,KAZERA GLOBAL PLC
KCR,KCR RESIDENTIAL REIT PLC
KEFI,KEFI GOLD AND COPPER PLC
KLR,KELLER GROUP PLC
KLSO,KELSO GROUP HOLDINGS PLC
KEN,KENDRICK RESOURCES PLC
KMR,KENMARE RESOURCES PLC
KRS,KERAS RESOURCES PLC
KYGA,KERRY GROUP PLC
KEYS,KEYSTONE LAW GROUP PLC
70HF,KEYSTONE POSITIVE CHANGE INVESTMENT TRUST PLC
KPC,KEYSTONE POSITIVE CHANGE INVESTMENT TRUST PLC
KWS,KEYWORDS STUDIOS PLC
KIBO,KIBO ENERGY PLC
KIE,KIER GROUP PLC
KCT,KIN AND CARTA PLC
KGF,KINGFISHER PLC
KAY,KINGS ARMS YARD VCT PLC
KGP,KINGSPAN GROUP PLC
KWG,KINGSWOOD HOLDINGS LIMITED
KINO,KINOVO PLC
KIST,KISTOS PLC
KITW,KITWAVE GROUP PLC
KGH,KNIGHTS GROUP HOLDINGS PLC
KOD,KODAL MINERALS PLC
KNM,KONAMI GROUP CORPORATION
KOO,KOOTH PLC
KP2,KORE POTASH PLC
KOS,KOSMOS ENERGY LTD
KA50,KRANESHARES ICAV
KARP,KRANESHARES ICAV
KARS,KRANESHARES ICAV
KBND,KRANESHARES ICAV
KESG,KRANESHARES ICAV
KSTR,KRANESHARES ICAV
KURE,KRANESHARES ICAV
KWBE,KRANESHARES ICAV
KWBP,KRANESHARES ICAV
KWEB,KRANESHARES ICAV
KRM,KRM22 PLC
KMK,KROMEK GROUP PLC
KRPZ,KROPZ PLC
KSK,KSK POWER VENTUR PLC
LRE,LANCASHIRE HOLDINGS LIMITED
LND,LANDORE RESOURCES LIMITED
LAND,LAND SECURITIES GROUP PLC
LOGP,LANSDOWNE OIL & GAS PLC
LTOD,LARSEN AND TOUBRO LIMITED
LTHM,LATHAM (JAMES) PLC
LTHP,LATHAM (JAMES) PLC
LWDB,LAW DEBENTURE CORPORATION PLC
LBG,LBG MEDIA PLC
LTG,LEARNING TECHNOLOGIES GROUP PLC
LDSG,LEEDS GROUP PLC
LGEN,LEGAL & GENERAL GROUP PLC
AIAG,LEGAL & GENERAL UCITS ETF PUBLIC LIMITED COMPANY
AIAI,LEGAL & GENERAL UCITS ETF PUBLIC LIMITED COMPANY
ASPY,LEGAL & GENERAL UCITS ETF PUBLIC LIMITED COMPANY
AUCO,LEGAL & GENERAL UCITS ETF PUBLIC LIMITED COMPANY
AUCP,LEGAL & GENERAL UCITS ETF PUBLIC LIMITED COMPANY
BATG,LEGAL & GENERAL UCITS ETF PUBLIC LIMITED COMPANY
BATT,LEGAL & GENERAL UCITS ETF PUBLIC LIMITED COMPANY
BCOG,LEGAL & GENERAL UCITS ETF PUBLIC LIMITED COMPANY
BCOM,LEGAL & GENERAL UCITS ETF PUBLIC LIMITED COMPANY
BIGT,LEGAL & GENERAL UCITS ETF PUBLIC LIMITED COMPANY
BIOT,LEGAL & GENERAL UCITS ETF PUBLIC LIMITED COMPANY
CASE,LEGAL & GENERAL UCITS ETF PUBLIC LIMITED COMPANY
CASH,LEGAL & GENERAL UCITS ETF PUBLIC LIMITED COMPANY
CMFP,LEGAL & GENERAL UCITS ETF PUBLIC LIMITED COMPANY
COMF,LEGAL & GENERAL UCITS ETF PUBLIC LIMITED COMPANY
DEL2,LEGAL & GENERAL UCITS ETF PUBLIC LIMITED COMPANY
DES2,LEGAL & GENERAL UCITS ETF PUBLIC LIMITED COMPANY
DL2P,LEGAL & GENERAL UCITS ETF PUBLIC LIMITED COMPANY
DOCG,LEGAL & GENERAL UCITS ETF PUBLIC LIMITED COMPANY
DOCT,LEGAL & GENERAL UCITS ETF PUBLIC LIMITED COMPANY
DPAG,LEGAL & GENERAL UCITS ETF PUBLIC LIMITED COMPANY
DPAY,LEGAL & GENERAL UCITS ETF PUBLIC LIMITED COMPANY
DRGG,LEGAL & GENERAL UCITS ETF PUBLIC LIMITED COMPANY
DRGN,LEGAL & GENERAL UCITS ETF PUBLIC LIMITED COMPANY
DS2P,LEGAL & GENERAL UCITS ETF PUBLIC LIMITED COMPANY
ECOG,LEGAL & GENERAL UCITS ETF PUBLIC LIMITED COMPANY
ECOM,LEGAL & GENERAL UCITS ETF PUBLIC LIMITED COMPANY
EMAG,LEGAL & GENERAL UCITS ETF PUBLIC LIMITED COMPANY
EMAU,LEGAL & GENERAL UCITS ETF PUBLIC LIMITED COMPANY
EMD5,LEGAL & GENERAL UCITS ETF PUBLIC LIMITED COMPANY
EMDG,LEGAL & GENERAL UCITS ETF PUBLIC LIMITED COMPANY
EMDH,LEGAL & GENERAL UCITS ETF PUBLIC LIMITED COMPANY
EMUG,LEGAL & GENERAL UCITS ETF PUBLIC LIMITED COMPANY
EMUS,LEGAL & GENERAL UCITS ETF PUBLIC LIMITED COMPANY
ENCG,LEGAL & GENERAL UCITS ETF PUBLIC LIMITED COMPANY
ENCO,LEGAL & GENERAL UCITS ETF PUBLIC LIMITED COMPANY
ESPY,LEGAL & GENERAL UCITS ETF PUBLIC LIMITED COMPANY
GBND,LEGAL & GENERAL UCITS ETF PUBLIC LIMITED COMPANY
GBNG,LEGAL & GENERAL UCITS ETF PUBLIC LIMITED COMPANY
GBNU,LEGAL & GENERAL UCITS ETF PUBLIC LIMITED COMPANY
GBP5,LEGAL & GENERAL UCITS ETF PUBLIC LIMITED COMPANY
GBPC,LEGAL & GENERAL UCITS ETF PUBLIC LIMITED COMPANY
GLGG,LEGAL & GENERAL UCITS ETF PUBLIC LIMITED COMPANY
GLUG,LEGAL & GENERAL UCITS ETF PUBLIC LIMITED COMPANY
HTWG,LEGAL & GENERAL UCITS ETF PUBLIC LIMITED COMPANY
HTWO,LEGAL & GENERAL UCITS ETF PUBLIC LIMITED COMPANY
ISPY,LEGAL & GENERAL UCITS ETF PUBLIC LIMITED COMPANY
LAZG,LEGAL & GENERAL UCITS ETF PUBLIC LIMITED COMPANY
LAZR,LEGAL & GENERAL UCITS ETF PUBLIC LIMITED COMPANY
LDAG,LEGAL & GENERAL UCITS ETF PUBLIC LIMITED COMPANY
LDAP,LEGAL & GENERAL UCITS ETF PUBLIC LIMITED COMPANY
LDEG,LEGAL & GENERAL UCITS ETF PUBLIC LIMITED COMPANY
LDEM,LEGAL & GENERAL UCITS ETF PUBLIC LIMITED COMPANY
LDEU,LEGAL & GENERAL UCITS ETF PUBLIC LIMITED COMPANY
LDME,LEGAL & GENERAL UCITS ETF PUBLIC LIMITED COMPANY
LDUK,LEGAL & GENERAL UCITS ETF PUBLIC LIMITED COMPANY
LGAG,LEGAL & GENERAL UCITS ETF PUBLIC LIMITED COMPANY
LGAP,LEGAL & GENERAL UCITS ETF PUBLIC LIMITED COMPANY
LGEG,LEGAL & GENERAL UCITS ETF PUBLIC LIMITED COMPANY
LGEU,LEGAL & GENERAL UCITS ETF PUBLIC LIMITED COMPANY
LGGG,LEGAL & GENERAL UCITS ETF PUBLIC LIMITED COMPANY
LGGL,LEGAL & GENERAL UCITS ETF PUBLIC LIMITED COMPANY
LGJG,LEGAL & GENERAL UCITS ETF PUBLIC LIMITED COMPANY
LGJP,LEGAL & GENERAL UCITS ETF PUBLIC LIMITED COMPANY
LGUG,LEGAL & GENERAL UCITS ETF PUBLIC LIMITED COMPANY
LGUK,LEGAL & GENERAL UCITS ETF PUBLIC LIMITED COMPANY
LGUS,LEGAL & GENERAL UCITS ETF PUBLIC LIMITED COMPANY
LUK2,LEGAL & GENERAL UCITS ETF PUBLIC LIMITED COMPANY
MLPI,LEGAL & GENERAL UCITS ETF PUBLIC LIMITED COMPANY
MLPX,LEGAL & GENERAL UCITS ETF PUBLIC LIMITED COMPANY
MTVG,LEGAL & GENERAL UCITS ETF PUBLIC LIMITED COMPANY
MTVR,LEGAL & GENERAL UCITS ETF PUBLIC LIMITED COMPANY
RENG,LEGAL & GENERAL UCITS ETF PUBLIC LIMITED COMPANY
RENW,LEGAL & GENERAL UCITS ETF PUBLIC LIMITED COMPANY
RIAG,LEGAL & GENERAL UCITS ETF PUBLIC LIMITED COMPANY
RIAP,LEGAL & GENERAL UCITS ETF PUBLIC LIMITED COMPANY
RIEG,LEGAL & GENERAL UCITS ETF PUBLIC LIMITED COMPANY
RIEU,LEGAL & GENERAL UCITS ETF PUBLIC LIMITED COMPANY
RIJG,LEGAL & GENERAL UCITS ETF PUBLIC LIMITED COMPANY
RIJP,LEGAL & GENERAL UCITS ETF PUBLIC LIMITED COMPANY
RIUG,LEGAL & GENERAL UCITS ETF PUBLIC LIMITED COMPANY
RIUS,LEGAL & GENERAL UCITS ETF PUBLIC LIMITED COMPANY
ROBE,LEGAL & GENERAL UCITS ETF PUBLIC LIMITED COMPANY
ROBG,LEGAL & GENERAL UCITS ETF PUBLIC LIMITED COMPANY
ROBO,LEGAL & GENERAL UCITS ETF PUBLIC LIMITED COMPANY
RTWO,LEGAL & GENERAL UCITS ETF PUBLIC LIMITED COMPANY
RTWP,LEGAL & GENERAL UCITS ETF PUBLIC LIMITED COMPANY
SUK2,LEGAL & GENERAL UCITS ETF PUBLIC LIMITED COMPANY
THMG,LEGAL & GENERAL UCITS ETF PUBLIC LIMITED COMPANY
THMZ,LEGAL & GENERAL UCITS ETF PUBLIC LIMITED COMPANY
TIGG,LEGAL & GENERAL UCITS ETF PUBLIC LIMITED COMPANY
TIGR,LEGAL & GENERAL UCITS ETF PUBLIC LIMITED COMPANY
UKG5,LEGAL & GENERAL UCITS ETF PUBLIC LIMITED COMPANY
USDC,LEGAL & GENERAL UCITS ETF PUBLIC LIMITED COMPANY
USDG,LEGAL & GENERAL UCITS ETF PUBLIC LIMITED COMPANY
USPY,LEGAL & GENERAL UCITS ETF PUBLIC LIMITED COMPANY
LINV,LENDINVEST PLC
LNTA,LENTA INTERNATIONAL PUBLIC JOINT-STOCK COMPANY
LNTR,LENTA INTERNATIONAL PUBLIC JOINT-STOCK COMPANY
LEX,LEXINGTON GOLD LTD
39IB,LG ELECTRONICS INC
LGLD,LG ELECTRONICS INC
LIB,LIBERTINE HOLDINGS PLC
LIFS,LIFESAFE HOLDINGS PLC
LABS,LIFE SCIENCE REIT PLC
LSAA,LIFE SETTLEMENT ASSETS PLC
LST,LIGHT SCIENCE TECHNOLOGIES HOLDINGS PLC
LIKE,LIKEWISE GROUP PLC
LME,LIMITLESS EARTH PLC
LTI,LINDSELL TRAIN INVESTMENT TRUST PLC
LIO,LIONTRUST ASSET MANAGEMENT PLC
BOOK,LITERACY CAPITAL PLC
LIT,LITIGATION CAPITAL MANAGEMENT LIMITED
LVCG,LIVE COMPANY GROUP PLC
LIV,LIVERMORE INVESTMENTS GROUP LIMITED
LLOY,LLOYDS BANKING GROUP PLC
LMS,LMS CAPITAL PLC
LSAI,LOCATION SCIENCES GROUP PLC
LDG,LOGISTICS DEVELOPMENT GROUP PLC
LOK,LOK'N STORE GROUP PLC
LAS,LONDON & ASSOCIATED PROPERTIES PLC
LFI,LONDON FINANCE & INVESTMENT GROUP PLC
LMP,LONDONMETRIC PROPERTY PLC
LSC,LONDON SECURITY PLC
LSEG,LONDON STOCK EXCHANGE GROUP PLC
LBE,LONGBOAT ENERGY PLC
LOOK,LOOKERS PLC
LOOP,LOOPUP GROUP PLC
LORD,LORDS GROUP TRADING PLC
LGRS,LOUNGERS PLC
LWI,LOWLAND INVESTMENT COMPANY PLC
LPA,LPA GROUP PLC
LSL,LSL PROPERTY SERVICES PLC
LUCE,LUCECO PLC
LKCA,LUCKY CEMENT LIMITED
LKCS,LUCKY CEMENT LIMITED
LLAI,"LUNGLIFE AI, INC"
LXI,LXI REIT PLC
CRAL,LYXOR
CRAU,LYXOR
E127,LYXOR
LEMA,LYXOR
U127,LYXOR
BUOY,LYXOR INDEX FUND
CATH,LYXOR INDEX FUND
CSH2,LYXOR INDEX FUND
DIGE,LYXOR INDEX FUND
DTEC,LYXOR INDEX FUND
EBUY,LYXOR INDEX FUND
ELCR,LYXOR INDEX FUND
ELLE,LYXOR INDEX FUND
GEND,LYXOR INDEX FUND
GENY,LYXOR INDEX FUND
GHYU,LYXOR INDEX FUND
IQCT,LYXOR INDEX FUND
IQCY,LYXOR INDEX FUND
LEMB,LYXOR INDEX FUND
MEUD,LYXOR INDEX FUND
MEUS,LYXOR INDEX FUND
MFDD,LYXOR INDEX FUND
MILL,LYXOR INDEX FUND
MMS,LYXOR INDEX FUND
MOBI,LYXOR INDEX FUND
MSED,LYXOR INDEX FUND
ROAI,LYXOR INDEX FUND
SMTC,LYXOR INDEX FUND
SWIM,LYXOR INDEX FUND
UHYC,LYXOR INDEX FUND
UHYG,LYXOR INDEX FUND
UNIC,LYXOR INDEX FUND
USHY,LYXOR INDEX FUND
USIC,LYXOR INDEX FUND
USIG,LYXOR INDEX FUND
USIX,LYXOR INDEX FUND
YIEL,LYXOR INDEX FUND
CACX,LYXOR INTERNATIONAL ASSET MANAGEMENT
DJEL,LYXOR INTERNATIONAL ASSET MANAGEMENT
DJEU,LYXOR INTERNATIONAL ASSET MANAGEMENT
MACA,MAC ALPHA LIMITED
MPO,MACAU PROPERTY OPPORTUNITIES FUND LIMITED
MACF,MACFARLANE GROUP PLC
MADE,MADE.COM GROUP PLC
MTEC,MADE TECH GROUP PLC
11KQ,MADINET NASR FOR HOUSING & DEVELOPMENT S.A.E.
MNHD,MADINET NASR FOR HOUSING & DEVELOPMENT S.A.E.
MHID,MAHINDRA & MAHINDRA LIMITED
MAI,MAINTEL HOLDINGS PLC
MAJE,MAJEDIE INVESTMENTS PLC
MLVN,MALVERN INTERNATIONAL PLC
MNL,MANCHESTER & LONDON INVESTMENT TRUST PLC
MDO,MANDARIN ORIENTAL INTERNATIONAL LD
MDOB,MANDARIN ORIENTAL INTERNATIONAL LD
MDOJ,MANDARIN ORIENTAL INTERNATIONAL LD
05IS,MANDO MACHINERY CORPORATION
MNMD,MANDO MACHINERY CORPORATION
EMG,MAN GROUP PLC
MANO,MANOLETE PARTNERS PLC
MFX,MANX FINANCIAL GROUP PLC
MPLF,MARBLE POINT LOAN FINANCING LIMITED
MPLS,MARBLE POINT LOAN FINANCING LIMITED
MAC,MARECHALE CAPITAL PLC
GOLB,MARKET ACCESS
M9SV,MARKET ACCESS
RICI,MARKET ACCESS
MKS,MARKS AND SPENCER GROUP PLC
MRK,MARKS ELECTRICAL GROUP PLC
MRL,MARLOWE PLC
MSLH,MARSHALLS PLC
MHM,MARSH & MCLENNAN COS. INC
92IP,MARSTON'S PLC
MARS,MARSTON'S PLC
MNP,MARTIN CURRIE GLOBAL PORTFOLIO TRUST PLC
MAW,MARUWA CO. LTD
MAC3,MARWYN ACQUISITION COMPANY III LIMITED
MAC2,MARWYN ACQUISITION COMPANY II LIMITED
MACP,MARWYN ACQUISITION COMPANY PLC
MVI,MARWYN VALUE INVESTORS LIMITED
MVIR,MARWYN VALUE INVESTORS LIMITED
MVR2,MARWYN VALUE INVESTORS LIMITED
MAST,MAST ENERGY DEVELOPMENTS PLC
MTW,MATTIOLI WOODS PLC
MIG3,MAVEN INCOME AND GROWTH VCT 3 PLC
MIG5,MAVEN INCOME AND GROWTH VCT 5 PLC
MAV4,MAVEN INCOME & GROWTH VCT 4 PLC
MIG1,MAVEN INCOME & GROWTH VCT PLC
MXCT,MAXCYTE INC
MCB,MCBRIDE PLC
MCLS,MCCOLL'S RETAIL GROUP PLC
MCM,MC MINING LIMITED
SAA,M&C SAATCHI PLC
14NY,MD MEDICAL GROUP INVESTMENTS PLC
MDMG,MD MEDICAL GROUP INVESTMENTS PLC
MER,MEARS GROUP PLC
MDZ,MEDIAZEST PLC
MGP,MEDICA GROUP PLC
MDC,MEDICLINIC INTERNATIONAL PLC
MEGP,ME GROUP INTERNATIONAL PLC
MIK,MEIKLES LIMITED
MRO,MELROSE INDUSTRIES PLC
MHN,MENHADEN RESOURCE EFFICIENCY PLC
MRC,MERCANTILE INVESTMENT TRUST (THE) PLC
MPL,MERCANTILE PORTS & LOGISTICS LIMITED
72HN,MERCHANTS TRUST PLC
MRCH,MERCHANTS TRUST PLC
MERC,MERCIA ASSET MANAGEMENT PLC
MRIT,MERIT GROUP PLC
MNRG,METALNRG PLC
MTL,METALS EXPLORATION PLC
MTR,METAL TIGER PLC
MTRO,METRO BANK PLC
MXC,MGC PHARMACEUTICALS LIMITED
MGCI,M&G CREDIT INCOME INVESTMENT TRUST PLC
MNG,M&G PLC
71HT,MHP SE
MHPC,MHP SE
MBH,MICHELMERSH BRICK HOLDINGS PLC
MCRO,MICRO FOCUS INTERNATIONAL PLC
SAAS,MICROLISE GROUP PLC
MSYS,MICROSAIC SYSTEMS PLC
MTPH,MIDATECH PHARMA PLC
MCT,MIDDLEFIELD CANADIAN INCOME PCC
MIDW,MIDWICH GROUP PLC
MWY,MID-WYND INTERNATIONAL INVESTMENT TRUST PLC
MIGO,MIGO OPPORTUNITIES TRUST PLC
MILA,MILA RESOURCES PLC
MII,MILTON CAPITAL PLC
MCON,MINCON GROUP PLC
MIND,MIND GYM PLC
MAFL,MINERAL & FINANCIAL INVESTMENTS LIMITED
MYSE,MING YANG SMART ENERGY GROUP LIMITED
MMM,"MINING, MINERALS & METALS PLC"
MIN,MINOAN GROUP PLC
MIRA,MIRADA PLC
MIRI,MIRRIAD ADVERTISING PLC
MAB,MITCHELLS & BUTLERS PLC
MTO,MITIE GROUP PLC
MINI,MITON UK MICROCAP TRUST PLC
MEL,MITSUBISHI ELECTRIC CORPORATION
GLE,MJ GLEESON PLC
MJH,MJ HUDSON GROUP PLC
MKA,MKANGO RESOURCES LTD
MIG,MOBEUS INCOME & GROWTH 2 VCT PLC
MIG4,MOBEUS INCOME & GROWTH 4 VCT PLC
MIX,MOBEUS INCOME & GROWTH VCT PLC
MOS,MOBILE STREAMS PLC
MBT,MOBILE TORNADO GROUP PLC
MBO,MOBILITYONE LIMITED
MMIT,MOBIUS INVESTMENT TRUST PLC
MODE,MODE GLOBAL HOLDINGS PLC
MEN,MOLECULAR ENERGIES PLC
GROW,MOLTEN VENTURES PLC
MVCT,MOLTEN VENTURES VCT PLC
MAVT,MOMENTUM MULTI-ASSET VALUE TRUST PLC
MNDI,MONDI PLC
MONY,MONEYSUPERMARKET.COM GROUP PLC
MNKS,MONKS INVESTMENT TRUST PLC
MTE,MONTANARO EUROPEAN SMALLER C. TST PLC
MTU,MONTANARO UK SMALLER COMPANIES INVESTMENT TRUST PLC
MOON,MOONPIG GROUP PLC
TMOR,MORE ACQUISITIONS PLC
BA05,MORGAN ADVANCED MATERIALS PLC
BA29,MORGAN ADVANCED MATERIALS PLC
MGAM,MORGAN ADVANCED MATERIALS PLC
MGNS,MORGAN SINDALL GROUP PLC
MCL,MORSES CLUB PLC
MAB1,MORTGAGE ADVICE BUREAU (HOLDINGS) PLC
MSMN,MOSMAN OIL AND GAS LIMITED
MTC,MOTHERCARE PLC
MOTR,MOTORPOINT GROUP PLC
MTVW,MOUNTVIEW ESTATES PLC
MPAC,MPAC GROUP PLC
MPE,M.P. EVANS GROUP PLC
MSI,MS INTERNATIONAL PLC
MWE,MTI WIRELESS EDGE LTD.
MUL,MULBERRY GROUP PLC
CNAA,MULTI UNITS FRANCE
CNAL,MULTI UNITS FRANCE
CSHD,MULTI UNITS FRANCE
DSUS,MULTI UNITS FRANCE
INRL,MULTI UNITS FRANCE
INRU,MULTI UNITS FRANCE
JPNL,MULTI UNITS FRANCE
JPNU,MULTI UNITS FRANCE
LEMD,MULTI UNITS FRANCE
LEML,MULTI UNITS FRANCE
MEUG,MULTI UNITS FRANCE
MIBX,MULTI UNITS FRANCE
MSEU,MULTI UNITS FRANCE
MSEX,MULTI UNITS FRANCE
NRJC,MULTI UNITS FRANCE
NRJL,MULTI UNITS FRANCE
NRJU,MULTI UNITS FRANCE
RSGL,MULTI UNITS FRANCE
RUSG,MULTI UNITS FRANCE
USAL,MULTI UNITS FRANCE
USAU,MULTI UNITS FRANCE
WATC,MULTI UNITS FRANCE
WATL,MULTI UNITS FRANCE
WATU,MULTI UNITS FRANCE
WLDD,MULTI UNITS FRANCE
WLDL,MULTI UNITS FRANCE
WLDU,MULTI UNITS FRANCE
100D,MULTI UNITS LUXEMBOURG
100H,MULTI UNITS LUXEMBOURG
ACWL,MULTI UNITS LUXEMBOURG
ACWU,MULTI UNITS LUXEMBOURG
AEJ,MULTI UNITS LUXEMBOURG
AEJL,MULTI UNITS LUXEMBOURG
APEX,MULTI UNITS LUXEMBOURG
ASIC,MULTI UNITS LUXEMBOURG
ASIL,MULTI UNITS LUXEMBOURG
ASIU,MULTI UNITS LUXEMBOURG
BNKE,MULTI UNITS LUXEMBOURG
CECL,MULTI UNITS LUXEMBOURG
CLEM,MULTI UNITS LUXEMBOURG
CLEU,MULTI UNITS LUXEMBOURG
CLIM,MULTI UNITS LUXEMBOURG
CLMU,MULTI UNITS LUXEMBOURG
CLUS,MULTI UNITS LUXEMBOURG
CLWD,MULTI UNITS LUXEMBOURG
COUK,MULTI UNITS LUXEMBOURG
CRBL,MULTI UNITS LUXEMBOURG
CRBU,MULTI UNITS LUXEMBOURG
CRNL,MULTI UNITS LUXEMBOURG
CRNO,MULTI UNITS LUXEMBOURG
CRPX,MULTI UNITS LUXEMBOURG
DAXX,MULTI UNITS LUXEMBOURG
EABE,MULTI UNITS LUXEMBOURG
EABG,MULTI UNITS LUXEMBOURG
EART,MULTI UNITS LUXEMBOURG
EDIV,MULTI UNITS LUXEMBOURG
EMXC,MULTI UNITS LUXEMBOURG
EPAB,MULTI UNITS LUXEMBOURG
ESGL,MULTI UNITS LUXEMBOURG
FEDF,MULTI UNITS LUXEMBOURG
FEDG,MULTI UNITS LUXEMBOURG
FINW,MULTI UNITS LUXEMBOURG
GIL5,MULTI UNITS LUXEMBOURG
GILI,MULTI UNITS LUXEMBOURG
GILS,MULTI UNITS LUXEMBOURG
GISG,MULTI UNITS LUXEMBOURG
GIST,MULTI UNITS LUXEMBOURG
GOUD,MULTI UNITS LUXEMBOURG
GOVD,MULTI UNITS LUXEMBOURG
GPAB,MULTI UNITS LUXEMBOURG
HLTW,MULTI UNITS LUXEMBOURG
INDW,MULTI UNITS LUXEMBOURG
INFB,MULTI UNITS LUXEMBOURG
INFG,MULTI UNITS LUXEMBOURG
INFL,MULTI UNITS LUXEMBOURG
INFU,MULTI UNITS LUXEMBOURG
JAPB,MULTI UNITS LUXEMBOURG
KLMG,MULTI UNITS LUXEMBOURG
KRW,MULTI UNITS LUXEMBOURG
KRWL,MULTI UNITS LUXEMBOURG
L100,MULTI UNITS LUXEMBOURG
LAUU,MULTI UNITS LUXEMBOURG
LCAL,MULTI UNITS LUXEMBOURG
LCAS,MULTI UNITS LUXEMBOURG
LCCN,MULTI UNITS LUXEMBOURG
LCJD,MULTI UNITS LUXEMBOURG
LCJG,MULTI UNITS LUXEMBOURG
LCJP,MULTI UNITS LUXEMBOURG
LCUD,MULTI UNITS LUXEMBOURG
LCUK,MULTI UNITS LUXEMBOURG
LCUS,MULTI UNITS LUXEMBOURG
LCWD,MULTI UNITS LUXEMBOURG
LCWL,MULTI UNITS LUXEMBOURG
LESG,MULTI UNITS LUXEMBOURG
LESU,MULTI UNITS LUXEMBOURG
LESW,MULTI UNITS LUXEMBOURG
LSPU,MULTI UNITS LUXEMBOURG
LSPX,MULTI UNITS LUXEMBOURG
MESG,MULTI UNITS LUXEMBOURG
MFEX,MULTI UNITS LUXEMBOURG
MTIX,MULTI UNITS LUXEMBOURG
MTXX,MULTI UNITS LUXEMBOURG
NASD,MULTI UNITS LUXEMBOURG
NASL,MULTI UNITS LUXEMBOURG
NRGW,MULTI UNITS LUXEMBOURG
PABG,MULTI UNITS LUXEMBOURG
PABL,MULTI UNITS LUXEMBOURG
PABS,MULTI UNITS LUXEMBOURG
PABU,MULTI UNITS LUXEMBOURG
PAXG,MULTI UNITS LUXEMBOURG
PAXJ,MULTI UNITS LUXEMBOURG
PLAN,MULTI UNITS LUXEMBOURG
RIOL,MULTI UNITS LUXEMBOURG
RIOU,MULTI UNITS LUXEMBOURG
RPAB,MULTI UNITS LUXEMBOURG
RUSL,MULTI UNITS LUXEMBOURG
RUSU,MULTI UNITS LUXEMBOURG
SEMG,MULTI UNITS LUXEMBOURG
SEMU,MULTI UNITS LUXEMBOURG
SGQD,MULTI UNITS LUXEMBOURG
SGQL,MULTI UNITS LUXEMBOURG
SGQP,MULTI UNITS LUXEMBOURG
SGQX,MULTI UNITS LUXEMBOURG
SP5C,MULTI UNITS LUXEMBOURG
SP5G,MULTI UNITS LUXEMBOURG
SP5L,MULTI UNITS LUXEMBOURG
STPU,MULTI UNITS LUXEMBOURG
TIPA,MULTI UNITS LUXEMBOURG
TIPG,MULTI UNITS LUXEMBOURG
TIPH,MULTI UNITS LUXEMBOURG
TIPU,MULTI UNITS LUXEMBOURG
TNOW,MULTI UNITS LUXEMBOURG
TURL,MULTI UNITS LUXEMBOURG
TURU,MULTI UNITS LUXEMBOURG
U10C,MULTI UNITS LUXEMBOURG
U10G,MULTI UNITS LUXEMBOURG
U13G,MULTI UNITS LUXEMBOURG
U37G,MULTI UNITS LUXEMBOURG
U37H,MULTI UNITS LUXEMBOURG
U71G,MULTI UNITS LUXEMBOURG
U71H,MULTI UNITS LUXEMBOURG
UESG,MULTI UNITS LUXEMBOURG
UH10,MULTI UNITS LUXEMBOURG
UINU,MULTI UNITS LUXEMBOURG
US10,MULTI UNITS LUXEMBOURG
US13,MULTI UNITS LUXEMBOURG
US37,MULTI UNITS LUXEMBOURG
US71,MULTI UNITS LUXEMBOURG
UTIW,MULTI UNITS LUXEMBOURG
WESG,MULTI UNITS LUXEMBOURG
WGES,MULTI UNITS LUXEMBOURG
XCO2,MULTI UNITS LUXEMBOURG
XCOG,MULTI UNITS LUXEMBOURG
XCOU,MULTI UNITS LUXEMBOURG
MUT,MURRAY INCOME TRUST PLC
MYI,MURRAY INTERNATIONAL TRUST PLC
MMAG,MUSICMAGPIE PLC
MUST,MUSTANG ENERGY PLC
WINK,M WINKWORTH PLC
MIL,MYANMAR INVESTMENTS INTERNATIONAL LIMITED
MYX,MYCELX TECHNOLOGIES CORPORATION
MYXR,MYCELX TECHNOLOGIES CORPORATION
MHC,MYHEALTHCHECKED PLC
MYSL,MYSALE GROUP PLC
N4P,N4 PHARMA PLC
NAH,NAHL GROUP PLC
WINE,NAKED WINES PLC
NANO,NANOCO GROUP PLC
NNN,NANOSYNTH GROUP PLC
NARF,NARF INDUSTRIES PLC
NEX,NATIONAL EXPRESS GROUP PLC
NG.,NATIONAL GRID PLC
NWOR,NATIONAL WORLD PLC
NBS,NATIONWIDE BUILDING SOCIETY
NWG,NATWEST GROUP PLC
NBDD,NB DISTRESSED DEBT INVESTMENT FUND LIMITED
NBDG,NB DISTRESSED DEBT INVESTMENT FUND LIMITED
NBDX,NB DISTRESSED DEBT INVESTMENT FUND LIMITED
NBMI,NB GLOBAL MONTHLY INCOME FUND LIMITED
NBPE,NB PRIVATE EQUITY PARTNERS LIMITED
NBPS,NB PRIVATE EQUITY PARTNERS LIMITED
NBPU,NB PRIVATE EQUITY PARTNERS LIMITED
NCC,NCC GROUP PLC
NCCL,NCONDEZI ENERGY LIMITED
NMT,NEOMETALS LTD
NET,NETCALL PLC
NSCI,NETSCIENTIFIC PLC
NETW,NETWORK INTERNATIONAL HOLDINGS PLC
NZI,NET ZERO INFRASTRUCTURE PLC
NCA2,NEW CENTURY AIM VCT 2 PLC
NCA,NEW CENTURY AIM VCT PLC
NEOA,NEW ENERGY ONE ACQUISITION CORPORATION PLC
NWT,NEWMARK SECURITY PLC
NRR,NEWRIVER REIT PLC
NSI,NEW STAR INVESTMENT TRUST PLC
NESF,NEXTENERGY SOLAR FUND LIMITED
NFC,NEXT FIFTEEN COMMUNICATIONS GROUP PLC
NXT,NEXT PLC
NEXS,NEXUS INFRASTRUCTURE PLC
NICL,NICHOLS PLC
NGHT,NIGHTCAP PLC
N91,NINETY ONE PLC
NIOX,NIOX GROUP PLC
NAVF,NIPPON ACTIVE VALUE FUND PLC
NSF,NON-STANDARD FINANCE PLC
NXR,NORCROS PLC
NBB,NORMAN BROADBENT PLC
NAR,NORTHAMBER PLC
NAIT,NORTH AMERICAN INCOME TRUST (THE) PLC
NAS,NORTH ATLANTIC SMALLER COMPANIES INVESTMENT TRUST PLC
CODE,NORTHCODERS GROUP PLC
NTV,NORTHERN 2 VCT PLC
NTN,NORTHERN 3 VCT PLC
NTBR,NORTHERN BEAR PLC
NTEA,NORTHERN ELECTRIC PLC
NVT,NORTHERN VENTURE TRUST PLC
NTOG,NOSTRA TERRA OIL AND GAS COMPANY PLC
NOG,NOSTRUM OIL & GAS PLC
NCYT,NOVACYT S.A.
55VX,"NOVA LJUBLJANSKA BANKA D.D., LJUBLJANA"
NLB,"NOVA LJUBLJANSKA BANKA D.D., LJUBLJANA"
NLMA,NOVOLIPETSK STEEL
NLMK,NOVOLIPETSK STEEL
NFX,NUFORMIX PLC
NUM,NUMIS CORPORATION PLC
NWF,NWF GROUP PLC
OCI,OAKLEY CAPITAL INVESTMENTS LIMITED
OCDO,OCADO GROUP PLC
OCN,OCEAN WILSONS (HOLDINGS) LD
OSEC,OCTOPUS AIM VCT 2 PLC
OOA,OCTOPUS AIM VCT PLC
OAP3,OCTOPUS APOLLO VCT PLC
OFG,OCTOPUS FUTURE GENERATIONS VCT PLC
ORIT,OCTOPUS RENEWABLES INFRASTRUCTURE TRUST PLC
OTV2,OCTOPUS TITAN VCT PLC
OIT,ODYSSEAN INVESTMENT TRUST PLC
37OC,OIL AND GAS DEVELOPMENT COMPANY LIMITED
OGDC,OIL AND GAS DEVELOPMENT COMPANY LIMITED
61HD,O'KEY GROUP S.A.
OKEY,O'KEY GROUP S.A.
OKYO,OKYO PHARMA LIMITED
OMU,OLD MUTUAL LIMITED
ODX,OMEGA DIAGNOSTICS GROUP PLC
PETB,OMV PETROM S.A.
PETR,OMV PETROM S.A.
ONC,ONCIMMUNE HOLDINGS PLC
OBI,ONDINE BIOMEDICAL INC.
ONDO,ONDO INSURTECH PLC
OHG,ONE HERITAGE GROUP PLC
OMIP,ONE MEDIA IP GROUP PLC
OBC,ONLINE BLOCKCHAIN PLC
OTB,ON THE BEACH GROUP PLC
OTMP,ONTHEMARKET PLC
OPG,OPG POWER VENTURES PLC
OPTI,OPTIBIOTIX HEALTH PLC
ORCP,ORACLE POWER PLC
OIH,ORASCOM INVESTMENT HOLDING S.A.E
ORCA,ORCADIAN ENERGY PLC
ORCH,ORCHARD FUNDING GROUP PLC
ORNT,ORIENT TELECOMS PLC
OGN,ORIGIN ENTERPRISES PLC
ORR,ORIOLE RESOURCES PLC
ORM,ORMONDE MINING PLC
OMI,OROSUR MINING INC
OIG,ORYX INTERNATIONAL GROWTH FUND LTD
OSB,OSB GROUP PLC
OSI,OSIRIUM TECHNOLOGIES PLC
5HED,OSSIAM IRL ICAV
5HEP,OSSIAM IRL ICAV
LOUF,OSSIAM IRL ICAV
LUMV,OSSIAM IRL ICAV
OUFU,OSSIAM IRL ICAV
OWLP,OSSIAM IRL ICAV
OWLU,OSSIAM IRL ICAV
USMV,OSSIAM IRL ICAV
CAPE,OSSIAM LUX
CAPU,OSSIAM LUX
CRWU,OSSIAM LUX
EUMV,OSSIAM LUX
L6EW,OSSIAM LUX
LCPE,OSSIAM LUX
LCRW,OSSIAM LUX
LEMV,OSSIAM LUX
S6EW,OSSIAM LUX
UCAP,OSSIAM LUX
OTPD,OTP BANK PLC
OVB,OVOCA BIO PLC
OBD,OXFORD BIODYNAMICS PLC
OXB,OXFORD BIOMEDICA PLC
OCTP,OXFORD CANNABINOID TECHNOLOGIES HOLDINGS PLC
OXIG,OXFORD INSTRUMENTS PLC
OMG,OXFORD METRICS PLC
ONT,OXFORD NANOPORE TECHNOLOGIES PLC
OT1,OXFORD TECHNOLOGY 2 VENTURE CAPITAL TRUST PLC
OT3,OXFORD TECHNOLOGY 2 VENTURE CAPITAL TRUST PLC
OT4,OXFORD TECHNOLOGY 2 VENTURE CAPITAL TRUST PLC
OXH,OXFORD TECHNOLOGY 2 VENTURE CAPITAL TRUST PLC
PAC,PACIFIC ASSETS TRUST PLC
PHI,PACIFIC HORIZON INVESTMENT TRUST PLC
PAGE,PAGEGROUP PLC
PCA,PALACE CAPITAL PLC
PAF,PAN AFRICAN RESOURCES PLC
PINT,PANTHEON INFRASTRUCTURE PLC
PIN,PANTHEON INTERNATIONAL PLC
PANR,PANTHEON RESOURCES PLC
PAT,PANTHERA RESOURCES PLC
PALM,PANTHER METALS PLC
PNS,PANTHER SECURITIES PLC
NVTK,PAO NOVATEK
PAG,PARAGON BANKING GROUP PLC
PTY,PARITY GROUP PLC
PMG,PARKMEAD GROUP (THE) PLC
MEAL,PARSLEY BOX GROUP PLC
PFP,PATHFINDER MINERALS PLC
PAY,PAYPOINT PLC
PCF,PCF GROUP PLC
PGHZ,PCGH ZDP PLC
PCIP,PCI-PAL PLC
PSON,PEARSON PLC
PEB,PEBBLE BEACH SYSTEMS GROUP PLC
PEEL,PEEL HUNT LIMITED
PTRO,PELATRO PLC
PERE,PEMBRIDGE RESOURCES PLC
PEMB,PEMBROKE VCT PLC
PDG,PENDRAGON PLC
PEN,PENNANT INTERNATIONAL GROUP PLC
PNN,PENNON GROUP PLC
PPP,PENNPETRO ENERGY PLC
PRE,PENSANA PLC
PBEE,PENSIONBEE GROUP PLC
IL0A,PERMANENT TSB GROUP HOLDINGS PLC
PSH,PERSHING SQUARE HOLDINGS LTD
PSHD,PERSHING SQUARE HOLDINGS LTD
PSN,PERSIMMON PLC
PNL,PERSONAL ASSETS TRUST PLC
PGH,PERSONAL GROUP HOLDINGS PLC
PEG,PETARDS GROUP PLC
PHLL,PETERSHILL PARTNERS PLC
PDL,PETRA DIAMONDS LIMITED
PET,PETREL RESOURCES PLC
PFC,PETROFAC LIMITED
MATD,PETRO MATAD LIMITED
PTR,PETRONEFT RESOURCES PLC
PTAL,PETROTAL CORPORATION
PETS,PETS AT HOME GROUP PLC
PHAR,PHAROS ENERGY PLC
PXC,PHOENIX COPPER LIMITED
PHNX,PHOENIX GROUP HOLDINGS PLC
PSDL,PHOENIX SPREE DEUTSCHLAND LIMITED
PHSC,PHSC PLC
PYC,PHYSIOMICS PLC
PCTN,PICTON PROPERTY INCOME LD
EMLB,PIMCO ETFS PUBLIC LIMITED COMPANY
EMLI,PIMCO ETFS PUBLIC LIMITED COMPANY
EMLP,PIMCO ETFS PUBLIC LIMITED COMPANY
LDCU,PIMCO ETFS PUBLIC LIMITED COMPANY
MINT,PIMCO ETFS PUBLIC LIMITED COMPANY
MIST,PIMCO ETFS PUBLIC LIMITED COMPANY
QUID,PIMCO ETFS PUBLIC LIMITED COMPANY
SSHY,PIMCO ETFS PUBLIC LIMITED COMPANY
STEA,PIMCO ETFS PUBLIC LIMITED COMPANY
STHE,PIMCO ETFS PUBLIC LIMITED COMPANY
STHS,PIMCO ETFS PUBLIC LIMITED COMPANY
STHY,PIMCO ETFS PUBLIC LIMITED COMPANY
STYC,PIMCO ETFS PUBLIC LIMITED COMPANY
PNPL,PINEAPPLE POWER CORPORATION PLC
PIP,PIPEHAWK PLC
PIRI,PIRES INVESTMENTS PLC
PTD,PITTARDS PLC
MNOD,PJSC MMC NORILSK NICKEL
10NC,PJSC PHOSAGRO
PHOR,PJSC PHOSAGRO
ATAD,PJSC TATNEFT
PHC,PLANT HEALTH CARE PLC
PTEC,PLAYTECH PLC
PLAZ,PLAZA CENTERS N.V.
POS,PLEXUS HOLDINGS PLC
PLUS,PLUS500 LTD
PMGZ,PMGR SECURITIES 2025 PLC
PODP,POD POINT GROUP HOLDINGS PLC
PCFT,POLAR CAPITAL GLOBAL FINANCIALS TRUST PLC
PCGH,POLAR CAPITAL GLOBAL HEALTHCARE TRUST PLC
POLR,POLAR CAPITAL HOLDINGS PLC
PCT,POLAR CAPITAL TECHNOLOGY TRUST PLC
POLX,POLAREAN IMAGING PLC
POLN,POLLEN STREET PLC
POLY,POLYMETAL INTERNATIONAL PLC
POLB,POOLBEG PHARMA PLC
PMP,PORTMEIRION GROUP PLC
PRV,PORVAIR PLC
POSD,POWERCHIP TECHNOLOGY CORPORATION
POSE,POWERCHIP TECHNOLOGY CORPORATION
PHE,POWERHOUSE ENERGY GROUP PLC
POW,POWER METAL RESOURCES PLC
PPH,PPHE HOTEL GROUP LIMITED
PRD,PREDATOR OIL & GAS HOLDINGS PLC
PREM,PREMIER AFRICAN MINERALS LIMITED
PFD,PREMIER FOODS PLC
PMGR,PREMIER MITON GLOBAL RENEWABLES TRUST PLC
PMI,PREMIER MITON GROUP PLC
PRES,PRESSURE TECHNOLOGIES PLC
PHP,PRIMARY HEALTH PROPERTIES PLC
PRIM,PRIMORUS INVESTMENTS PLC
PEY,PRINCESS PRIVATE EQUITY HOLDING LIMITED
PEYS,PRINCESS PRIVATE EQUITY HOLDING LIMITED
PROC,PROCOOK GROUP PLC
PRND,PROMOS TECHNOLOGIES INC
TPFG,PROPERTY FRANCHISE GROUP PLC (THE)
PXEN,PROSPEX ENERGY PLC
PRM,PROTEOME SCIENCES PLC
PPS,PROTON MOTOR POWER SYSTEMS PLC
PGOO,PROVEN GROWTH & INCOME VCT PLC
PVN,PROVEN VCT PLC
PXS,PROVEXIS PLC
PFG,PROVIDENT FINANCIAL PLC
PRSR,PRS REIT (THE) PLC
PRU,PRUDENTIAL PLC
71FG,PUBLIC JOINT STOCK COMPANY NOVOROSSIYSK COMMERCIAL SEA PORT
NCSP,PUBLIC JOINT STOCK COMPANY NOVOROSSIYSK COMMERCIAL SEA PORT
PLZA,PUBLIC JOINT STOCK COMPANY POLYUS
PLZB,PUBLIC JOINT STOCK COMPANY POLYUS
PLZL,PUBLIC JOINT STOCK COMPANY POLYUS
RKMD,PUBLIC JOINT-STOCK COMPANY ROSTELECOM
PPHC,"PUBLIC POLICY HOLDING COMPANY, INC."
PUAL,PUMA ALPHA VCT PLC
PU13,PUMA VCT 13 PLC
PUR,PURE GOLD MINING INC.
PRTC,PURETECH HEALTH PLC
PURP,PURPLEBRICKS GROUP PLC
PYX,PYX RESOURCES LIMITED
PZC,PZ CUSSONS PLC
QQ.,QINETIQ GROUP PLC
QFI,QUADRISE FUELS INTERNATIONAL PLC
QBT,QUANTUM BLOCKCHAIN TECHNOLOGIES PLC
QTX,QUARTIX TECHNOLOGIES PLC
QRT,QUARTO GROUP INCORPORATED
QLT,QUILTER PLC
QXT,QUIXANT PLC
QUIZ,QUIZ PLC
RBW,RAINBOW RARE EARTHS LIMITED
RAI,RA INTERNATIONAL GROUP PLC
RMM,RAMBLER METALS & MINING PLC
RFX,RAMSDENS HOLDINGS PLC
RNK,RANK GROUP PLC
RAT,RATHBONES GROUP PLC
RBGP,RBG HOLDINGS PLC
RCGH,RC365 HOLDING PLC
RBD,REABOLD RESOURCES PLC
RCH,REACH PLC
REAT,REACT GROUP PLC
RE.,R.E.A. HOLDINGS PLC
RE.B,R.E.A. HOLDINGS PLC
RECI,REAL ESTATE CREDIT INVESTMENTS LIMITED
RLE,REAL ESTATE INVESTORS PLC
RGD,REAL GOOD FOOD PLC
RKT,RECKITT BENCKISER GROUP PLC
RC2,RECONSTRUCTION CAPITAL II LIMITED
REC,RECORD PLC
REDC,RED CAPITAL PLC
RCN,REDCENTRIC PLC
67GX,REDDE NORTHGATE PLC
REDD,REDDE NORTHGATE PLC
RRR,RED ROCK RESOURCES PLC
RDW,REDROW PLC
REDX,REDX PHARMA PLC
RGL,REGIONAL REIT LIMITED
REA,REI AGRO LTD
REAA,REI AGRO LTD
RIGD,RELIANCE INDUSTRIES LIMITED
RIFA,RELIANCE INFRASTRUCTURE LD
RIFS,RELIANCE INFRASTRUCTURE LD
REL,RELX PLC
RENX,RENALYTIX PLC
RENE,RENEURON GROUP PLC
RNWH,RENEW HOLDINGS PLC
RWI,RENEWI PLC
RSW,RENISHAW PLC
32ID,RENOLD PLC
RNO,RENOLD PLC
RTO,RENTOKIL INITIAL PLC
RESI,RESIDENTIAL SECURE INCOME PLC
RSG,RESOLUTE MINING LIMITED
RTN,RESTAURANT GROUP PLC
RST,RESTORE PLC
RBG,REVOLUTION BARS GROUP PLC
REVB,REVOLUTION BEAUTY GROUP PLC
RHIM,RHI MAGNESITA N.V.
RCDO,RICARDO PLC
RICO,RICOH CO LTD
RMV,RIGHTMOVE PLC
RIII,RIGHTS & ISSUES INVESTMENT TRUST PLC
RIO,RIO TINTO PLC
RCP,RIT CAPITAL PARTNERS PLC
RMMC,RIVER AND MERCANTILE UK MICRO CAP INVESTMENT COMPANY LIMITED
RGO,RIVERFORT GLOBAL OPPORTUNITIES PLC
RCOI,RIVERSTONE CREDIT OPPORTUNITIES INCOME PLC
RSE,RIVERSTONE ENERGY LIMITED
CYBP,RIZE UCITS ICAV
CYBR,RIZE UCITS ICAV
EMRJ,RIZE UCITS ICAV
EMRP,RIZE UCITS ICAV
FLWG,RIZE UCITS ICAV
FLWR,RIZE UCITS ICAV
FOGB,RIZE UCITS ICAV
FOOD,RIZE UCITS ICAV
LERN,RIZE UCITS ICAV
LIFE,RIZE UCITS ICAV
LRNG,RIZE UCITS ICAV
LVNG,RIZE UCITS ICAV
PAWZ,RIZE UCITS ICAV
PAYG,RIZE UCITS ICAV
PETZ,RIZE UCITS ICAV
PMNT,RIZE UCITS ICAV
RMII,RM INFRASTRUCTURE INCOME PLC
RM.,RM PLC
RWA,ROBERT WALTERS PLC
RBN,ROBINSON PLC
ROCK,ROCKFIRE RESOURCES PLC
RKH,ROCKHOPPER EXPLORATION PLC
ROC,ROCKPOOL ACQUISITIONS PLC
RKW,ROCKWOOD STRATEGIC PLC
RFG,ROEBUCK FOOD GROUP PUBLIC LIMITED COMPANY
RR.,ROLLS-ROYCE HOLDINGS PLC
ROQ,ROQUEFORT THERAPEUTICS PLC
62UL,ROS AGRO PLC
AGRO,ROS AGRO PLC
RGP,ROSS GROUP PLC
RDT,ROSSLYN DATA TECHNOLOGIES PLC
ROL,ROTALA PLC
76ID,ROTORK PLC
ROR,ROTORK PLC
RHM,ROUND HILL MUSIC ROYALTY FUND LIMITED
RHMP,ROUND HILL MUSIC ROYALTY FUND LIMITED
RPS,RPS GROUP PLC
RQIH,R&Q INSURANCE HOLDINGS LTD
RSAB,RSA INSURANCE GROUP LIMITED
RS1,RS GROUP PLC
RTC,RTC GROUP PLC
RTW,RTW VENTURE FUND LIMITED
RTWG,RTW VENTURE FUND LIMITED
RUA,RUA LIFE SCIENCES PLC
RICA,RUFFER INVESTMENT COMPANY LTD
RUR,RURELEC PLC
RWS,RWS HOLDINGS PLC
SFOR,S4 CAPITAL PLC
SNT,SABIEN TECHNOLOGY GROUP PLC
SBRE,SABRE INSURANCE GROUP PLC
SSTY,SAFESTAY PLC
SAFE,SAFESTORE HOLDINGS PLC
SFE,SAFESTYLE UK PLC
SAGA,SAGA PLC
SGE,SAGE GROUP PLC
SED,SAIETTA GROUP PLC
SBRY,SAINSBURY (J) PLC
BC94,SAMSUNG ELECTRONICS CO LTD (ATT)
SMSD,SAMSUNG ELECTRONICS CO LTD (ATT)
SMSN,SAMSUNG ELECTRONICS CO LTD (ATT)
LEND,SANCUS LENDING GROUP LIMITED
LENZ,SANCUS LENDING GROUP LIMITED
SDG,SANDERSON DESIGN GROUP PLC
SLE,SAN LEON ENERGY PLC
SANB,SANTANDER UK PLC
SAR,SAREUM HOLDINGS PLC
SAVE,SAVANNAH ENERGY PLC
SAV,SAVANNAH RESOURCES PLC
SVS,SAVILLS PLC
SCLP,SCANCELL HOLDINGS PLC
SCHO,SCHOLIUM GROUP PLC
ATR,SCHRODER ASIAN TOTAL RETURN INVESTMENT COMPANY PLC
SDP,SCHRODER ASIAPACIFIC FUND PLC
SBO,SCHRODER BRITISH OPPORTUNITIES TRUST PLC
SBSI,SCHRODER BSC SOCIAL IMPACT TRUST PLC
SERE,SCHRODER EUROPEAN REAL ESTATE INVESTMENT TRUST PLC
SCF,SCHRODER INCOME GROWTH FUND PLC
SJG,SCHRODER JAPAN GROWTH FUND PLC
SOI,SCHRODER ORIENTAL INCOME FUND LIMITED
SREI,SCHRODER REAL ESTATE INVESTMENT TRUST LIMITED
SDR,SCHRODERS PLC
SCP,SCHRODER UK MID CAP FUND PLC
SUPP,SCHRODER UK PUBLIC PRIVATE TRUST PLC
SAG,SCIENCE GROUP PLC
SIS,SCIENCE IN SPORT PLC
SCIR,SCIROCCO ENERGY PLC
SGZ,SCOTGOLD RESOURCES LIMITED
SAIN,SCOTTISH AMERICAN INVESTMENT CO. PLC
SMT,SCOTTISH MORTGAGE INVESTMENT TRUST PLC
SST,SCOTTISH ORIENTAL SMALLER COMPANIES TRUST PLC
SCS,SCS GROUP PLC
SEIT,SDCL ENERGY EFFICIENCY INCOME TRUST PLC
SDIC,"SDIC POWER HOLDINGS CO., LTD"
SDI,SDI GROUP PLC
SDVP,SDV 2025 ZDP PLC
SDX,SDX ENERGY PLC
SCGL,SEALAND CAPITAL GALAXY LIMITED
SSIF,SECURED INCOME FUND PLC
SPDI,SECURE PROPERTY DEVELOPMENT & INVESTMENT PLC
STB,SECURE TRUST BANK PLC
STS,SECURITIES TRUST OF SCOTLAND PLC
SEED,SEED INNOVATIONS LIMITED
SEEN,SEEEN PLC
SEE,SEEING MACHINES LIMITED
SGRO,SEGRO PLC
HYG,SENECA GROWTH CAPITAL VCT PLC
SVCT,SENECA GROWTH CAPITAL VCT PLC
SNR,SENIOR PLC
SEPL,SEPLAT ENERGY PLC
SEQI,SEQUOIA ECONOMIC INFRASTRUCTURE INCOME FUND LIMITED
SRB,SERABI GOLD PLC
SSIT,SERAPHIM SPACE INVESTMENT TRUST PLC
BUMP,SERAPHINE GROUP PLC
SRP,SERCO GROUP PLC
SQZ,SERICA ENERGY PLC
SENX,SERINUS ENERGY PLC
SFR,SEVERFIELD PLC
SVT,SEVERN TRENT PLC
SHB,SHAFTESBURY PLC
SHG,SHANTA GOLD LIMITED
SWG,SHEARWATER GROUP PLC
SEFA,SHEFA GEMS LTD
SHEL,SHELL PLC
SIGC,SHERBORNE INVESTORS (GUERNSEY) C LIMITED
STX,SHIELD THERAPEUTICS PLC
SHRS,SHIRES INCOME PLC
SHOE,SHOE ZONE PLC
SRC,SIGMAROC PLC
SHI,SIG PLC
SBDS,SILVER BULLET DATA SERVICES GROUP PLC
SAE,SIMEC ATLANTIS ENERGY LIMITED
SRE,SIRIUS REAL ESTATE LD
SSA,SISTEMA PJSFC
SSAA,SISTEMA PJSFC
SIV,SIVOTA PLC
SKL,SKILLCAST GROUP PLC
SBTX,SKINBIOTHERAPEUTICS PLC
SKMD,SK TELECOM CO LD
SLFR,SLF REALISATION FUND LIMITED
SLFX,SLF REALISATION FUND LIMITED
SLNG,SLINGSBY (H.C.) PLC
SMJ,SMART (J.) & CO. (CONTRACTORS) PLC
SMS,SMART METERING SYSTEMS PLC
SMRT,SMARTSPACE SOFTWARE PLC
SCRF,SME CREDIT REALISATION FUND LIMITED
SMDS,SMITH (DS) PLC
SN.,SMITH & NEPHEW PLC
SMIN,SMITHS GROUP PLC
SNWS,SMITHS NEWS PLC
SSON,SMITHSON INVESTMENT TRUST PLC
SMV,SMOOVE PLC
SKG,SMURFIT KAPPA GROUP PLC
51FL,SOCIETATEA ENERGETICA ELECTRICA SA
ELSA,SOCIETATEA ENERGETICA ELECTRICA SA
SNG1,"SOCIETATEA NATIONALA DE GAZE NATURALE ""ROMGAZ"" S.A."
SNGR,"SOCIETATEA NATIONALA DE GAZE NATURALE ""ROMGAZ"" S.A."
SCT,SOFTCAT PLC
SFTH,SOFTLINE HOLDING PLC
SFTL,SOFTLINE HOLDING PLC
SOLG,SOLGOLD PLC
SOLI,SOLID STATE PLC
SOM,SOMERO ENTERPRISE INC.
SND,SONDREL (HOLDINGS) PLC
SPE,SOPHEON PLC
SOS,SOSANDAR PLC
SOU,SOUND ENERGY PLC
SBI,SOURCEBIO INTERNATIONAL PLC
S32,SOUTH32 LIMITED
SOUC,SOUTHERN ENERGY CORP.
SVML,SOVEREIGN METALS LIMITED
SAL,SPACEANDPEOPLE PLC
SMD,"SPECTRAL MD HOLDINGS, LTD"
SPSC,SPECTRA SYSTEMS CORPORATION
SPSY,SPECTRA SYSTEMS CORPORATION
SXS,SPECTRIS PLC
SDY,SPEEDY HIRE PLC
SPX,SPIRAX-SARCO ENGINEERING PLC
SPI,SPIRE HEALTHCARE GROUP PLC
SPT,SPIRENT COMMUNICATIONS PLC
SPMU,SPIRITUS MUNDI PLC
SPO,SPORTECH PLC
SPR,SPRINGFIELD PROPERTIES PLC
SRT,SRT MARINE SYSTEMS PLC
SSE,SSE PLC
CDCE,SSGA SPDR ETFS EUROPE II PLC
CDIS,SSGA SPDR ETFS EUROPE II PLC
CSPE,SSGA SPDR ETFS EUROPE II PLC
CSTP,SSGA SPDR ETFS EUROPE II PLC
EMH5,SSGA SPDR ETFS EUROPE II PLC
ENGE,SSGA SPDR ETFS EUROPE II PLC
ENGW,SSGA SPDR ETFS EUROPE II PLC
ENGY,SSGA SPDR ETFS EUROPE II PLC
ERO,SSGA SPDR ETFS EUROPE II PLC
EVAL,SSGA SPDR ETFS EUROPE II PLC
FNCE,SSGA SPDR ETFS EUROPE II PLC
FNCL,SSGA SPDR ETFS EUROPE II PLC
FNCW,SSGA SPDR ETFS EUROPE II PLC
GCVB,SSGA SPDR ETFS EUROPE II PLC
GCVG,SSGA SPDR ETFS EUROPE II PLC
GIN,SSGA SPDR ETFS EUROPE II PLC
GLCB,SSGA SPDR ETFS EUROPE II PLC
GXLC,SSGA SPDR ETFS EUROPE II PLC
GXLE,SSGA SPDR ETFS EUROPE II PLC
GXLF,SSGA SPDR ETFS EUROPE II PLC
GXLK,SSGA SPDR ETFS EUROPE II PLC
GXLV,SSGA SPDR ETFS EUROPE II PLC
HEAE,SSGA SPDR ETFS EUROPE II PLC
HEAW,SSGA SPDR ETFS EUROPE II PLC
HLTH,SSGA SPDR ETFS EUROPE II PLC
ITEC,SSGA SPDR ETFS EUROPE II PLC
MAGI,SSGA SPDR ETFS EUROPE II PLC
MTRL,SSGA SPDR ETFS EUROPE II PLC
NDUS,SSGA SPDR ETFS EUROPE II PLC
R2SC,SSGA SPDR ETFS EUROPE II PLC
R2US,SSGA SPDR ETFS EUROPE II PLC
SAPA,SSGA SPDR ETFS EUROPE II PLC
SEMH,SSGA SPDR ETFS EUROPE II PLC
SEPA,SSGA SPDR ETFS EUROPE II PLC
SMPA,SSGA SPDR ETFS EUROPE II PLC
SPUD,SSGA SPDR ETFS EUROPE II PLC
SPUG,SSGA SPDR ETFS EUROPE II PLC
SUKC,SSGA SPDR ETFS EUROPE II PLC
SWPA,SSGA SPDR ETFS EUROPE II PLC
SXLB,SSGA SPDR ETFS EUROPE II PLC
SXLC,SSGA SPDR ETFS EUROPE II PLC
SXLE,SSGA SPDR ETFS EUROPE II PLC
SXLF,SSGA SPDR ETFS EUROPE II PLC
SXLI,SSGA SPDR ETFS EUROPE II PLC
SXLK,SSGA SPDR ETFS EUROPE II PLC
SXLP,SSGA SPDR ETFS EUROPE II PLC
SXLU,SSGA SPDR ETFS EUROPE II PLC
SXLV,SSGA SPDR ETFS EUROPE II PLC
SXLY,SSGA SPDR ETFS EUROPE II PLC
TECW,SSGA SPDR ETFS EUROPE II PLC
TELE,SSGA SPDR ETFS EUROPE II PLC
USSC,SSGA SPDR ETFS EUROPE II PLC
USVL,SSGA SPDR ETFS EUROPE II PLC
UTIL,SSGA SPDR ETFS EUROPE II PLC
UVAL,SSGA SPDR ETFS EUROPE II PLC
VALW,SSGA SPDR ETFS EUROPE II PLC
WCOD,SSGA SPDR ETFS EUROPE II PLC
WCOS,SSGA SPDR ETFS EUROPE II PLC
WDSC,SSGA SPDR ETFS EUROPE II PLC
WFIN,SSGA SPDR ETFS EUROPE II PLC
WHEA,SSGA SPDR ETFS EUROPE II PLC
WMAT,SSGA SPDR ETFS EUROPE II PLC
WNDU,SSGA SPDR ETFS EUROPE II PLC
WNRG,SSGA SPDR ETFS EUROPE II PLC
WOSC,SSGA SPDR ETFS EUROPE II PLC
WTEC,SSGA SPDR ETFS EUROPE II PLC
WTEL,SSGA SPDR ETFS EUROPE II PLC
WUTI,SSGA SPDR ETFS EUROPE II PLC
WVAL,SSGA SPDR ETFS EUROPE II PLC
ACWD,SSGA SPDR ETFS EUROPE I PLC
ACWI,SSGA SPDR ETFS EUROPE I PLC
ASDV,SSGA SPDR ETFS EUROPE I PLC
CHGT,SSGA SPDR ETFS EUROPE I PLC
CHNT,SSGA SPDR ETFS EUROPE I PLC
EDVD,SSGA SPDR ETFS EUROPE I PLC
EMAD,SSGA SPDR ETFS EUROPE I PLC
EMAS,SSGA SPDR ETFS EUROPE I PLC
EMDD,SSGA SPDR ETFS EUROPE I PLC
EMDL,SSGA SPDR ETFS EUROPE I PLC
EMDV,SSGA SPDR ETFS EUROPE I PLC
EMIL,SSGA SPDR ETFS EUROPE I PLC
EMRD,SSGA SPDR ETFS EUROPE I PLC
EMSD,SSGA SPDR ETFS EUROPE I PLC
EMSM,SSGA SPDR ETFS EUROPE I PLC
EU13,SSGA SPDR ETFS EUROPE I PLC
EUCO,SSGA SPDR ETFS EUROPE I PLC
EUDI,SSGA SPDR ETFS EUROPE I PLC
EUDV,SSGA SPDR ETFS EUROPE I PLC
FTAD,SSGA SPDR ETFS EUROPE I PLC
FTAL,SSGA SPDR ETFS EUROPE I PLC
GBDV,SSGA SPDR ETFS EUROPE I PLC
GBRE,SSGA SPDR ETFS EUROPE I PLC
GEDV,SSGA SPDR ETFS EUROPE I PLC
GLAB,SSGA SPDR ETFS EUROPE I PLC
GLAD,SSGA SPDR ETFS EUROPE I PLC
GLAG,SSGA SPDR ETFS EUROPE I PLC
GLAU,SSGA SPDR ETFS EUROPE I PLC
GLBL,SSGA SPDR ETFS EUROPE I PLC
GLDV,SSGA SPDR ETFS EUROPE I PLC
GLOW,SSGA SPDR ETFS EUROPE I PLC
GLRA,SSGA SPDR ETFS EUROPE I PLC
GLRE,SSGA SPDR ETFS EUROPE I PLC
GLTL,SSGA SPDR ETFS EUROPE I PLC
GLTS,SSGA SPDR ETFS EUROPE I PLC
GLTY,SSGA SPDR ETFS EUROPE I PLC
IMID,SSGA SPDR ETFS EUROPE I PLC
IUCB,SSGA SPDR ETFS EUROPE I PLC
JNKE,SSGA SPDR ETFS EUROPE I PLC
JNKS,SSGA SPDR ETFS EUROPE I PLC
JPEH,SSGA SPDR ETFS EUROPE I PLC
JPJP,SSGA SPDR ETFS EUROPE I PLC
LCRP,SSGA SPDR ETFS EUROPE I PLC
LOWV,SSGA SPDR ETFS EUROPE I PLC
LUSC,SSGA SPDR ETFS EUROPE I PLC
LUTR,SSGA SPDR ETFS EUROPE I PLC
PADV,SSGA SPDR ETFS EUROPE I PLC
SEUC,SSGA SPDR ETFS EUROPE I PLC
SJNK,SSGA SPDR ETFS EUROPE I PLC
SPX4,SSGA SPDR ETFS EUROPE I PLC
SPX5,SSGA SPDR ETFS EUROPE I PLC
SPY4,SSGA SPDR ETFS EUROPE I PLC
SPY5,SSGA SPDR ETFS EUROPE I PLC
SUSC,SSGA SPDR ETFS EUROPE I PLC
SUSD,SSGA SPDR ETFS EUROPE I PLC
SWLD,SSGA SPDR ETFS EUROPE I PLC
SWRD,SSGA SPDR ETFS EUROPE I PLC
TIPS,SSGA SPDR ETFS EUROPE I PLC
TRS3,SSGA SPDR ETFS EUROPE I PLC
TRS5,SSGA SPDR ETFS EUROPE I PLC
TRSX,SSGA SPDR ETFS EUROPE I PLC
TRSY,SSGA SPDR ETFS EUROPE I PLC
TSY3,SSGA SPDR ETFS EUROPE I PLC
UDVD,SSGA SPDR ETFS EUROPE I PLC
UEDV,SSGA SPDR ETFS EUROPE I PLC
UGDV,SSGA SPDR ETFS EUROPE I PLC
UKCO,SSGA SPDR ETFS EUROPE I PLC
UKDV,SSGA SPDR ETFS EUROPE I PLC
USAG,SSGA SPDR ETFS EUROPE I PLC
USCR,SSGA SPDR ETFS EUROPE I PLC
USDV,SSGA SPDR ETFS EUROPE I PLC
USLV,SSGA SPDR ETFS EUROPE I PLC
USTY,SSGA SPDR ETFS EUROPE I PLC
UTIP,SSGA SPDR ETFS EUROPE I PLC
SSPG,SSP GROUP PLC
STAF,STAFFLINE GROUP PLC
STAN,STANDARD CHARTERED PLC
OBOR,STARCREST EDUCATION LIMITED
STA,STAR PHOENIX GROUP LTD
SVE,STARVEST PLC
SWEF,STARWOOD EUROPEAN REAL ESTATE FINANCE LIMITED
SBIA,STATE BANK OF INDIA
SBID,STATE BANK OF INDIA
SAUA,STEEL AUTHORITY OF INDIA LD
SAUD,STEEL AUTHORITY OF INDIA LD
SRAD,STELRAD GROUP PLC
STCM,STEPPE CEMENT LTD
STEM,STHREE PLC
STJ,ST. JAMES'S PLACE PLC
STM,STM GROUP PLC
STHP,STRANGER HOLDINGS PLC
SEC,STRATEGIC EQUITY CAPITAL PLC
SML,STRATEGIC MINERALS PLC
STG,STRIP TINNING HOLDINGS PLC
KETL,STRIX GROUP PLC
STVG,STV GROUP PLC
SRES,SUNRISE RESOURCES PLC
SDRY,SUPERDRY PLC
SUPR,SUPERMARKET INCOME REIT PLC
46IE,S & U PLC
47IE,S & U PLC
SUS,S & U PLC
SYME,SUPPLY@ME CAPITAL PLC
SUP,SUPREME PLC
SUR,SURESERVE GROUP PLC
SURE,SURE VENTURES PLC
SCE,SURFACE TRANSFORMS PLC
SUN,SURGICAL INNOVATIONS GROUP PLC
SGGD,SURGUTNEFTEGAS PUBLIC JOINT STOCK COMPANY
SUH,SUTTON HARBOUR GROUP PLC
SVM,SVM UK EMERGING FUND PLC
SLP,SYLVANIA PLATINUM LIMITED
SYM,SYMPHONY ENVIRONMENTAL TECHNOLOGIES PLC
SIHL,SYMPHONY INTERNATIONAL HOLDINGS LD
SNG,SYNAIRGEN PLC
SYNC,SYNCONA LIMITED
SNX,SYNECTICS PLC
SYN,SYNERGIA ENERGY LTD
SYNT,SYNTHOMER PLC
SYS,SYSGROUP PLC
SYS1,SYSTEM1 GROUP PLC
TRAC,T42 IOT TRACKING SOLUTIONS PLC
TAGD,TABULA ICAV
TAGH,TABULA ICAV
TAHY,TABULA ICAV
TINF,TABULA ICAV
TING,TABULA ICAV
TND,TANDEM GROUP PLC
TAN,TANFIELD GROUP PLC
THRL,TARGET HEALTHCARE REIT PLC
TKO,TASEKO MINES LIMITED
TAST,TASTY PLC
TGBA,TATA CONSUMER PRODUCTS LIMITED
TGBL,TATA CONSUMER PRODUCTS LIMITED
TPCL,TATA POWER COMPANY LIMITED
TTST,TATA STEEL LIMITED
TATE,TATE & LYLE PLC
TAM,TATTON ASSET MANAGEMENT PLC
TAVI,TAVISTOCK INVESTMENTS PLC
TMI,TAYLOR MARITIME INVESTMENTS LIMITED
TMIP,TAYLOR MARITIME INVESTMENTS LIMITED
TW.,TAYLOR WIMPEY PLC
TBCG,TBC BANK GROUP PLC
CTO,TCLARKE PLC
TCS,TCS GROUP HOLDING PLC
TCSA,TCS GROUP HOLDING PLC
TM17,TEAM17 GROUP PLC
TEAM,TEAM PLC
TM1,TECHNOLOGY MINERALS PLC
TEK,TEKCAPITAL PLC
TGP,TEKMAR GROUP PLC
32QX,TELECOM EGYPT S.A.E.
TEEG,TELECOM EGYPT S.A.E.
TEP,TELECOM PLUS PLC
TMPL,TEMPLE BAR INVESTMENT TRUST PLC
TEM,TEMPLETON EMERGING MARKETS INVESTMENT TRUST PLC
TEG,TEN ENTERTAINMENT GROUP PLC
TENG,TEN LIFESTYLE GROUP PLC
TERN,TERN PLC
TYM,TERTIARY MINERALS PLC
TRA,TERTRE ROUGE ASSETS PLC
TSCO,TESCO PLC
TFG,TETRAGON FINANCIAL GROUP LIMITED
TFGS,TETRAGON FINANCIAL GROUP LIMITED
THAL,THALASSA HOLDINGS LIMITED
TV1,THAMES VENTURES VCT 1 PLC
D467,THAMES VENTURES VCT 2 PLC
DO1D,THAMES VENTURES VCT 2 PLC
TV2A,THAMES VENTURES VCT 2 PLC
TV2H,THAMES VENTURES VCT 2 PLC
TV2V,THAMES VENTURES VCT 2 PLC
THS,THARISA PLC
ART,THE ARTISANAL SPIRITS COMPANY PLC
55BC,THE COMMERCIAL BANK OF QATAR (Q.S.C.)
CBQS,THE COMMERCIAL BANK OF QATAR (Q.S.C.)
ESCT,THE EUROPEAN SMALLER COMPANIES TRUST PLC
FUL,THE FULHAM SHORE PLC
GSCT,THE GLOBAL SMALLER COMPANIES TRUST PLC
GYM,THE GYM GROUP PLC
TMG,THE MISSION GROUP PLC
PEBB,THE PEBBLE GROUP PLC
TRIG,THE RENEWABLES INFRASTRUCTURE GROUP LIMITED
MNTC,THE SCHIEHALLION FUND LIMITED
MNTN,THE SCHIEHALLION FUND LIMITED
WRKS,THEWORKS.CO.UK PLC
THG,THG PLC
TSL,THINKSMART LIMITED
TPOS,THIRD POINT INVESTORS LIMITED
TPOU,THIRD POINT INVESTORS LIMITED
TLEI,THOMASLLOYD ENERGY IMPACT TRUST PLC
TLEP,THOMASLLOYD ENERGY IMPACT TRUST PLC
THX,THOR EXPLORATIONS LTD
THR,THOR MINING PLC
TFW,THORPE (F.W.) PLC
THRU,THRUVISION GROUP PLC
TGA,THUNGELA RESOURCES LIMITED
TIA,TIALIS ESSENTIAL IT PLC
TIFS,TI FLUID SYSTEMS PLC
TIR,TIGER ROYALTIES AND INVESTMENTS PLC
TIME,TIME FINANCE PLC
TMO,TIME OUT GROUP PLC
TNT,TINTRA PLC
TBLD,TINYBUILD INC.
TGR,TIRUPATI GRAPHITE PLC
TRX,TISSUE REGENIX GROUP PLC
TON,TITON HOLDINGS PLC
TLOU,TLOU ENERGY LIMITED
TMTA,TMT ACQUISITION PLC
TMT,TMT INVESTMENTS PLC
TOM,TOMCO ENERGY PLC
TOOP,TOOPLE PLC
TPT,TOPPS TILES PLC
MEX,TORTILLA MEXICAN GRILL PLC
TTE,TOTALENERGIES SE
TLY,TOTALLY PLC
TST,TOUCHSTAR PLC
TXP,TOUCHSTONE EXPLORATION INC
TRP,TOWER RESOURCES PLC
TOWN,TOWN CENTRE SECURITIES PLC
TYT,TOYOTA MOTOR CORPORATION
TPG,TP GROUP PLC
TCAP,TP ICAP GROUP PLC
TPX,TPXIMPACT HOLDINGS PLC
TWD,TRACKWISE DESIGNS PLC
TRCS,TRACSIS PLC
TRAF,TRAFALGAR PROPERTY GROUP PLC
TRN,TRAINLINE PLC
TRAK,TRAKM8 HOLDINGS PLC
TRT,TRANSENSE TECHNOLOGIES PLC
TPK,TRAVIS PERKINS PLC
TET,TREATT PLC
TRLS,TRELLUS HEALTH PLC
TRMR,TREMOR INTERNATIONAL LTD
TRD,TRIAD GROUP PLC
TI1,TRIAN INVESTORS 1 LIMITED
TRB,TRIBAL GROUP PLC
TRR,TRIDENT ROYALTIES PLC
TRI,TRIFAST PLC
TRIN,TRINITY EXPLORATION & PRODUCTION PLC
TENT,TRIPLE POINT ENERGY TRANSITION PLC
TPVC,TRIPLE POINT INCOME VCT PLC
TPVD,TRIPLE POINT INCOME VCT PLC
TPVE,TRIPLE POINT INCOME VCT PLC
SOHO,TRIPLE POINT SOCIAL HOUSING REIT PLC
TPOA,TRIPLE POINT VCT 2011 PLC
TPOB,TRIPLE POINT VCT 2011 PLC
TPON,TRIPLE POINT VCT 2011 PLC
TSTL,TRISTEL PLC
BBOX,TRITAX BIG BOX REIT PLC
BOXE,TRITAX EUROBOX PLC
EBOX,TRITAX EUROBOX PLC
TIGT,TROY INCOME & GROWTH TRUST PLC
TRY,TR PROPERTY INVESTMENT TRUST PLC
TRU,TRUFIN PLC
TRST,TRUSTPILOT GROUP PLC
TTG,TT ELECTRONICS PLC
SHIP,TUFTON OCEANIC ASSETS LIMITED
SHPP,TUFTON OCEANIC ASSETS LIMITED
TUI,TUI AG
TLW,TULLOW OIL PLC
TUN,TUNGSTEN WEST PLC
98LM,TURKIYE IS BANKASI A.S.
TIBD,TURKIYE IS BANKASI A.S.
TFIF,TWENTYFOUR INCOME FUND LIMITED
SMIF,TWENTYFOUR SELECT MONTHLY INCOME FUND LIMITED
TYMN,TYMAN PLC
UOS,UAE OIL SERVICES PLC
5ESG,UBS (IRL) ETF PLC
AUAD,UBS (IRL) ETF PLC
AUGA,UBS (IRL) ETF PLC
AWSG,UBS (IRL) ETF PLC
AWSR,UBS (IRL) ETF PLC
GENE,UBS (IRL) ETF PLC
GENG,UBS (IRL) ETF PLC
PEX,UBS (IRL) ETF PLC
S5EE,UBS (IRL) ETF PLC
S5EG,UBS (IRL) ETF PLC
S5SD,UBS (IRL) ETF PLC
SRIU,UBS (IRL) ETF PLC
SRIW,UBS (IRL) ETF PLC
SRUG,UBS (IRL) ETF PLC
SRWG,UBS (IRL) ETF PLC
UB0A,UBS (IRL) ETF PLC
UC03,UBS (IRL) ETF PLC
UC04,UBS (IRL) ETF PLC
UC07,UBS (IRL) ETF PLC
UC13,UBS (IRL) ETF PLC
UC95,UBS (IRL) ETF PLC
UC96,UBS (IRL) ETF PLC
UC99,UBS (IRL) ETF PLC
UKSR,UBS (IRL) ETF PLC
UPVL,UBS (IRL) ETF PLC
UQLT,UBS (IRL) ETF PLC
USFM,UBS (IRL) ETF PLC
USPG,UBS (IRL) ETF PLC
WSCR,UBS (IRL) ETF PLC
BCCU,UBS (IRL) FUND SOLUTIONS PLC
CCUA,UBS (IRL) FUND SOLUTIONS PLC
CNUA,UBS (IRL) FUND SOLUTIONS PLC
CXAP,UBS (IRL) FUND SOLUTIONS PLC
CXAU,UBS (IRL) FUND SOLUTIONS PLC
UC14,UBS (IRL) FUND SOLUTIONS PLC
UC15,UBS (IRL) FUND SOLUTIONS PLC
UC48,UBS (IRL) FUND SOLUTIONS PLC
UC90,UBS (IRL) FUND SOLUTIONS PLC
UD06,UBS (IRL) FUND SOLUTIONS PLC
UD07,UBS (IRL) FUND SOLUTIONS PLC
UD08,UBS (IRL) FUND SOLUTIONS PLC
BSUS,UBS (LUX) FUND SOLUTIONS
CBS5,UBS (LUX) FUND SOLUTIONS
CBSE,UBS (LUX) FUND SOLUTIONS
CHTE,UBS (LUX) FUND SOLUTIONS
CNSG,UBS (LUX) FUND SOLUTIONS
EGOG,UBS (LUX) FUND SOLUTIONS
EGOV,UBS (LUX) FUND SOLUTIONS
EMIG,UBS (LUX) FUND SOLUTIONS
EMLO,UBS (LUX) FUND SOLUTIONS
EUFM,UBS (LUX) FUND SOLUTIONS
EUSR,UBS (LUX) FUND SOLUTIONS
GLCO,UBS (LUX) FUND SOLUTIONS
JPSR,UBS (LUX) FUND SOLUTIONS
JT13,UBS (LUX) FUND SOLUTIONS
MDBG,UBS (LUX) FUND SOLUTIONS
MDBU,UBS (LUX) FUND SOLUTIONS
SBEG,UBS (LUX) FUND SOLUTIONS
SBEM,UBS (LUX) FUND SOLUTIONS
SEMC,UBS (LUX) FUND SOLUTIONS
T10G,UBS (LUX) FUND SOLUTIONS
UB00,UBS (LUX) FUND SOLUTIONS
UB01,UBS (LUX) FUND SOLUTIONS
UB02,UBS (LUX) FUND SOLUTIONS
UB03,UBS (LUX) FUND SOLUTIONS
UB06,UBS (LUX) FUND SOLUTIONS
UB0D,UBS (LUX) FUND SOLUTIONS
UB0E,UBS (LUX) FUND SOLUTIONS
UB0F,UBS (LUX) FUND SOLUTIONS
UB12,UBS (LUX) FUND SOLUTIONS
UB17,UBS (LUX) FUND SOLUTIONS
UB20,UBS (LUX) FUND SOLUTIONS
UB23,UBS (LUX) FUND SOLUTIONS
UB30,UBS (LUX) FUND SOLUTIONS
UB32,UBS (LUX) FUND SOLUTIONS
UB39,UBS (LUX) FUND SOLUTIONS
UB45,UBS (LUX) FUND SOLUTIONS
UB69,UBS (LUX) FUND SOLUTIONS
UB74,UBS (LUX) FUND SOLUTIONS
UB82,UBS (LUX) FUND SOLUTIONS
UB99,UBS (LUX) FUND SOLUTIONS
UBIF,UBS (LUX) FUND SOLUTIONS
UBTL,UBS (LUX) FUND SOLUTIONS
UBTP,UBS (LUX) FUND SOLUTIONS
UBTS,UBS (LUX) FUND SOLUTIONS
UBXX,UBS (LUX) FUND SOLUTIONS
UC44,UBS (LUX) FUND SOLUTIONS
UC46,UBS (LUX) FUND SOLUTIONS
UC55,UBS (LUX) FUND SOLUTIONS
UC63,UBS (LUX) FUND SOLUTIONS
UC64,UBS (LUX) FUND SOLUTIONS
UC65,UBS (LUX) FUND SOLUTIONS
UC67,UBS (LUX) FUND SOLUTIONS
UC68,UBS (LUX) FUND SOLUTIONS
UC76,UBS (LUX) FUND SOLUTIONS
UC79,UBS (LUX) FUND SOLUTIONS
UC81,UBS (LUX) FUND SOLUTIONS
UC82,UBS (LUX) FUND SOLUTIONS
UC84,UBS (LUX) FUND SOLUTIONS
UC85,UBS (LUX) FUND SOLUTIONS
UC86,UBS (LUX) FUND SOLUTIONS
UC87,UBS (LUX) FUND SOLUTIONS
UC93,UBS (LUX) FUND SOLUTIONS
UC94,UBS (LUX) FUND SOLUTIONS
UC97,UBS (LUX) FUND SOLUTIONS
UC98,UBS (LUX) FUND SOLUTIONS
UD02,UBS (LUX) FUND SOLUTIONS
UD03,UBS (LUX) FUND SOLUTIONS
UD04,UBS (LUX) FUND SOLUTIONS
UTLG,UIL FINANCE LIMITED
UTLH,UIL FINANCE LIMITED
UTLI,UIL FINANCE LIMITED
UTL,UIL LIMITED
UKCM,UK COMMERCIAL PROPERTY REIT LIMITED
UKOG,UK OIL & GAS PLC
UKR,UKRPRODUCT GROUP LIMITED
UBG,UNBOUND GROUP PLC
UAV,UNICORN AIM VCT PLC
UMR,UNICORN MINERAL RESOURCES PLC
ULVR,UNILEVER PLC
UJO,UNION JACK OIL PLC
UPR,UNIPHAR PLC
USY,UNISYS CORPORATION
UBLA,UNITED BANK LIMITED
UBLS,UNITED BANK LIMITED
UOG,UNITED OIL & GAS PLC
UU.,UNITED UTILITIES GROUP PLC
UTG,UNITE GROUP PLC
UVEL,UNIVISION ENGINEERING LIMITED
UPGS,UP GLOBAL SOURCING HOLDINGS PLC
UPL,UPLAND RESOURCES LIMITED
UPLL,UPL LIMITED
URAH,URA HOLDINGS PLC
SHED,URBAN LOGISTICS REIT PLC
URU,URU METALS LIMITED
USF,US SOLAR FUND PLC
USFP,US SOLAR FUND PLC
UEM,UTILICO EMERGING MARKETS TRUST PLC
EGY,"VAALCO ENERGY, INC."
VAL,VALIRX PLC
VIP,VALUE AND INDEXED PROPERTY INCOME TRUST PLC
TAGB,VANECK ETFS N.V.
TCBT,VANECK ETFS N.V.
TCGB,VANECK ETFS N.V.
TDGB,VANECK ETFS N.V.
TDIV,VANECK ETFS N.V.
TEET,VANECK ETFS N.V.
TEGB,VANECK ETFS N.V.
TGBG,VANECK ETFS N.V.
TGBT,VANECK ETFS N.V.
TREG,VANECK ETFS N.V.
TRET,VANECK ETFS N.V.
TSGB,VANECK ETFS N.V.
TSWE,VANECK ETFS N.V.
VAAA,VANECK ETFS N.V.
CAVE,VANECK UCITS ETFS PLC
CEBG,VANECK UCITS ETFS PLC
CNEW,VANECK UCITS ETFS PLC
CURE,VANECK UCITS ETFS PLC
CURG,VANECK UCITS ETFS PLC
CVGB,VANECK UCITS ETFS PLC
DAGB,VANECK UCITS ETFS PLC
DAPP,VANECK UCITS ETFS PLC
EMGB,VANECK UCITS ETFS PLC
EMLC,VANECK UCITS ETFS PLC
ESGB,VANECK UCITS ETFS PLC
ESPO,VANECK UCITS ETFS PLC
GDGB,VANECK UCITS ETFS PLC
GDIG,VANECK UCITS ETFS PLC
GDX,VANECK UCITS ETFS PLC
GDXJ,VANECK UCITS ETFS PLC
GFA,VANECK UCITS ETFS PLC
GFGB,VANECK UCITS ETFS PLC
GIGB,VANECK UCITS ETFS PLC
GJGB,VANECK UCITS ETFS PLC
GOAT,VANECK UCITS ETFS PLC
GOGB,VANECK UCITS ETFS PLC
HDGB,VANECK UCITS ETFS PLC
HDRO,VANECK UCITS ETFS PLC
HYEM,VANECK UCITS ETFS PLC
HYGB,VANECK UCITS ETFS PLC
JEDG,VANECK UCITS ETFS PLC
JEDI,VANECK UCITS ETFS PLC
MOAT,VANECK UCITS ETFS PLC
MOGB,VANECK UCITS ETFS PLC
REGB,VANECK UCITS ETFS PLC
REMX,VANECK UCITS ETFS PLC
REUG,VANECK UCITS ETFS PLC
REUS,VANECK UCITS ETFS PLC
SMGB,VANECK UCITS ETFS PLC
SMH,VANECK UCITS ETFS PLC
VEGB,VANECK UCITS ETFS PLC
VEGI,VANECK UCITS ETFS PLC
VANL,VAN ELLE HOLDINGS PLC
V3AA,VANGUARD FUNDS PLC
V3AB,VANGUARD FUNDS PLC
V3AL,VANGUARD FUNDS PLC
V3AM,VANGUARD FUNDS PLC
V3EA,VANGUARD FUNDS PLC
V3EL,VANGUARD FUNDS PLC
V3GD,VANGUARD FUNDS PLC
V3GP,VANGUARD FUNDS PLC
V3GS,VANGUARD FUNDS PLC
V3GU,VANGUARD FUNDS PLC
V3MA,VANGUARD FUNDS PLC
V3MB,VANGUARD FUNDS PLC
V3ML,VANGUARD FUNDS PLC
V3MM,VANGUARD FUNDS PLC
V3NA,VANGUARD FUNDS PLC
V3NB,VANGUARD FUNDS PLC
V3NL,VANGUARD FUNDS PLC
V3NM,VANGUARD FUNDS PLC
V3PA,VANGUARD FUNDS PLC
V3PB,VANGUARD FUNDS PLC
V3PL,VANGUARD FUNDS PLC
V3PM,VANGUARD FUNDS PLC
V3RE,VANGUARD FUNDS PLC
V3RF,VANGUARD FUNDS PLC
V3RP,VANGUARD FUNDS PLC
V3SD,VANGUARD FUNDS PLC
V3SP,VANGUARD FUNDS PLC
V3SS,VANGUARD FUNDS PLC
V3SU,VANGUARD FUNDS PLC
VAGP,VANGUARD FUNDS PLC
VAGS,VANGUARD FUNDS PLC
VAGU,VANGUARD FUNDS PLC
VAPU,VANGUARD FUNDS PLC
VAPX,VANGUARD FUNDS PLC
VCPA,VANGUARD FUNDS PLC
VDCA,VANGUARD FUNDS PLC
VDCP,VANGUARD FUNDS PLC
VDEA,VANGUARD FUNDS PLC
VDEM,VANGUARD FUNDS PLC
VDET,VANGUARD FUNDS PLC
VDEV,VANGUARD FUNDS PLC
VDJP,VANGUARD FUNDS PLC
VDNR,VANGUARD FUNDS PLC
VDPA,VANGUARD FUNDS PLC
VDPG,VANGUARD FUNDS PLC
VDPX,VANGUARD FUNDS PLC
VDST,VANGUARD FUNDS PLC
VDTA,VANGUARD FUNDS PLC
VDTS,VANGUARD FUNDS PLC
VDTY,VANGUARD FUNDS PLC
VDUC,VANGUARD FUNDS PLC
VECA,VANGUARD FUNDS PLC
VECP,VANGUARD FUNDS PLC
VEMA,VANGUARD FUNDS PLC
VEMT,VANGUARD FUNDS PLC
VERE,VANGUARD FUNDS PLC
VERG,VANGUARD FUNDS PLC
VERX,VANGUARD FUNDS PLC
VETA,VANGUARD FUNDS PLC
VETY,VANGUARD FUNDS PLC
VEUA,VANGUARD FUNDS PLC
VEUD,VANGUARD FUNDS PLC
VEUR,VANGUARD FUNDS PLC
VEVE,VANGUARD FUNDS PLC
VFEA,VANGUARD FUNDS PLC
VFEG,VANGUARD FUNDS PLC
VFEM,VANGUARD FUNDS PLC
VGER,VANGUARD FUNDS PLC
VGOV,VANGUARD FUNDS PLC
VGPA,VANGUARD FUNDS PLC
VGVA,VANGUARD FUNDS PLC
VHVE,VANGUARD FUNDS PLC
VHVG,VANGUARD FUNDS PLC
VHYA,VANGUARD FUNDS PLC
VHYD,VANGUARD FUNDS PLC
VHYG,VANGUARD FUNDS PLC
VHYL,VANGUARD FUNDS PLC
VJPA,VANGUARD FUNDS PLC
VJPB,VANGUARD FUNDS PLC
VJPN,VANGUARD FUNDS PLC
VJPU,VANGUARD FUNDS PLC
VMID,VANGUARD FUNDS PLC
VMIG,VANGUARD FUNDS PLC
VNRA,VANGUARD FUNDS PLC
VNRG,VANGUARD FUNDS PLC
VNRT,VANGUARD FUNDS PLC
VSCA,VANGUARD FUNDS PLC
VUAA,VANGUARD FUNDS PLC
VUAG,VANGUARD FUNDS PLC
VUCP,VANGUARD FUNDS PLC
VUKE,VANGUARD FUNDS PLC
VUKG,VANGUARD FUNDS PLC
VUSA,VANGUARD FUNDS PLC
VUSC,VANGUARD FUNDS PLC
VUSD,VANGUARD FUNDS PLC
VUTA,VANGUARD FUNDS PLC
VUTY,VANGUARD FUNDS PLC
VWCG,VANGUARD FUNDS PLC
VWRA,VANGUARD FUNDS PLC
VWRD,VANGUARD FUNDS PLC
VWRL,VANGUARD FUNDS PLC
VWRP,VANGUARD FUNDS PLC
VARE,VARIOUS EATERIES PLC
VAST,VAST RESOURCES PLC
VCAP,VECTOR CAPITAL PLC
VELA,VELA TECHNOLOGIES PLC
VEL,VELOCITY COMPOSITES PLC
VLS,VELOCYS PLC
VLG,VENTURE LIFE GROUP PLC
VDTK,VERDITEK PLC
VRCI,VERICI DX PLC
VRS,VERSARIEN PLC
VTU,VERTU MOTORS PLC
VSVS,VESUVIUS PLC
GSEO,VH GLOBAL SUSTAINABLE ENERGY OPPORTUNITIES PLC
VNET,VIANET GROUP PLC
VIC,VICTORIAN PLUMBING GROUP PLC
VOG,VICTORIA OIL & GAS PLC
VCP,VICTORIA PLC
VCT,VICTREX PLC
VID,VIDENDUM PLC
VEIL,VIETNAM ENTERPRISE INVESTMENTS LIMITED
VNH,VIETNAM HOLDING LIMITED
VOF,VINACAPITAL VIETNAM OPPORTUNITY FUND LD
VMUK,VIRGIN MONEY UK PLC
VINO,VIRGIN WINES UK PLC
VTY,VISTRY GROUP PLC
61HE,VK COMPANY LIMITED
VKCO,VK COMPANY LIMITED
VOD,VODAFONE GROUP PLC
VLX,VOLEX PLC
VTA,VOLTA FINANCE LIMITED
VTAS,VOLTA FINANCE LIMITED
FAN,VOLUTION GROUP PLC
VLE,VOLVERE PLC
VOX,VOX VALOR CAPITAL LIMITED
VSL,VPC SPECIALTY LENDING INVESTMENTS PLC
VP.,VP PLC
WPS,W.A.G PAYMENT SOLUTIONS PLC
WCW,WALKER CRIPS GROUP PLC
61HG,WALSIN LIHWA CORPORATION
WALS,WALSIN LIHWA CORPORATION
WAND,WANDISCO PLC
WHR,WAREHOUSE REIT PLC
W7L,WARPAINT LONDON PLC
WOSG,WATCHES OF SWITZERLAND GROUP PLC
WATR,WATER INTELLIGENCE PLC
WJG,WATKIN JONES PLC
WEB,WEBIS HOLDINGS PLC
WEIR,WEIR GROUP PLC
WKOF,WEISS KOREA OPPORTUNITY FUND LTD.
WEN,WENTWORTH RESOURCES PLC
WSG,WESTMINSTER GROUP PLC
WTE,WESTMOUNT ENERGY LIMITED
JDW,WETHERSPOON ( J.D.) PLC
WPM,WHEATON PRECIOUS METALS CORP.
WHI,W.H. IRELAND GROUP PLC
WTB,WHITBREAD PLC
SMWH,WH SMITH PLC
WIX,WICKES GROUP PLC
WCAT,WILDCAT PETROLEUM PLC
WIL,WILMINGTON PLC
WIN,WINCANTON PLC
WPHO,WINDAR PHOTONICS PLC
WNWD,WINDWARD LTD
WML,"WISDOM MARINE LINES CO., LIMITED"
36ZP,WISDOMTREE COMMODITY SECURITIES LIMITED
BKCN,WISDOMTREE ISSUER ICAV
CARS,WISDOMTREE ISSUER ICAV
CCBO,WISDOMTREE ISSUER ICAV
CHRG,WISDOMTREE ISSUER ICAV
COCB,WISDOMTREE ISSUER ICAV
CODO,WISDOMTREE ISSUER ICAV
COGO,WISDOMTREE ISSUER ICAV
COMX,WISDOMTREE ISSUER ICAV
CYSE,WISDOMTREE ISSUER ICAV
DEM,WISDOMTREE ISSUER ICAV
DEMD,WISDOMTREE ISSUER ICAV
DEMR,WISDOMTREE ISSUER ICAV
DEMS,WISDOMTREE ISSUER ICAV
DFE,WISDOMTREE ISSUER ICAV
DFEA,WISDOMTREE ISSUER ICAV
DFEE,WISDOMTREE ISSUER ICAV
DFEP,WISDOMTREE ISSUER ICAV
DGRA,WISDOMTREE ISSUER ICAV
DGRG,WISDOMTREE ISSUER ICAV
DGRP,WISDOMTREE ISSUER ICAV
DGRW,WISDOMTREE ISSUER ICAV
DGSD,WISDOMTREE ISSUER ICAV
DGSE,WISDOMTREE ISSUER ICAV
DHS,WISDOMTREE ISSUER ICAV
DHSA,WISDOMTREE ISSUER ICAV
DHSD,WISDOMTREE ISSUER ICAV
DHSG,WISDOMTREE ISSUER ICAV
DHSP,WISDOMTREE ISSUER ICAV
DXJ,WISDOMTREE ISSUER ICAV
DXJA,WISDOMTREE ISSUER ICAV
DXJG,WISDOMTREE ISSUER ICAV
DXJP,WISDOMTREE ISSUER ICAV
DXJZ,WISDOMTREE ISSUER ICAV
EEI,WISDOMTREE ISSUER ICAV
EEIA,WISDOMTREE ISSUER ICAV
EEIE,WISDOMTREE ISSUER ICAV
EEIP,WISDOMTREE ISSUER ICAV
EGRA,WISDOMTREE ISSUER ICAV
EGRG,WISDOMTREE ISSUER ICAV
EGRP,WISDOMTREE ISSUER ICAV
EGRW,WISDOMTREE ISSUER ICAV
GGRA,WISDOMTREE ISSUER ICAV
GGRG,WISDOMTREE ISSUER ICAV
GGRP,WISDOMTREE ISSUER ICAV
GGRW,WISDOMTREE ISSUER ICAV
HEDF,WISDOMTREE ISSUER ICAV
HEDG,WISDOMTREE ISSUER ICAV
HEDJ,WISDOMTREE ISSUER ICAV
HEDK,WISDOMTREE ISSUER ICAV
HEDP,WISDOMTREE ISSUER ICAV
HEDS,WISDOMTREE ISSUER ICAV
INTL,WISDOMTREE ISSUER ICAV
KLWD,WISDOMTREE ISSUER ICAV
PCOM,WISDOMTREE ISSUER ICAV
RECY,WISDOMTREE ISSUER ICAV
TFRN,WISDOMTREE ISSUER ICAV
USFR,WISDOMTREE ISSUER ICAV
VOLT,WISDOMTREE ISSUER ICAV
WBIO,WISDOMTREE ISSUER ICAV
WBLK,WISDOMTREE ISSUER ICAV
WCAR,WISDOMTREE ISSUER ICAV
WCBR,WISDOMTREE ISSUER ICAV
WCLD,WISDOMTREE ISSUER ICAV
WCOA,WISDOMTREE ISSUER ICAV
WCOB,WISDOMTREE ISSUER ICAV
WCOG,WISDOMTREE ISSUER ICAV
WCOM,WISDOMTREE ISSUER ICAV
WDNA,WISDOMTREE ISSUER ICAV
WNER,WISDOMTREE ISSUER ICAV
WNEW,WISDOMTREE ISSUER ICAV
WRCY,WISDOMTREE ISSUER ICAV
WTAI,WISDOMTREE ISSUER ICAV
WTNR,WISDOMTREE ISSUER ICAV
WTRE,WISDOMTREE ISSUER ICAV
WUKD,WISDOMTREE ISSUER ICAV
WXAG,WISDOMTREE ISSUER ICAV
XSOE,WISDOMTREE ISSUER ICAV
XSOP,WISDOMTREE ISSUER ICAV
WISE,WISE PLC
WSBN,WISHBONE GOLD PLC
86IP,WITAN INVESTMENT TRUST PLC
87IP,WITAN INVESTMENT TRUST PLC
WTAN,WITAN INVESTMENT TRUST PLC
WIZZ,WIZZ AIR HOLDINGS PLC
WBI,WOODBOIS LIMITED
WG.,WOOD GROUP (JOHN) PLC
WDS,WOODSIDE ENERGY GROUP LTD
WKP,WORKSPACE GROUP PLC
WGP,WORLDLINK GROUP PLC
WSL,WORLDSEC LD
WWH,WORLDWIDE HEALTHCARE TRUST PLC
WINV,WORSLEY INVESTORS LIMITED
WRN,WORTHINGTON GROUP PLC
WPP,WPP PLC
WYN,WYNNSTAY GROUP PLC
WSP,WYNNSTAY PROPERTIES PLC
89VS,X5 RETAIL GROUP N.V
FIVE,X5 RETAIL GROUP N.V
XAR,XAAR PLC
XSG,XEROS TECHNOLOGY GROUP PLC
XLM,XLMEDIA PLC
XPD,XPEDIATOR PLC
XPF,XP FACTORY PLC
XPP,XP POWER LIMITED
XPS,XPS PENSIONS GROUP PLC
AH50,XTRACKERS
ASHR,XTRACKERS
RQFI,XTRACKERS
XASX,XTRACKERS
XAUS,XTRACKERS
XAXD,XTRACKERS
XAXJ,XTRACKERS
XBAK,XTRACKERS
XBCU,XTRACKERS
XCAD,XTRACKERS
XCHA,XTRACKERS
XCMC,XTRACKERS
XCNA,XTRACKERS
XCS3,XTRACKERS
XCS4,XTRACKERS
XCS5,XTRACKERS
XCS6,XTRACKERS
XCS7,XTRACKERS
XCTE,XTRACKERS
XCX3,XTRACKERS
XCX4,XTRACKERS
XCX5,XTRACKERS
XCX6,XTRACKERS
XD3E,XTRACKERS
XD5D,XTRACKERS
XD5E,XTRACKERS
XD5S,XTRACKERS
XDAX,XTRACKERS
XDBG,XTRACKERS
XDDX,XTRACKERS
XDER,XTRACKERS
XDJP,XTRACKERS
XDUK,XTRACKERS
XEOU,XTRACKERS
XESC,XTRACKERS
XESX,XTRACKERS
XEUM,XTRACKERS
XFVT,XTRACKERS
XGDD,XTRACKERS
XGID,XTRACKERS
XGSD,XTRACKERS
XIDD,XTRACKERS
XKS2,XTRACKERS
XKSD,XTRACKERS
XLDX,XTRACKERS
XLPE,XTRACKERS
XMAD,XTRACKERS
XMAF,XTRACKERS
XMAS,XTRACKERS
XMBD,XTRACKERS
XMBR,XTRACKERS
XMCX,XTRACKERS
XMED,XTRACKERS
XMEM,XTRACKERS
XMES,XTRACKERS
XMEU,XTRACKERS
XMEX,XTRACKERS
XMID,XTRACKERS
XMJD,XTRACKERS
XMJP,XTRACKERS
XMLA,XTRACKERS
XMLD,XTRACKERS
XMMD,XTRACKERS
XMRC,XTRACKERS
XMRD,XTRACKERS
XMTD,XTRACKERS
XMTW,XTRACKERS
XMUD,XTRACKERS
XMUJ,XTRACKERS
XMUS,XTRACKERS
XMWD,XTRACKERS
XMXD,XTRACKERS
XNID,XTRACKERS
XNIF,XTRACKERS
XPHG,XTRACKERS
XPHI,XTRACKERS
XPXD,XTRACKERS
XPXJ,XTRACKERS
XS2D,XTRACKERS
XS3R,XTRACKERS
XS5G,XTRACKERS
XS6R,XTRACKERS
XS7R,XTRACKERS
XS8R,XTRACKERS
XSD2,XTRACKERS
XSDR,XTRACKERS
XSDX,XTRACKERS
XSER,XTRACKERS
XSFD,XTRACKERS
XSFR,XTRACKERS
XSGI,XTRACKERS
XSKR,XTRACKERS
XSNR,XTRACKERS
XSPD,XTRACKERS
XSPR,XTRACKERS
XSPS,XTRACKERS
XSPU,XTRACKERS
XSPX,XTRACKERS
XSSX,XTRACKERS
XSX6,XTRACKERS
XSXD,XTRACKERS
XSXG,XTRACKERS
XT2D,XTRACKERS
XUKS,XTRACKERS
XUKX,XTRACKERS
XVTD,XTRACKERS
XWD1,XTRACKERS
XX25,XTRACKERS
XX2D,XTRACKERS
XXSC,XTRACKERS
XD9U,XTRACKERS (IE) PUBLIC LIMITED COMPANY
XDEB,XTRACKERS (IE) PUBLIC LIMITED COMPANY
XDEG,XTRACKERS (IE) PUBLIC LIMITED COMPANY
XDEM,XTRACKERS (IE) PUBLIC LIMITED COMPANY
XDEQ,XTRACKERS (IE) PUBLIC LIMITED COMPANY
XDEV,XTRACKERS (IE) PUBLIC LIMITED COMPANY
XDEW,XTRACKERS (IE) PUBLIC LIMITED COMPANY
XDEX,XTRACKERS (IE) PUBLIC LIMITED COMPANY
XDGU,XTRACKERS (IE) PUBLIC LIMITED COMPANY
XDN0,XTRACKERS (IE) PUBLIC LIMITED COMPANY
XDNG,XTRACKERS (IE) PUBLIC LIMITED COMPANY
XDNS,XTRACKERS (IE) PUBLIC LIMITED COMPANY
XDNU,XTRACKERS (IE) PUBLIC LIMITED COMPANY
XDNY,XTRACKERS (IE) PUBLIC LIMITED COMPANY
XDPG,XTRACKERS (IE) PUBLIC LIMITED COMPANY
XDPP,XTRACKERS (IE) PUBLIC LIMITED COMPANY
XDPU,XTRACKERS (IE) PUBLIC LIMITED COMPANY
XDUS,XTRACKERS (IE) PUBLIC LIMITED COMPANY
XDW0,XTRACKERS (IE) PUBLIC LIMITED COMPANY
XDWC,XTRACKERS (IE) PUBLIC LIMITED COMPANY
XDWD,XTRACKERS (IE) PUBLIC LIMITED COMPANY
XDWE,XTRACKERS (IE) PUBLIC LIMITED COMPANY
XDWF,XTRACKERS (IE) PUBLIC LIMITED COMPANY
XDWG,XTRACKERS (IE) PUBLIC LIMITED COMPANY
XDWH,XTRACKERS (IE) PUBLIC LIMITED COMPANY
XDWI,XTRACKERS (IE) PUBLIC LIMITED COMPANY
XDWL,XTRACKERS (IE) PUBLIC LIMITED COMPANY
XDWM,XTRACKERS (IE) PUBLIC LIMITED COMPANY
XDWS,XTRACKERS (IE) PUBLIC LIMITED COMPANY
XDWT,XTRACKERS (IE) PUBLIC LIMITED COMPANY
XDWU,XTRACKERS (IE) PUBLIC LIMITED COMPANY
XDWY,XTRACKERS (IE) PUBLIC LIMITED COMPANY
XEMD,XTRACKERS (IE) PUBLIC LIMITED COMPANY
XEPA,XTRACKERS (IE) PUBLIC LIMITED COMPANY
XEPG,XTRACKERS (IE) PUBLIC LIMITED COMPANY
XESE,XTRACKERS (IE) PUBLIC LIMITED COMPANY
XESJ,XTRACKERS (IE) PUBLIC LIMITED COMPANY
XESU,XTRACKERS (IE) PUBLIC LIMITED COMPANY
XESW,XTRACKERS (IE) PUBLIC LIMITED COMPANY
XEWG,XTRACKERS (IE) PUBLIC LIMITED COMPANY
XFNT,XTRACKERS (IE) PUBLIC LIMITED COMPANY
XFSN,XTRACKERS (IE) PUBLIC LIMITED COMPANY
XGBB,XTRACKERS (IE) PUBLIC LIMITED COMPANY
XGEN,XTRACKERS (IE) PUBLIC LIMITED COMPANY
XGES,XTRACKERS (IE) PUBLIC LIMITED COMPANY
XGLF,XTRACKERS (IE) PUBLIC LIMITED COMPANY
XIGB,XTRACKERS (IE) PUBLIC LIMITED COMPANY
XMAU,XTRACKERS (IE) PUBLIC LIMITED COMPANY
XMAW,XTRACKERS (IE) PUBLIC LIMITED COMPANY
XMME,XTRACKERS (IE) PUBLIC LIMITED COMPANY
XMMS,XTRACKERS (IE) PUBLIC LIMITED COMPANY
XMVU,XTRACKERS (IE) PUBLIC LIMITED COMPANY
XNAQ,XTRACKERS (IE) PUBLIC LIMITED COMPANY
XNAS,XTRACKERS (IE) PUBLIC LIMITED COMPANY
XNGI,XTRACKERS (IE) PUBLIC LIMITED COMPANY
XNGS,XTRACKERS (IE) PUBLIC LIMITED COMPANY
XNJG,XTRACKERS (IE) PUBLIC LIMITED COMPANY
XNJS,XTRACKERS (IE) PUBLIC LIMITED COMPANY
XNNS,XTRACKERS (IE) PUBLIC LIMITED COMPANY
XNNV,XTRACKERS (IE) PUBLIC LIMITED COMPANY
XNZE,XTRACKERS (IE) PUBLIC LIMITED COMPANY
XNZG,XTRACKERS (IE) PUBLIC LIMITED COMPANY
XNZS,XTRACKERS (IE) PUBLIC LIMITED COMPANY
XNZU,XTRACKERS (IE) PUBLIC LIMITED COMPANY
XNZW,XTRACKERS (IE) PUBLIC LIMITED COMPANY
XQUA,XTRACKERS (IE) PUBLIC LIMITED COMPANY
XRMU,XTRACKERS (IE) PUBLIC LIMITED COMPANY
XRSG,XTRACKERS (IE) PUBLIC LIMITED COMPANY
XRSS,XTRACKERS (IE) PUBLIC LIMITED COMPANY
XRSU,XTRACKERS (IE) PUBLIC LIMITED COMPANY
XSCD,XTRACKERS (IE) PUBLIC LIMITED COMPANY
XSCS,XTRACKERS (IE) PUBLIC LIMITED COMPANY
XSEN,XTRACKERS (IE) PUBLIC LIMITED COMPANY
XSFN,XTRACKERS (IE) PUBLIC LIMITED COMPANY
XSHC,XTRACKERS (IE) PUBLIC LIMITED COMPANY
XSTC,XTRACKERS (IE) PUBLIC LIMITED COMPANY
XT01,XTRACKERS (IE) PUBLIC LIMITED COMPANY
XT0D,XTRACKERS (IE) PUBLIC LIMITED COMPANY
XUCD,XTRACKERS (IE) PUBLIC LIMITED COMPANY
XUCM,XTRACKERS (IE) PUBLIC LIMITED COMPANY
XUCS,XTRACKERS (IE) PUBLIC LIMITED COMPANY
XUEK,XTRACKERS (IE) PUBLIC LIMITED COMPANY
XUEN,XTRACKERS (IE) PUBLIC LIMITED COMPANY
XUFB,XTRACKERS (IE) PUBLIC LIMITED COMPANY
XUFN,XTRACKERS (IE) PUBLIC LIMITED COMPANY
XUHA,XTRACKERS (IE) PUBLIC LIMITED COMPANY
XUHC,XTRACKERS (IE) PUBLIC LIMITED COMPANY
XUHG,XTRACKERS (IE) PUBLIC LIMITED COMPANY
XUHY,XTRACKERS (IE) PUBLIC LIMITED COMPANY
XUIN,XTRACKERS (IE) PUBLIC LIMITED COMPANY
XUTC,XTRACKERS (IE) PUBLIC LIMITED COMPANY
XWFS,XTRACKERS (IE) PUBLIC LIMITED COMPANY
XWLD,XTRACKERS (IE) PUBLIC LIMITED COMPANY
XWTS,XTRACKERS (IE) PUBLIC LIMITED COMPANY
XYLD,XTRACKERS (IE) PUBLIC LIMITED COMPANY
XZBD,XTRACKERS (IE) PUBLIC LIMITED COMPANY
XZBU,XTRACKERS (IE) PUBLIC LIMITED COMPANY
XZEM,XTRACKERS (IE) PUBLIC LIMITED COMPANY
XZEU,XTRACKERS (IE) PUBLIC LIMITED COMPANY
XZEZ,XTRACKERS (IE) PUBLIC LIMITED COMPANY
XZHE,XTRACKERS (IE) PUBLIC LIMITED COMPANY
XZHS,XTRACKERS (IE) PUBLIC LIMITED COMPANY
XZHY,XTRACKERS (IE) PUBLIC LIMITED COMPANY
XZMD,XTRACKERS (IE) PUBLIC LIMITED COMPANY
XZMJ,XTRACKERS (IE) PUBLIC LIMITED COMPANY
XZMU,XTRACKERS (IE) PUBLIC LIMITED COMPANY
XZW0,XTRACKERS (IE) PUBLIC LIMITED COMPANY
CGB,XTRACKERS II
X71U,XTRACKERS II
X7GB,XTRACKERS II
XBAG,XTRACKERS II
XBGB,XTRACKERS II
XBGG,XTRACKERS II
XBLC,XTRACKERS II
XBUS,XTRACKERS II
XCS2,XTRACKERS II
XFFE,XTRACKERS II
XG7S,XTRACKERS II
XG7U,XTRACKERS II
XGGB,XTRACKERS II
XGIG,XTRACKERS II
XGIU,XTRACKERS II
XGLB,XTRACKERS II
XGLE,XTRACKERS II
XGLU,XTRACKERS II
XGSG,XTRACKERS II
XGSI,XTRACKERS II
XHYG,XTRACKERS II
XSTR,XTRACKERS II
XTIP,XTRACKERS II
XUEB,XTRACKERS II
XUEM,XTRACKERS II
XUS1,XTRACKERS II
XUST,XTRACKERS II
XUT3,XTRACKERS II
XUTD,XTRACKERS II
XZE5,XTRACKERS II
XZUD,XTRACKERS II
XZWG,XTRACKERS II
XZWS,XTRACKERS II
XTR,XTRACT RESOURCES PLC
AUY,YAMANA GOLD INC.
YCA,YELLOW CAKE PLC
YOU,YOUGOV PLC
YNGA,YOUNG & CO'S BREWERY PLC 
YNGN,YOUNG & CO'S BREWERY PLC 
YGEN,YOURGENE HEALTH PLC
YU.,YU GROUP PLC
ZAIM,ZAIM CREDIT SYSTEMS PLC
ZAMZ,ZAMAZ PLC
ZAM,ZAMBEEF PRODUCTS PLC
ZIOC,ZANAGA IRON ORE COMPANY LIMITED
ZCC,ZCCM INVESTMENTS HOLDINGS PLC
ZEG,ZEGONA COMMUNICATIONS PLC
ZENB,ZENITH BANK PLC 
ZEN,ZENITH ENERGY LTD.
ZED,ZENOVA GROUP PLC
ZPHR,ZEPHYR ENERGY PLC
ZHEH,ZHEJIANG EXPRESSWAY CO
ZIN,ZINC MEDIA GROUP PLC
ZNWD,ZINNWALD LITHIUM PLC
ZOO,ZOO DIGITAL GROUP PLC
ZTF,ZOTEFOAMS PLC
ZYT,ZYTRONIC PLC
,
,
